"Row.names","Date","EP.experimentator...Imaging.acquisition","Condition","ID.embryo","Cell.Segmentation","Threshold.nuclei.y","Threshold.membrane.y","Surface.Segmentation","Merged.cells.to.get.new.surface.information.from.cell.segmentation","Shortest.distance.between.ATM.group.to.TVC.group..from.edge.to.edge..µm","Comment.on.the.distance","Comment.on.the.embryo","Phenotype","Details","Quality.of.segmentation.based.on.labelling..good..correct..not.good.","Comments","Name","phenotype.label","migration.perturbed","division.perturbed","orientation.perturbed"
"ADF.Cofilin.slide1_image11.2019_08_29","2019_08_29","Margaux Failla","ADF/Cofilin","slide1_image11","yes",103,25.5,"-","yes","29.7","-","problem division","inhibited TVC division","the 2 TVCs didn't divide in the trunk","not good","-","ADF.Cofilin.slide1_image11.2019_08_29","division perturbed",FALSE,TRUE,FALSE
"ADF.Cofilin.slide1_image12_left.2019_08_29","2019_08_29","Margaux Failla","ADF/Cofilin","slide1_image12_left","yes",95.8,16.7,"-","yes","0","groups connected","problem migration and division","enhanced ATM migration / enhanced ATM division","one of the ATM migrated in the trunk but not completely because still attached to the other ATM; the ATM that migrated also divided","good","-","ADF.Cofilin.slide1_image12_left.2019_08_29","migration/division perturbed",TRUE,TRUE,FALSE
"ADF.Cofilin.slide1_image13.2019_08_29","2019_08_29","Margaux Failla","ADF/Cofilin","slide1_image13","yes",114,26.6,"-","yes","0","groups connected","problem migration and division","inhibited TVC migration / inhibited TVC division","the migration was not done completely because the TVCs are still attached to the ATM, and the 2 TVCs didn't divide in the trunk","good","-","ADF.Cofilin.slide1_image13.2019_08_29","migration/division perturbed",TRUE,TRUE,FALSE
"ADF.Cofilin.slide1_image14_right.2019_08_29","2019_08_29","Margaux Failla","ADF/Cofilin","slide1_image14_right","yes",91.3,29,"-","yes","22.8","-","problem migration and division","inhibited TVC migration / inhibited TVC division","one of the TVC didn't migrate and didn't divide in the tail","good","Ambiguous phenotype","ADF.Cofilin.slide1_image14_right.2019_08_29","migration/division perturbed",TRUE,TRUE,FALSE
"ADF.Cofilin.slide1_image18_left.2019_08_29","2019_08_29","Margaux Failla","ADF/Cofilin","slide1_image18_left","yes",82.8,13.4,"-","yes","36.9","-","problem migration and division","inhibited TVC migration / inhibited TVC division","one of the TVC didn't migrate; stayed in the tail and didn't divide","not good","-","ADF.Cofilin.slide1_image18_left.2019_08_29","migration/division perturbed",TRUE,TRUE,FALSE
"ADF.Cofilin.slide1_image2_left.2019_08_29","2019_08_29","Margaux Failla","ADF/Cofilin","slide1_image2_left","yes",95.7,29.7,"-","yes","37","-","problem migration and division","enhanced ATM migration / inhibited TVC division","one of the ATM migrated in the trunk with the TVCs; and one of the TVC didn't divide in the trunk","correct","-","ADF.Cofilin.slide1_image2_left.2019_08_29","migration/division perturbed",TRUE,TRUE,FALSE
"ADF.Cofilin.slide1_image2_right.2019_08_29","2019_08_29","Margaux Failla","ADF/Cofilin","slide1_image2_right","yes",60.8,29.7,"-","yes","15.7","-","problem migration and division","enhanced ATM migration / enhanced ATM division","one of the ATM migrated and divided in the trunk with the TVCs","good","-","ADF.Cofilin.slide1_image2_right.2019_08_29","migration/division perturbed",TRUE,TRUE,FALSE
"ADF.Cofilin.slide1_image20_right.2019_08_29","2019_08_29","Margaux Failla","ADF/Cofilin","slide1_image20_right","yes",108,25.6,"-","yes","43.1","-","problem migration and division","enhanced ATM division / inhibited TVC migration","one of the ATM divided in the tail: and one of the TVC didn't migrate, stayed in the tail and divided","correct","-","ADF.Cofilin.slide1_image20_right.2019_08_29","migration/division perturbed",TRUE,TRUE,FALSE
"ADF.Cofilin.slide1_image21.2019_08_29","2019_08_29","Margaux Failla","ADF/Cofilin","slide1_image21","yes",104,26.8,"-","yes","34.4","-","problem migration and division","inhibited TVC migration / inhibited TVC division","one of the TVC didn't migrate, it stayed in the tail and didn't divide","good","-","ADF.Cofilin.slide1_image21.2019_08_29","migration/division perturbed",TRUE,TRUE,FALSE
"ADF.Cofilin.slide1_image23_left.2019_08_29","2019_08_29","Margaux Failla","ADF/Cofilin","slide1_image23_left","yes",89.9,42.3,"-","yes","32.8","-","problem division","inhibited TVC division","the 2 TVCs didn't divide in the trunk","good","-","ADF.Cofilin.slide1_image23_left.2019_08_29","division perturbed",FALSE,TRUE,FALSE
"ADF.Cofilin.slide1_image24.2019_08_29","2019_08_29","Margaux Failla","ADF/Cofilin","slide1_image24","yes",97.5,28.2,"-","yes","17.3","-","problem migration","enhanced ATM migration","one of the ATM migrated in the trunk with the TVCs","good","-","ADF.Cofilin.slide1_image24.2019_08_29","migration perturbed",TRUE,FALSE,FALSE
"ADF.Cofilin.slide1_image25_right.2019_08_29","2019_08_29","Margaux Failla","ADF/Cofilin","slide1_image25_right","yes",100,16.6,"-","yes","33.9","-","problem division","inhibited TVC division","one of the TVC didn't divide in the trunk","good","-","ADF.Cofilin.slide1_image25_right.2019_08_29","division perturbed",FALSE,TRUE,FALSE
"ADF.Cofilin.slide1_image26_left.2019_08_29","2019_08_29","Margaux Failla","ADF/Cofilin","slide1_image26_left","yes",110,21.3,"-","yes","23.7","-","problem migration and division","enhanced ATM migration / enhanced ATM division","one of the ATM migrated and divided with the TVCs in the trunk","correct","-","ADF.Cofilin.slide1_image26_left.2019_08_29","migration/division perturbed",TRUE,TRUE,FALSE
"ADF.Cofilin.slide1_image27.2019_08_29","2019_08_29","Margaux Failla","ADF/Cofilin","slide1_image27","yes",113,36.9,"-","yes","26.9","-","problem division","inhibited TVC division","one of the TVC didn't divide in the trunk","good","-","ADF.Cofilin.slide1_image27.2019_08_29","division perturbed",FALSE,TRUE,FALSE
"ADF.Cofilin.slide1_image28_left.2019_08_29","2019_08_29","Margaux Failla","ADF/Cofilin","slide1_image28_left","yes",90.8,20.2,"-","yes","31.6","-","problem division","inhibited TVC division","one of the TVC didn't divide in the trunk","not good","-","ADF.Cofilin.slide1_image28_left.2019_08_29","division perturbed",FALSE,TRUE,FALSE
"ADF.Cofilin.slide1_image29.2019_08_29","2019_08_29","Margaux Failla","ADF/Cofilin","slide1_image29","yes",94,25.7,"-","yes","27.1","-","problem migration and division","inhibited TVC migration / inhibited TVC division","one of the TVC didn't migrate, it stayed in the tail and didn't divide","correct","-","ADF.Cofilin.slide1_image29.2019_08_29","migration/division perturbed",TRUE,TRUE,FALSE
"ADF.Cofilin.slide1_image3.2019_08_29","2019_08_29","Margaux Failla","ADF/Cofilin","slide1_image3","yes",150,32.3,"-","yes","19.2","-","problem migration and division","enhanced ATM migration / inhibited TVC division","one of the ATM migrated a bit in the trunk; and one of the TVC didn't divide in the trunk","good","-","ADF.Cofilin.slide1_image3.2019_08_29","migration/division perturbed",TRUE,TRUE,FALSE
"ADF.Cofilin.slide1_image30.2019_08_29","2019_08_29","Margaux Failla","ADF/Cofilin","slide1_image30","yes",120,30,"-","yes","21.1","-","problem migration and division","inhibited TVC migration / inhibited TVC division","one of the TVC didn't migrate, it stayed in the tail and didn't divide; and the TVC that migrated didn't divide in the trunk","good","-","ADF.Cofilin.slide1_image30.2019_08_29","migration/division perturbed",TRUE,TRUE,FALSE
"ADF.Cofilin.slide1_image31.2019_08_29","2019_08_29","Margaux Failla","ADF/Cofilin","slide1_image31","yes",85.5,31.4,"-","yes","16.6","-","problem migration and division","enhanced ATM migration / enhanced ATM division","one of the ATM migrated and divided with the TVCs in the trunk","not good","-","ADF.Cofilin.slide1_image31.2019_08_29","migration/division perturbed",TRUE,TRUE,FALSE
"ADF.Cofilin.slide1_image32.2019_08_29","2019_08_29","Margaux Failla","ADF/Cofilin","slide1_image32","yes",100,39.3,"-","yes","4.06","-","problem migration and division","enhanced ATM migration / inhibited TVC division","one of the ATM migrated with the TVCs in the trunk but not completely so it is not attached to the TVCs neither to the other ATM; and the 2 TVCs didn't divide in the trunk","good","-","ADF.Cofilin.slide1_image32.2019_08_29","migration/division perturbed",TRUE,TRUE,FALSE
"ADF.Cofilin.slide1_image34.2019_08_29","2019_08_29","Margaux Failla","ADF/Cofilin","slide1_image34","yes",103,42.9,"-","yes","40.2","-","problem division","inhibited TVC division","one of the TVC didn't divide in the trunk","good","-","ADF.Cofilin.slide1_image34.2019_08_29","division perturbed",FALSE,TRUE,FALSE
"ADF.Cofilin.slide1_image35.2019_08_29","2019_08_29","Margaux Failla","ADF/Cofilin","slide1_image35","yes",125,28.6,"-","yes","28.8","-","problem division","inhibited TVC division","the 2 TVCs didn't divide in the trunk","correct","-","ADF.Cofilin.slide1_image35.2019_08_29","division perturbed",FALSE,TRUE,FALSE
"ADF.Cofilin.slide1_image36.2019_08_29","2019_08_29","Margaux Failla","ADF/Cofilin","slide1_image36","yes",98.9,29.5,"-","yes","39.1","-","problem migration and division","inhibited TVC migration / inhibited TVC division","one of the TVC didn't migrate and didn't divide in the tail; the other TVC that migrated didn't divide in the trunk","good","-","ADF.Cofilin.slide1_image36.2019_08_29","migration/division perturbed",TRUE,TRUE,FALSE
"ADF.Cofilin.slide1_image37.2019_08_29","2019_08_29","Margaux Failla","ADF/Cofilin","slide1_image37","yes",101,28.1,"-","yes","31","-","problem division","inhibited TVC division","the 2 TVCs didn't divide in the trunk","good","-","ADF.Cofilin.slide1_image37.2019_08_29","division perturbed",FALSE,TRUE,FALSE
"ADF.Cofilin.slide1_image38.2019_08_29","2019_08_29","Margaux Failla","ADF/Cofilin","slide1_image38","yes",103,23,"-","yes","0","groups connected","problem migration and disposition TVC","enhanced ATM migration / problem disposition TVC","one of the ATM migrated in the trunk with the TVC, but still connected to the other ATM in the tail; one TVC is separated from the other TVCs by the ATM","good","-","ADF.Cofilin.slide1_image38.2019_08_29","migration perturbed",TRUE,FALSE,FALSE
"ADF.Cofilin.slide1_image39_left.2019_08_29","2019_08_29","Margaux Failla","ADF/Cofilin","slide1_image39_left","yes",92.8,26.9,"-","yes","36.2","-","problem migration and division","enhanced ATM migration / inhibited TVC division","one of the ATM migrated with the TVCs in the trunk; and one of the TVC didn't divide in the trunk","correct","-","ADF.Cofilin.slide1_image39_left.2019_08_29","migration/division perturbed",TRUE,TRUE,FALSE
"ADF.Cofilin.slide1_image39_right.2019_08_29","2019_08_29","Margaux Failla","ADF/Cofilin","slide1_image39_right","yes",45.4,25.9,"-","yes","16","-","problem migration and division","enhanced ATM migration / enhanced ATM division","one of the ATM migrated and divided in the trunk with the TVCs","correct","-","ADF.Cofilin.slide1_image39_right.2019_08_29","migration/division perturbed",TRUE,TRUE,FALSE
"ADF.Cofilin.slide1_image4_left.2019_08_29","2019_08_29","Margaux Failla","ADF/Cofilin","slide1_image4_left","yes",117,30.2,"-","yes","-","no distance - only one group in the trunk","problem migration and division","enhanced ATM migration / inhibited TVC division","the 2 ATMs migrated in the trunk with the TVCs; and the 2 TVCs didn't divide","good","-","ADF.Cofilin.slide1_image4_left.2019_08_29","migration/division perturbed",TRUE,TRUE,FALSE
"ADF.Cofilin.slide1_image41.2019_08_29","2019_08_29","Margaux Failla","ADF/Cofilin","slide1_image41","yes",103,24.3,"-","yes","18.8","-","problem migration and division","enhanced ATM migration / inhibited TVC division","the 2 ATM migrated a bit in the trunk; one of the TVC didn't divide in the trunk","good","-","ADF.Cofilin.slide1_image41.2019_08_29","migration/division perturbed",TRUE,TRUE,FALSE
"ADF.Cofilin.slide1_image44.2019_08_29","2019_08_29","Margaux Failla","ADF/Cofilin","slide1_image44","yes",95.7,30.1,"-","yes","6.94","-","problem migration and division","enhanced ATM migration / inhibited TVC division","the ATMs migrated a bit in the trunk; one of the TVC didn't divide","correct","-","ADF.Cofilin.slide1_image44.2019_08_29","migration/division perturbed",TRUE,TRUE,FALSE
"ADF.Cofilin.slide1_image45_left.2019_08_29","2019_08_29","Margaux Failla","ADF/Cofilin","slide1_image45_left","yes",118,25.8,"-","yes","-","no distance - only one group in the trunk","problem migration and division","enhanced ATM migration / inhibited TVC division","the 2 ATMs migrated with the TVCs in the trunk; the 2 TVCs didn't divide in the trunk","good","-","ADF.Cofilin.slide1_image45_left.2019_08_29","migration/division perturbed",TRUE,TRUE,FALSE
"ADF.Cofilin.slide1_image47.2019_08_29","2019_08_29","Margaux Failla","ADF/Cofilin","slide1_image47","yes",95.1,28.5,"-","yes","2.34","-","problem migration and division","enhanced ATM migration / enhanced ATM division","the 2 ATMs migrated a bit in the trunk and one of the ATM divided","correct","-","ADF.Cofilin.slide1_image47.2019_08_29","migration/division perturbed",TRUE,TRUE,FALSE
"ADF.Cofilin.slide1_image48.2019_08_29","2019_08_29","Margaux Failla","ADF/Cofilin","slide1_image48","yes",87,25.7,"-","yes","22.2","-","problem division","inhibited TVC division","the 2 TVCs didn't divide in the trunk","good","-","ADF.Cofilin.slide1_image48.2019_08_29","division perturbed",FALSE,TRUE,FALSE
"ADF.Cofilin.slide1_image5_right.2019_08_29","2019_08_29","Margaux Failla","ADF/Cofilin","slide1_image5_right","yes",110,34.4,"-","yes","7.23","-","problem migration and division","enhanced ATM migration / inhibited TVC division","one of the ATM migrated a bit in the trunk; and one of the TVC didn't divide in the trunk","good","-","ADF.Cofilin.slide1_image5_right.2019_08_29","migration/division perturbed",TRUE,TRUE,FALSE
"ADF.Cofilin.slide1_image50.2019_08_29","2019_08_29","Margaux Failla","ADF/Cofilin","slide1_image50","yes",108,27,"-","yes","0","groups connected","problem migration and division","inhibited TVC migration / inhibited TVC division","the TVCs didn't migrate completely, they are still attached to the ATMs, and the 2 TVCs didn't divide","good","-","ADF.Cofilin.slide1_image50.2019_08_29","migration/division perturbed",TRUE,TRUE,FALSE
"ADF.Cofilin.slide1_image51.2019_08_29","2019_08_29","Margaux Failla","ADF/Cofilin","slide1_image51","yes",116,26.4,"-","yes","29.4","-","problem division","inhibited TVC division","the 2 TVCs didn't divide in the trunk","good","-","ADF.Cofilin.slide1_image51.2019_08_29","division perturbed",FALSE,TRUE,FALSE
"ADF.Cofilin.slide1_image52_left.2019_08_29","2019_08_29","Margaux Failla","ADF/Cofilin","slide1_image52_left","yes",113,25,"-","yes","25.8","-","problem division","inhibited TVC division","the 2 TVCs didn't divide in the trunk","good","-","ADF.Cofilin.slide1_image52_left.2019_08_29","division perturbed",FALSE,TRUE,FALSE
"ADF.Cofilin.slide1_image52_right.2019_08_29","2019_08_29","Margaux Failla","ADF/Cofilin","slide1_image52_right","yes",113,19.7,"-","yes","24.1","-","problem division","inhibited TVC division","the 2 TVCs didn't divide in the trunk","good","-","ADF.Cofilin.slide1_image52_right.2019_08_29","division perturbed",FALSE,TRUE,FALSE
"ADF.Cofilin.slide1_image53_right.2019_08_29","2019_08_29","Margaux Failla","ADF/Cofilin","slide1_image53_right","yes",100,15.5,"-","yes","0","groups connected","problem migration and division","enhanced ATM migration / enhanced ATM division","one of the ATM migrated and divided in the trunk with the TVCs, but it is still attached to the other ATM too","good","-","ADF.Cofilin.slide1_image53_right.2019_08_29","migration/division perturbed",TRUE,TRUE,FALSE
"ADF.Cofilin.slide1_image9.2019_08_29","2019_08_29","Margaux Failla","ADF/Cofilin","slide1_image9","yes",92.9,27.4,"-","yes","22.4","-","problem division","inhibited TVC division","the  2 TVCs didn't divide in the trunk","good","-","ADF.Cofilin.slide1_image9.2019_08_29","division perturbed",FALSE,TRUE,FALSE
"ADF.Cofilin.slide2_image1_left.2019_08_29","2019_08_29","Margaux Failla","ADF/Cofilin","slide2_image1_left","yes",100,33.8,"-","yes","18","-","problem migration and division","enhanced ATM migration / enhanced ATM division","one of the ATM migrated and divided with the TVCs in the trunk","good","Ambiguous phenotype between left and right","ADF.Cofilin.slide2_image1_left.2019_08_29","migration/division perturbed",TRUE,TRUE,FALSE
"ADF.Cofilin.slide2_image1_right.2019_08_29","2019_08_29","Margaux Failla","ADF/Cofilin","slide2_image1_right","yes",115,33.8,"-","yes","28","-","problem migration and division","enhanced ATM migration / inhibited TVC division","one of the ATM migrated with the TVCs in the trunk; and the 2 TVCs didn't divide in the trunk","good","Ambiguous phenotype between left and right","ADF.Cofilin.slide2_image1_right.2019_08_29","migration/division perturbed",TRUE,TRUE,FALSE
"ADF.Cofilin.slide2_image10.2019_08_29","2019_08_29","Margaux Failla","ADF/Cofilin","slide2_image10","yes",105,43.4,"-","yes","37.3","-","problem division","inhibited TVC division","the 2 TVCs didn't divide in the trunk","good","-","ADF.Cofilin.slide2_image10.2019_08_29","division perturbed",FALSE,TRUE,FALSE
"ADF.Cofilin.slide2_image11_left.2019_08_29","2019_08_29","Margaux Failla","ADF/Cofilin","slide2_image11_left","yes",79.5,22.6,"-","yes","35.2","-","problem orientation","TVC cell alignment","one of the TVC divided not in the medio-lateral orientation, so cells are aligned ","not good","-","ADF.Cofilin.slide2_image11_left.2019_08_29","orientation perturbed",FALSE,FALSE,TRUE
"ADF.Cofilin.slide2_image13_right.2019_08_29","2019_08_29","Margaux Failla","ADF/Cofilin","slide2_image13_right","yes",130,33.1,"-","yes","12.1","-","problem migration and division","enhanced ATM migration / enhanced ATM division","one of the ATM migrated and divided in the trunk with the TVCs","not good","-","ADF.Cofilin.slide2_image13_right.2019_08_29","migration/division perturbed",TRUE,TRUE,FALSE
"ADF.Cofilin.slide2_image15.2019_08_29","2019_08_29","Margaux Failla","ADF/Cofilin","slide2_image15","yes",90,22.4,"-","yes","10.3","-","problem migration and division","enhanced ATM division / inhibited TVC division","one of the ATM divided in the tail; and one of the TVC didn't divide in the trunk","good","-","ADF.Cofilin.slide2_image15.2019_08_29","migration/division perturbed",TRUE,TRUE,FALSE
"ADF.Cofilin.slide2_image16.2019_08_29","2019_08_29","Margaux Failla","ADF/Cofilin","slide2_image16","yes",115,23.5,"-","yes","31.6","-","problem division","inhibited TVC division","the 2 ATMs are separated; and one of the TVC didn't divide in the trunk","good","-","ADF.Cofilin.slide2_image16.2019_08_29","division perturbed",FALSE,TRUE,FALSE
"ADF.Cofilin.slide2_image17_left.2019_08_29","2019_08_29","Margaux Failla","ADF/Cofilin","slide2_image17_left","yes",48.9,20.9,"-","yes","7.15","-","problem migration and division","enhanced ATM migration / inhibited TVC division","the 2 ATMs migrated a bit in the trunk and the 2 TVCs didn't divide in the trunk","good","-","ADF.Cofilin.slide2_image17_left.2019_08_29","migration/division perturbed",TRUE,TRUE,FALSE
"ADF.Cofilin.slide2_image17_right.2019_08_29","2019_08_29","Margaux Failla","ADF/Cofilin","slide2_image17_right","yes",64.7,32.9,"-","yes","12.3","-","problem migration and division","enhanced ATM migration / inhibited TVC division","the 2 ATMs migrated a bit in the trunk and the 2 TVCs didn't divide in the trunk","good","-","ADF.Cofilin.slide2_image17_right.2019_08_29","migration/division perturbed",TRUE,TRUE,FALSE
"ADF.Cofilin.slide2_image18.2019_08_29","2019_08_29","Margaux Failla","ADF/Cofilin","slide2_image18","yes",120,39.2,"-","yes","19.8","-","problem division","inhibited TVC division","the 2 TVCs didn't divide in the trunk","good","-","ADF.Cofilin.slide2_image18.2019_08_29","division perturbed",FALSE,TRUE,FALSE
"ADF.Cofilin.slide2_image19.2019_08_29","2019_08_29","Margaux Failla","ADF/Cofilin","slide2_image19","yes",105,32.3,"-","yes","37.2","-","problem migration and division","enhanced ATM migration / enhanced ATM division","one of the ATM migrated and divided in the trunk","good","-","ADF.Cofilin.slide2_image19.2019_08_29","migration/division perturbed",TRUE,TRUE,FALSE
"ADF.Cofilin.slide2_image2_left.2019_08_29","2019_08_29","Margaux Failla","ADF/Cofilin","slide2_image2_left","yes",90,23.2,"-","yes","40.2","normally shorter distance","problem division (not seen with the segmentation obtained)","inhibited TVC division","one of the TVCs didn't divide in the trunk; and the other TVC divided but not completely, the 2 nuclei are in the same cell (but not seen with the segmentation)","not good","problem with segmentation: don't see the uncomplete division of the cell, with 2 nuclei inside the same cell","ADF.Cofilin.slide2_image2_left.2019_08_29","division perturbed",FALSE,TRUE,FALSE
"ADF.Cofilin.slide2_image2_right.2019_08_29","2019_08_29","Margaux Failla","ADF/Cofilin","slide2_image2_right","yes",90,23.2,"-","yes","32.4","-","problem division (not seen with the segmentation obtained)","inhibited TVC division","one of the TVC divided but not completely, the 2 nuclei are in the same cell (but not seen with the segmentation)","not good","problem with segmentation: don't see the uncomplete division of the cell, with 2 nuclei inside the same cell","ADF.Cofilin.slide2_image2_right.2019_08_29","division perturbed",FALSE,TRUE,FALSE
"ADF.Cofilin.slide2_image21.2019_08_29","2019_08_29","Margaux Failla","ADF/Cofilin","slide2_image21","yes",98.3,39.4,"-","yes","32.7","-","problem division","inhibited TVC division","the 2 TVCs didn't divide in the trunk","good","-","ADF.Cofilin.slide2_image21.2019_08_29","division perturbed",FALSE,TRUE,FALSE
"ADF.Cofilin.slide2_image22.2019_08_29","2019_08_29","Margaux Failla","ADF/Cofilin","slide2_image22","yes",106,28.6,"-","yes","27.1","-","problem division","inhibited TVC division","the 2 TVCs didn't divide in the trunk","good","-","ADF.Cofilin.slide2_image22.2019_08_29","division perturbed",FALSE,TRUE,FALSE
"ADF.Cofilin.slide2_image23_left.2019_08_29","2019_08_29","Margaux Failla","ADF/Cofilin","slide2_image23_left","yes",93,32.2,"-","yes","0","groups connected","problem migration and division","enhanced ATM migration / enhanced ATM division","one of the ATM migrated and divided in the trunk, the groups are connected","good","Ambiguous phenotype between left and right","ADF.Cofilin.slide2_image23_left.2019_08_29","migration/division perturbed",TRUE,TRUE,FALSE
"ADF.Cofilin.slide2_image23_right.2019_08_29","2019_08_29","Margaux Failla","ADF/Cofilin","slide2_image23_right","yes",93,32.2,"-","yes","30.6","-","problem division and orientation","inhibited TVC division / TVC cell alignment","the 2 TVCs didn't divide in the trunk and they are not oriented in the medio-lateral orientation","good","Ambiguous phenotype between left and right","ADF.Cofilin.slide2_image23_right.2019_08_29","division/orientation perturbed",FALSE,TRUE,TRUE
"ADF.Cofilin.slide2_image26_left.2019_08_29","2019_08_29","Margaux Failla","ADF/Cofilin","slide2_image26_left","yes",115,28.6,"-","yes","38.5","-","problem migration and division","enhanced ATM migration / inhibited TVC division","one of the ATM migrated in the trunk with the TVCs; the 2 TVCs didn't divide in the trunk","good","-","ADF.Cofilin.slide2_image26_left.2019_08_29","migration/division perturbed",TRUE,TRUE,FALSE
"ADF.Cofilin.slide2_image30.2019_08_29","2019_08_29","Margaux Failla","ADF/Cofilin","slide2_image30","yes",115,31.6,"-","yes","-","no distance - only one group in the trunk","problem migration and division","enhanced ATM migration / inhibited TVC division","the 2 ATMs migrated in the trunk with the TVCs; and one of the TVC didn't divide","good","-","ADF.Cofilin.slide2_image30.2019_08_29","migration/division perturbed",TRUE,TRUE,FALSE
"ADF.Cofilin.slide2_image32_right.2019_08_29","2019_08_29","Margaux Failla","ADF/Cofilin","slide2_image32_right","yes",104,53.8,"-","yes","11.7","-","problem migration","enhanced ATM migration","one of the ATM migrated with the TVCs in the trunk","correct","-","ADF.Cofilin.slide2_image32_right.2019_08_29","migration perturbed",TRUE,FALSE,FALSE
"ADF.Cofilin.slide2_image4_left.2019_08_29","2019_08_29","Margaux Failla","ADF/Cofilin","slide2_image4_left","yes",113,40.5,"-","yes","36.1","-","problem division","inhibited TVC division","the 2 TVCs didn't divide in the trunk","good","-","ADF.Cofilin.slide2_image4_left.2019_08_29","division perturbed",FALSE,TRUE,FALSE
"ADF.Cofilin.slide2_image5.2019_08_29","2019_08_29","Margaux Failla","ADF/Cofilin","slide2_image5","yes",95.7,39.5,"-","yes","-","no distance - only one group in the trunk","problem migration and division","enhanced ATM migration / inhibited TVC division","the 2 ATMs migrated with the TVCs in the trunk; the 2 TVCs didn't divide in the trunk","good","-","ADF.Cofilin.slide2_image5.2019_08_29","migration/division perturbed",TRUE,TRUE,FALSE
"ADF.Cofilin.slide2_image6.2019_08_29","2019_08_29","Margaux Failla","ADF/Cofilin","slide2_image6","yes",95.3,35.8,"-","yes","57.6","-","problem migration and division","inhibited TVC migration / inhibited TVC division","one of the TVC didn't migrate and didn't divide, it stayed in the tail with the ATMs","good","-","ADF.Cofilin.slide2_image6.2019_08_29","migration/division perturbed",TRUE,TRUE,FALSE
"ADF.Cofilin.slide2_image7.2019_08_29","2019_08_29","Margaux Failla","ADF/Cofilin","slide2_image7","yes",115,45.2,"-","yes","20.9","-","problem division","inhibited TVC division","the 2 TVCs didn't divide in the trunk","not good","-","ADF.Cofilin.slide2_image7.2019_08_29","division perturbed",FALSE,TRUE,FALSE
"ADF.Cofilin.slide2_image8.2019_08_29","2019_08_29","Margaux Failla","ADF/Cofilin","slide2_image8","yes",105,35,"-","yes","25.3","-","problem migration and division","enhanced ATM migration / inhibited TVC division","one of the ATM migrated with the TVCs in the trunk; the 2 TVCs divided but not completely, the nuclei are inside the same cell for both","not good","the segmentation doesn't show the uncomplete division with 2 nuclei inside both TVCs","ADF.Cofilin.slide2_image8.2019_08_29","migration/division perturbed",TRUE,TRUE,FALSE
"Arhgef8.image1_left.2020_01_10","2020_01_10","Margaux Failla","Arhgef8","image1_left","yes",86.5,27.8,"-","yes","24.2","-","problem orientation","TVC cell alignment","one of the TVC divided not in the medio-lateral orientation, so cells are aligned","good","-","Arhgef8.image1_left.2020_01_10","orientation perturbed",FALSE,FALSE,TRUE
"Arhgef8.image10_left.2020_01_10","2020_01_10","Margaux Failla","Arhgef8","image10_left","yes",80.5,42.5,"-","yes","20.8","-","problem orientation","TVC cell alignment","one of the TVC divided not in the medio-lateral orientation, so cells are aligned","good","-","Arhgef8.image10_left.2020_01_10","orientation perturbed",FALSE,FALSE,TRUE
"Arhgef8.image11_left.2020_01_10","2020_01_10","Margaux Failla","Arhgef8","image11_left","yes",110.3,31.6,"-","yes","32.3","-","problem orientation","TVC cell alignment","one of the TVC divided not in the medio-lateral orientation, so cells are aligned","not good","-","Arhgef8.image11_left.2020_01_10","orientation perturbed",FALSE,FALSE,TRUE
"Arhgef8.image16.2020_01_10","2020_01_10","Margaux Failla","Arhgef8","image16","yes",85.3,25.9,"-","yes","41.2","-","problem migration and division","inhibited TVC migration / inhibited TVC division","one of the TVC didn't migrate and didn't divide in the tail","good","-","Arhgef8.image16.2020_01_10","migration/division perturbed",TRUE,TRUE,FALSE
"Arhgef8.image18.2020_01_10","2020_01_10","Margaux Failla","Arhgef8","image18","yes",84.3,31.5,"-","yes","15.7","-","problem orientation","TVC cell alignment","one of the TVC divided not in the medio-lateral orientation, so cells are aligned","good","-","Arhgef8.image18.2020_01_10","orientation perturbed",FALSE,FALSE,TRUE
"Arhgef8.image2_right.2020_01_10","2020_01_10","Margaux Failla","Arhgef8","image2_right","yes",120,43.1,"-","yes","21.2","-","problem orientation","TVC cell alignment","one of the TVC divided not in the medio-lateral orientation, so cells are aligned","good","-","Arhgef8.image2_right.2020_01_10","orientation perturbed",FALSE,FALSE,TRUE
"Arhgef8.image6.2020_01_10","2020_01_10","Margaux Failla","Arhgef8","image6","yes",80,52.2,"-","yes","18.2","-","problem orientation","TVC cell alignment","one of the TVC divided not in the medio-lateral orientation, so cells are aligned","correct","-","Arhgef8.image6.2020_01_10","orientation perturbed",FALSE,FALSE,TRUE
"Arhgef8.nextpart_image10_right.2020_01_10","2020_01_10","Margaux Failla","Arhgef8","nextpart_image10_right","yes",100,25.8,"-","yes","-","no distance - only one group","problem migration and orientation","inhibited TVC migration / TVC cell alignment","the 2 TVC didn't migrate, they stayed and divided in the tail with not a medio-lateral orientation for one TVC, so cells are aligned","good","-","Arhgef8.nextpart_image10_right.2020_01_10","migration/orientation perturbed",TRUE,FALSE,TRUE
"Arhgef8.nextpart_image13_left.2020_01_10","2020_01_10","Margaux Failla","Arhgef8","nextpart_image13_left","yes",85.4,33.9,"-","yes","34.4","-","problem migration and division","inhibited TVC migration / inhibited TVC division","one of the TVC didn't migrate and didn't divide in the tail","good","-","Arhgef8.nextpart_image13_left.2020_01_10","migration/division perturbed",TRUE,TRUE,FALSE
"Arhgef8.nextpart_image2.2020_01_10","2020_01_10","Margaux Failla","Arhgef8","nextpart_image2","yes",96.5,28.1,"-","yes","20.5","-","problem orientation","TVC cell alignment","the 2 TVC divided not in the medio-lateral orientation, so all cells are aligned (one of the TVC had moved to the other side and so detached from the other TVC)","correct","-","Arhgef8.nextpart_image2.2020_01_10","orientation perturbed",FALSE,FALSE,TRUE
"Arhgef8.nextpart_image5.2020_01_10","2020_01_10","Margaux Failla","Arhgef8","nextpart_image5","yes",100,24.9,"-","yes","20.1","-","problem orientation","TVC cell alignment","one of the TVC divided not in the medio-lateral orientation, so FHP are a bit aligned","not good","-","Arhgef8.nextpart_image5.2020_01_10","orientation perturbed",FALSE,FALSE,TRUE
"Arhgef8.nextpart_image6_right.2020_01_10","2020_01_10","Margaux Failla","Arhgef8","nextpart_image6_right","yes",110,32,"-","yes","24.8","-","problem division","enhanced ATM division","the ATM are not connected and one of the ATM divided in the tail","correct","Ambiguous phenotype between left and right","Arhgef8.nextpart_image6_right.2020_01_10","division perturbed",FALSE,TRUE,FALSE
"Arhgef8.nextpart_image9_left.2020_01_10","2020_01_10","Margaux Failla","Arhgef8","nextpart_image9_left","yes",125,35.8,"-","yes","16.6","-","problem of migration and division","inhibited TVC migration / inhibited TVC division","one of the TVC didn't migrate and didn't divide in the tail","good","-","Arhgef8.nextpart_image9_left.2020_01_10","migration/division perturbed",TRUE,TRUE,FALSE
"BMP.slide1_image10.2020_11_05","2020_11_05","Margaux Failla","BMP","slide1_image10","yes",82.5,32.9,"-","yes","23.1","-","problem orientation","TVC cell alignment","one of the TVCs divided not in the medio-lateral orientation, so cells are a bit aligned","good","-","BMP.slide1_image10.2020_11_05","orientation perturbed",FALSE,FALSE,TRUE
"BMP.slide1_image11_right.2020_11_04","2020_11_04","Margaux Failla","BMP","slide1_image11_right","yes",80.2,50.3,"-","yes","0","groups connected","problem migration and division","enhanced ATM migration / enhanced ATM division","the ATMs migrated a bit in the trunk and both of them divided, still attached to the TVCs","correct","-","BMP.slide1_image11_right.2020_11_04","migration/division perturbed",TRUE,TRUE,FALSE
"BMP.slide1_image12.2020_11_04","2020_11_04","Margaux Failla","BMP","slide1_image12","yes",84.8,42.3,"-","yes","31","-","problem migration and division","enhanced ATM migration / enhanced ATM division","one of the ATM migrated and divided with the TVCs in the trunk","correct","-","BMP.slide1_image12.2020_11_04","migration/division perturbed",TRUE,TRUE,FALSE
"BMP.slide1_image13.2020_11_04","2020_11_04","Margaux Failla","BMP","slide1_image13","yes",79.8,45.8,"-","yes","6.57","-","problem migration","enhanced ATM migration","one of the ATM migrated with the TVCs in the trunk; TVCs didn't migrate very far","correct","-","BMP.slide1_image13.2020_11_04","migration perturbed",TRUE,FALSE,FALSE
"BMP.slide1_image13.2020_11_05","2020_11_05","Margaux Failla","BMP","slide1_image13","yes",81,40.4,"-","yes","0","groups connected","problem migration and division","enhanced ATM migration / enhanced ATM division","one of the ATM divided and one of the cells migrated with the TVCs in the trunk but still attached to the ATMs in the tail","good","-","BMP.slide1_image13.2020_11_05","migration/division perturbed",TRUE,TRUE,FALSE
"BMP.slide1_image19_left.2020_11_05","2020_11_05","Margaux Failla","BMP","slide1_image19_left","yes",77.5,62.5,"-","yes","24.4","-","problem division","enhanced ATM division","one of the ATM divided in the tail","correct","-","BMP.slide1_image19_left.2020_11_05","division perturbed",FALSE,TRUE,FALSE
"BMP.slide1_image19_right.2020_11_05","2020_11_05","Margaux Failla","BMP","slide1_image19_right","yes",85,62.5,"-","yes","5.46","-","problem migration","enhanced ATM migration","one of the ATM migrated a bit in the trunk but still attached to the other ATM in the tail","not good","-","BMP.slide1_image19_right.2020_11_05","migration perturbed",TRUE,FALSE,FALSE
"BMP.slide1_image19.2020_11_04","2020_11_04","Margaux Failla","BMP","slide1_image19","yes",81.6,32.4,"-","yes","-","only one group in the trunk - no distance","problem migration and division","enhanced ATM migration / enhanced ATM division","the 2 ATMs migrated with the TVCs in the trunk and one of the ATMs divided","not good","-","BMP.slide1_image19.2020_11_04","migration/division perturbed",TRUE,TRUE,FALSE
"BMP.slide1_image2.2020_11_05","2020_11_05","Margaux Failla","BMP","slide1_image2","yes",73.5,50.4,"-","yes","30.6","-","problem migration and division","enhanced ATM migration / enhanced ATM division","one of the ATM migrated and divided with the TVCs in the trunk","good","-","BMP.slide1_image2.2020_11_05","migration/division perturbed",TRUE,TRUE,FALSE
"BMP.slide1_image20.2020_11_05","2020_11_05","Margaux Failla","BMP","slide1_image20","yes",78.3,62.5,"-","yes","-","only one group in the trunk - no distance","problem migration and division","enhanced ATM migration / enhanced ATM division","the 2 ATMs migrated and one of them divided with the TVCs in the trunk","good","-","BMP.slide1_image20.2020_11_05","migration/division perturbed",TRUE,TRUE,FALSE
"BMP.slide1_image21.2020_11_05","2020_11_05","Margaux Failla","BMP","slide1_image21","yes",72.5,45,"-","yes","0","groups connected","problem migration and division","enhanced ATM migration / enhanced ATM division","one of the ATM divided and one of the cell migrated a bit with the TVCs in the trunk but still attached to the other ATMs in the tail","good","-","BMP.slide1_image21.2020_11_05","migration/division perturbed",TRUE,TRUE,FALSE
"BMP.slide1_image24.2020_11_05","2020_11_05","Margaux Failla","BMP","slide1_image24","yes",77.8,42.4,"-","yes","25","-","problem migration and division","enhanced ATM migration / enhanced ATM division","one of the ATM migrated and divided with the TVCs in the trunk","correct","-","BMP.slide1_image24.2020_11_05","migration/division perturbed",TRUE,TRUE,FALSE
"BMP.slide1_image25_left.2020_11_05","2020_11_05","Margaux Failla","BMP","slide1_image25_left","yes",80.2,50.4,"-","yes","37.9","-","problem migration and division","enhanced ATM migration / enhanced ATM division","one of the ATM migrated and divided with the TVCs in the trunk","correct","-","BMP.slide1_image25_left.2020_11_05","migration/division perturbed",TRUE,TRUE,FALSE
"BMP.slide1_image28_left.2020_11_05","2020_11_05","Margaux Failla","BMP","slide1_image28_left","yes",85,52.7,"-","yes","32.5","-","problem division","enhanced ATM division","one of the ATM divided in the tail","correct","-","BMP.slide1_image28_left.2020_11_05","division perturbed",FALSE,TRUE,FALSE
"BMP.slide1_image6.2020_11_05","2020_11_05","Margaux Failla","BMP","slide1_image6","yes",80.4,47.7,"-","yes","11","-","problem division","inhibited TVC division","one of theTVC didn't divide in the trunk","good","-","BMP.slide1_image6.2020_11_05","division perturbed",FALSE,TRUE,FALSE
"BMP.slide1_image9.2020_11_05","2020_11_05","Margaux Failla","BMP","slide1_image9","yes",84,50.3,"-","yes","16.9","-","problem orientation","TVC cell alignment","one of the TVCs divided not in the medio-lateral orientation, so cells are a bit aligned","correct","-","BMP.slide1_image9.2020_11_05","orientation perturbed",FALSE,FALSE,TRUE
"BMP.slide2_image10_right.2020_11_04","2020_11_04","Margaux Failla","BMP","slide2_image10_right","yes",79.8,45.4,"-","yes","35.6","-","problem migration and division","enhanced ATM migration / enhanced ATM division","one of the ATM migrated and divided with the TVCs in the trunk","good","-","BMP.slide2_image10_right.2020_11_04","migration/division perturbed",TRUE,TRUE,FALSE
"BMP.slide2_image10.2020_11_05","2020_11_05","Margaux Failla","BMP","slide2_image10","yes",79.8,65,"-","yes","-","only one group in the trunk - no distance","problem migration and division","enhanced ATM migration / enhanced ATM division","the 2 ATM migrated and one of them divided with the TVCs in the trunk","correct","-","BMP.slide2_image10.2020_11_05","migration/division perturbed",TRUE,TRUE,FALSE
"BMP.slide2_image12_left.2020_11_04","2020_11_04","Margaux Failla","BMP","slide2_image12_left","yes",102,22.3,"-","yes","37.6","-","problem orientation","TVC cell alignment","one of the TVC divided but not in the medio-laterale orientation, cells are aligned","good","-","BMP.slide2_image12_left.2020_11_04","orientation perturbed",FALSE,FALSE,TRUE
"BMP.slide2_image13.2020_11_04","2020_11_04","Margaux Failla","BMP","slide2_image13","yes",80.1,19,"-","yes","13","-","problem orientation and division","enhanced ATM division / TVC cell alignment","one of the TVC divided but not in the medio-laterale orientation, cells are aligned; and one ATM divided in the tail","good","-","BMP.slide2_image13.2020_11_04","division/orientation perturbed",FALSE,TRUE,TRUE
"BMP.slide2_image15_left.2020_11_04","2020_11_04","Margaux Failla","BMP","slide2_image15_left","yes",85,15,"-","yes","9.06","-","problem migration","enhanced ATM migration","one of the ATM migrated with the TVCs in the trunk","not good","-","BMP.slide2_image15_left.2020_11_04","migration perturbed",TRUE,FALSE,FALSE
"BMP.slide2_image2_left.2020_11_05","2020_11_05","Margaux Failla","BMP","slide2_image2_left","yes",80.1,50.4,"-","yes","13.9","-","problem division","enhanced ATM division / inhibited TVC division","one of the ATM divided in the tail; one of the TVC didn't divide in the trunk","good","Ambigous between left and right","BMP.slide2_image2_left.2020_11_05","division perturbed",FALSE,TRUE,FALSE
"BMP.slide2_image2_right.2020_11_05","2020_11_05","Margaux Failla","BMP","slide2_image2_right","yes",80.1,37.4,"-","yes","27.7","-","problem migration and division","enhanced ATM migration / enhanced ATM division","one of the ATM migrated and divided with the TVCs in the trunk","good","Ambigous between left and right","BMP.slide2_image2_right.2020_11_05","migration/division perturbed",TRUE,TRUE,FALSE
"BMP.slide2_image2.2020_11_04","2020_11_04","Margaux Failla","BMP","slide2_image2","yes",83.9,50.4,"-","yes","13.1","-","problem migration and division","enhanced ATM migration / enhanced ATM division","one of the ATM migrated and divided with the TVCs in the trunk","good","-","BMP.slide2_image2.2020_11_04","migration/division perturbed",TRUE,TRUE,FALSE
"BMP.slide2_image20.2020_11_05","2020_11_05","Margaux Failla","BMP","slide2_image20","yes",82.5,70,"-","yes","0","groups connected","problem migration and division","enhanced ATM migration / enhanced ATM division","the 2 ATM migrated and divided with the TVCs but 2 ATMs still a bit in the tail; TVC cells not properly oriented because separated by the ATM","correct","Ambigous phenotype","BMP.slide2_image20.2020_11_05","migration/division perturbed",TRUE,TRUE,FALSE
"BMP.slide2_image22_right.2020_11_04","2020_11_04","Margaux Failla","BMP","slide2_image22_right","yes",90.3,32.5,"-","yes","6.88","-","problem migration","enhanced ATM migration","one of the ATM migrated with the TVCs in the trunk","correct","-","BMP.slide2_image22_right.2020_11_04","migration perturbed",TRUE,FALSE,FALSE
"BMP.slide2_image25_right.2020_11_05","2020_11_05","Margaux Failla","BMP","slide2_image25_right","yes",90.3,57.5,"-","yes","3.12","-","problem migration and division","enhanced ATM migration / enhanced ATM division","one of the ATM divided and one of the cell migrated a bit but still attached to the ATMs in the tail","good","-","BMP.slide2_image25_right.2020_11_05","migration/division perturbed",TRUE,TRUE,FALSE
"BMP.slide2_image26_right.2020_11_05","2020_11_05","Margaux Failla","BMP","slide2_image26_right","yes",70.9,45.2,"-","yes","27.6","-","problem migration and division","enhanced ATM migration / enhanced ATM division","one of the ATM migrated and divided with the TVCs in the trunk","good","-","BMP.slide2_image26_right.2020_11_05","migration/division perturbed",TRUE,TRUE,FALSE
"BMP.slide2_image27.2020_11_04","2020_11_04","Margaux Failla","BMP","slide2_image27","yes",75.9,40.4,"-","yes","36.2","-","problem migration and division","enhanced ATM migration / enhanced ATM division","one of the ATM migrated and divided with the TVCs in the trunk","good","-","BMP.slide2_image27.2020_11_04","migration/division perturbed",TRUE,TRUE,FALSE
"BMP.slide2_image34.2020_11_04","2020_11_04","Margaux Failla","BMP","slide2_image34","yes",77.8,50.2,"-","yes","-","only one group in the trunk - no distance","problem migration and division","enhanced ATM migration / enhanced ATM division","the 2 ATMs migrated with the TVCs in the trunk and one of the ATMs divided","good","-","BMP.slide2_image34.2020_11_05","migration/division perturbed",TRUE,TRUE,FALSE
"BMP.slide2_image35.2020_11_04","2020_11_04","Margaux Failla","BMP","slide2_image35","yes",63.6,42.2,"-","yes","-","only one group in the trunk - no distance","problem migration and division","enhanced ATM migration / inhibited TVC division","the 2 ATMs migrated with the TVCs in the trunk; one of the TVCs didn't divide in the trunk","not good","Ambigous phenotype","BMP.slide2_image35.2020_11_06","migration/division perturbed",TRUE,TRUE,FALSE
"BMP.slide2_image4.2020_11_04","2020_11_04","Margaux Failla","BMP","slide2_image4","yes",65.6,NA,"-","yes","32.7","-","problem migration and division","enhanced ATM migration / enhanced ATM division","one of the ATM migrated and divided with the TVCs in the trunk","not good","the ATM is not segmented correctly (very reduced in the segmentation)","BMP.slide2_image4.2020_11_04","migration/division perturbed",TRUE,TRUE,FALSE
"BMP.slide2_image5.2020_11_04","2020_11_04","Margaux Failla","BMP","slide2_image5","yes",91,42.5,"-","yes","34.7","-","problem orientation","TVC cell alignment","one of the TVCs divided but not in the medio-laterale orientation, cells are aligned","good","-","BMP.slide2_image5.2020_11_04","orientation perturbed",FALSE,FALSE,TRUE
"BMP.slide2_image7.2020_11_04","2020_11_04","Margaux Failla","BMP","slide2_image7","yes",72.6,30.6,"-","yes","-","only one group in the trunk - no distance","problem migration and division","enhanced ATM migration / enhanced ATM division","the 2 ATMs migrated in the trunk with theTVCs, and one of them divided","good","-","BMP.slide2_image7.2020_11_04","migration/division perturbed",TRUE,TRUE,FALSE
"BMP.slide2_image8_right.2020_11_05","2020_11_05","Margaux Failla","BMP","slide2_image8_right","yes",69.6,47.2,"-","yes","36.6","-","problem migration and division","enhanced ATM migration / enhanced ATM division","one of the ATM migrated and divided with the TVCs in the trunk","correct","-","BMP.slide2_image8_right.2020_11_05","migration/division perturbed",TRUE,TRUE,FALSE
"Col9a1.image12_left.2020_07_23","2020_07_23","Yelena Bernadskaya","Col9a1","image12_left","yes",22.5,15.3,"-","yes","16.6","-","problem division","inhibited TVC division","the 2 TVCs didn't divide in the trunk","not good","-","Col9a1.image12_left.2020_07_23","division perturbed",FALSE,TRUE,FALSE
"Col9a1.image13.2020_07_23","2020_07_23","Yelena Bernadskaya","Col9a1","image13","yes",27.6,22.5,"-","yes","17.1","-","problem division","inhibited TVC division","one of the TVC didn't divide in the trunk","good","-","Col9a1.image13.2020_07_23","division perturbed",FALSE,TRUE,FALSE
"Col9a1.image14.2020_07_23","2020_07_23","Yelena Bernadskaya","Col9a1","image14","yes",47.7,15.2,"-","yes","-","only one group in the trunk - no distance","problem migration and division","enhanced ATM division / inhibited TVC division","the 2 ATMs migrated in the trunk with the TVCs and the 2 TVCs didn't divide","good","-","Col9a1.image14.2020_07_23","migration/division perturbed",TRUE,TRUE,FALSE
"Col9a1.image15.2020_07_23","2020_07_23","Yelena Bernadskaya","Col9a1","image15","yes",35.7,10.4,"-","yes","33.9","-","problem division","inhibited TVC division","one of the TVC didn't divide in the trunk","good","-","Col9a1.image15.2020_07_23","division perturbed",FALSE,TRUE,FALSE
"Col9a1.image18_left.2020_07_23","2020_07_23","Yelena Bernadskaya","Col9a1","image18_left","yes",17.5,11.7,"-","yes","19.4","-","problem migration and division","enhanced ATM migration / inhibited TVC division","one of the ATM migrated in the trunk with the TVCs, and the 2 TVCs didn't divide","correct","-","Col9a1.image18_left.2020_07_23","migration/division perturbed",TRUE,TRUE,FALSE
"Col9a1.image19_left.2020_07_23","2020_07_23","Yelena Bernadskaya","Col9a1","image19_left","yes",22.3,10.4,"-","yes","7.96","-","problem migration and division","enhanced ATM migration / enhanced ATM division / inhibited TVC division","one of the ATM divided and on of it migrated a bit in the trunk but still attached to the ATMs in the tail, and also one of the TVC didn't divide in the trunk","correct","Ambiguous phenotype between left and right","Col9a1.image19_left.2020_07_23","migration/division perturbed",TRUE,TRUE,FALSE
"Col9a1.image19_right.2020_07_23","2020_07_23","Yelena Bernadskaya","Col9a1","image19_right","yes",22.3,10.4,"-","yes","21.2","-","problem division","inhibited TVC division","the 2 TVCs didn't divide in the trunk","correct","Ambiguous phenotype between left and right","Col9a1.image19_right.2020_07_23","division perturbed",FALSE,TRUE,FALSE
"Col9a1.image20.2020_07_23","2020_07_23","Yelena Bernadskaya","Col9a1","image20","yes",36,12.6,"-","yes","34.6","-","problem migration and division","enhanced ATM migration / inhibited TVC division","one of the ATM migrated in the trunk with the TVCs, and the 2 TVCs didn't divide","good","-","Col9a1.image20.2020_07_23","migration/division perturbed",TRUE,TRUE,FALSE
"Col9a1.image7.2020_07_23","2020_07_23","Yelena Bernadskaya","Col9a1","image7","yes",20.2,8.44,"-","yes","0","groups connected","problem migration","enhanced ATM migration","one of the ATM migrated in the trunk with the TVCs","correct","-","Col9a1.image7.2020_07_23","migration perturbed",TRUE,FALSE,FALSE
"Col9a1.image8.2020_07_23","2020_07_23","Yelena Bernadskaya","Col9a1","image8","yes",25.4,20,"-","yes","3.65","-","problem migration and division","inhibited TVC migration / inhibited TVC division","the TVCs group didn't migrate very far, and one of the TVC didn't divide in the trunk","good","-","Col9a1.image8.2020_07_23","migration/division perturbed",TRUE,TRUE,FALSE
"Daam.slide1_image10.2019_08_29","2019_08_29","Margaux Failla","Daam","slide1_image10","yes",113,27,"-","yes","14.6","-","problem division","inhibited TVC division","the 2 TVCs didn't divide in the trunk","not good","-","Daam.slide1_image10.2019_08_29","division perturbed",FALSE,TRUE,FALSE
"Daam.slide1_image13.2019_08_29","2019_08_29","Margaux Failla","Daam","slide1_image13","yes",120,32.1,"-","yes","34.3","-","problem division","inhibited TVC division","one of the TVC didn't divide in the trunk","good","-","Daam.slide1_image13.2019_08_29","division perturbed",FALSE,TRUE,FALSE
"Daam.slide1_image14_left.2019_08_29","2019_08_29","Margaux Failla","Daam","slide1_image14_left","yes",76.3,25.3,"-","yes","32.8","-","problem migration and division","inhibited TVC migration / inhibited TVC division","one of the TVC didn't migrate and didn't divide in the tail","not good","-","Daam.slide1_image14_left.2019_08_29","migration/division perturbed",TRUE,TRUE,FALSE
"Daam.slide1_image15.2019_08_29","2019_08_29","Margaux Failla","Daam","slide1_image15","yes",81.7,10,"-","yes","32","-","problem division","inhibited TVC division","the 2 TVCs didn't divide in the trunk","good","-","Daam.slide1_image15.2019_08_29","division perturbed",FALSE,TRUE,FALSE
"Daam.slide1_image16_right.2019_08_29","2019_08_29","Margaux Failla","Daam","slide1_image16_right","yes",130,29.2,"-","yes","11.8","-","problem division","inhibited TVC division","one of the TVC didn't divide in the trunk","correct","-","Daam.slide1_image16_right.2019_08_29","division perturbed",FALSE,TRUE,FALSE
"Daam.slide1_image17_right.2019_08_29","2019_08_29","Margaux Failla","Daam","slide1_image17_right","yes",110,17.4,"-","yes","42.8","-","problem division","inhibited TVC division","one of the TVC didn't divide in the trunk","correct","-","Daam.slide1_image17_right.2019_08_29","division perturbed",FALSE,TRUE,FALSE
"Daam.slide1_image18_left.2019_08_29","2019_08_29","Margaux Failla","Daam","slide1_image18_left","yes",96.5,16.9,"-","yes","-","no distance - only one group in the trunk","problem migration and division","enhanced ATM migration / enhanced ATM division","the 2 ATM migrated in the trunk with TVCs and one of the ATM divided","correct","Ambiguous phenotype between left and right ","Daam.slide1_image18_left.2019_08_29","migration/division perturbed",TRUE,TRUE,FALSE
"Daam.slide1_image18_right.2019_08_29","2019_08_29","Margaux Failla","Daam","slide1_image18_right","yes",100,16.9,"-","yes","18.9","-","problem migration and division","enhanced ATM migration / inhibited TVC division","one of the ATM migrated in the trunk with the TVCs and one of the TVC didn't divide in the trunk","not good","Ambiguous phenotype between left and right ","Daam.slide1_image18_right.2019_08_29","migration/division perturbed",TRUE,TRUE,FALSE
"Daam.slide1_image19_left.2019_08_29","2019_08_29","Margaux Failla","Daam","slide1_image19_left","yes",93.7,29.6,"-","yes","0","groups connected","problem migration and division","inhibited TVC migration / inhibited TVC division / enhanced ATM division","the TVCs didn't migrate completely, the group is still attached to the ATM; the 2 TVC didn't divide in the trunk; and one of the ATM divided in the tail","good","-","Daam.slide1_image19_left.2019_08_29","migration/division perturbed",TRUE,TRUE,FALSE
"Daam.slide1_image19_right.2019_08_29","2019_08_29","Margaux Failla","Daam","slide1_image19_right","yes",78.8,29.6,"-","yes","38.3","-","problem division","inhibited TVC division","one of the TVC didn't divide in the trunk","good","-","Daam.slide1_image19_right.2019_08_29","division perturbed",FALSE,TRUE,FALSE
"Daam.slide1_image20_left.2019_08_29","2019_08_29","Margaux Failla","Daam","slide1_image20_left","yes",90.8,40,"-","yes","27.7","-","problem division","inhibited TVC division","the 2 TVCs didn't divide in the trunk","not good","-","Daam.slide1_image20_left.2019_08_29","division perturbed",FALSE,TRUE,FALSE
"Daam.slide1_image21.2019_08_29","2019_08_29","Margaux Failla","Daam","slide1_image21","yes",85.4,27,"-","yes","25.9","-","problem division","inhibited TVC division","one of the TVC didn't divide in the trunk","good","-","Daam.slide1_image21.2019_08_29","division perturbed",FALSE,TRUE,FALSE
"Daam.slide1_image24_left.2019_08_29","2019_08_29","Margaux Failla","Daam","slide1_image24_left","yes",80.9,25.3,"-","yes","18.1","-","problem migration and division","enhanced ATM migration / inhibited TVC division","one of the ATM migrated with TVCs in the trunk; and one of the TVC didn't divide in the trunk","good","Ambiguous phenotype between left and right ","Daam.slide1_image24_left.2019_08_29","migration/division perturbed",TRUE,TRUE,FALSE
"Daam.slide1_image24_right.2019_08_29","2019_08_29","Margaux Failla","Daam","slide1_image24_right","yes",80.9,22.8,"-","yes","9.91","-","problem migration and division","enhanced ATM migration / inhibited TVC division","one of the ATM migrated with TVCs in the trunk; and one of the TVC didn't divide in the trunk","good","Ambiguous phenotype between left and right ","Daam.slide1_image24_right.2019_08_29","migration/division perturbed",TRUE,TRUE,FALSE
"Daam.slide1_image25.2019_08_29","2019_08_29","Margaux Failla","Daam","slide1_image25","yes",91.8,28,"-","yes","0","groups connected","problem migration and orientation","inhibited TVC migration / TVC cell alignment","the TVCs didn't migrate completely, the group is still attached to the ATM; one of the TVC divided not in the medio-lateral orientation, so cells are aligned","not good","-","Daam.slide1_image25.2019_08_29","migration/orientation perturbed",TRUE,FALSE,TRUE
"Daam.slide1_image26_left.2019_08_29","2019_08_29","Margaux Failla","Daam","slide1_image26_left","yes",108,26.4,"-","yes","36.8","-","problem division","inhibited TVC division","one of the TVC didn't divide in the trunk","good","-","Daam.slide1_image26_left.2019_08_29","division perturbed",FALSE,TRUE,FALSE
"Daam.slide1_image29_left.2019_08_29","2019_08_29","Margaux Failla","Daam","slide1_image29_left","yes",126,22.8,"-","yes","24.5","-","problem migration and division","enhanced ATM migration / enhanced ATM division","one of the ATM migrated and divided in the trunk with the TVCs","good","Ambiguous phenotype between left and right ","Daam.slide1_image29_left.2019_08_29","migration/division perturbed",TRUE,TRUE,FALSE
"Daam.slide1_image29_right.2019_08_29","2019_08_29","Margaux Failla","Daam","slide1_image29_right","yes",126,22.8,"-","yes","49.5","-","problem division","inhibited TVC division","one of the TVC didn't divide in the trunk","good","Ambiguous phenotype between left and right ","Daam.slide1_image29_right.2019_08_29","division perturbed",FALSE,TRUE,FALSE
"Daam.slide1_image30.2019_08_29","2019_08_29","Margaux Failla","Daam","slide1_image30","yes",100,28.1,"-","yes","17.5","-","problem division","inhibited TVC division","the 2 TVCs didn't divide in the trunk","good","-","Daam.slide1_image30.2019_08_29","division perturbed",FALSE,TRUE,FALSE
"Daam.slide1_image31_left.2019_08_29","2019_08_29","Margaux Failla","Daam","slide1_image31_left","yes",95.1,8.8,"-","yes","-","no distance - only one group in the trunk","problem migration and division","enhanced ATM migration / inhibited TVC division","the 2 ATM migrated in the trunk with TVCs and the 2 TVCs didn't divided","not good","-","Daam.slide1_image31_left.2019_08_29","migration/division perturbed",TRUE,TRUE,FALSE
"Daam.slide1_image32.2019_08_29","2019_08_29","Margaux Failla","Daam","slide1_image32","yes",113,29,"-","yes","27.9","-","problem migration, division and orientation","enhanced ATM migration / enhanced ATM division / TVC cell alignment","one of the ATM migrated with TVCs in the trunk; the ATM in the tail divided; and one of the TVC divided not in the medio-lateral orientation, so cells are aligned","correct","-","Daam.slide1_image32.2019_08_29","migration/division/orientation perturbed",TRUE,TRUE,TRUE
"Daam.slide1_image4_left.2019_08_29","2019_08_29","Margaux Failla","Daam","slide1_image4_left","yes",122,31,"-","yes","0","groups connected","problem migration and division","inhibited TVC migration / inhibited TVC division","one of the TVC didn't migrate completely, so still attached to ATM, and this TVC didn't divide","good","-","Daam.slide1_image4_left.2019_08_29","migration/division perturbed",TRUE,TRUE,FALSE
"Daam.slide1_image5_right.2019_08_29","2019_08_29","Margaux Failla","Daam","slide1_image5_right","yes",116,17,"-","yes","7.96","-","problem migration and orientation","enhanced ATM migration / TVC cell alignment","one of the ATM migrated in the trunk with the TVCs; the TVCs divided with not the medio-lateral orientation","good","-","Daam.slide1_image5_right.2019_08_29","migration/orientation perturbed",TRUE,FALSE,TRUE
"Daam.slide1_image7_left.2019_08_29","2019_08_29","Margaux Failla","Daam","slide1_image7_left","yes",110,25.5,"-","yes","24.6","-","problem division","inhibited TVC division","one of the TVC didn't divide in the trunk","good","-","Daam.slide1_image7_left.2019_08_29","division perturbed",FALSE,TRUE,FALSE
"Daam.slide1_image9.2019_08_29","2019_08_29","Margaux Failla","Daam","slide1_image9","yes",104,38.1,"-","yes","20.6","-","problem migration and division","enhanced ATM migration / inhibited TVC division","one of the ATM migrated a little in the trunk; the 2 TVCs didn't divide in the trunk","good","-","Daam.slide1_image9.2019_08_29","migration/division perturbed",TRUE,TRUE,FALSE
"Daam.slide2_image10_right.2019_08_29","2019_08_29","Margaux Failla","Daam","slide2_image10_right","yes",136,36.6,"-","yes","-","no distance - only one group in the tail","problem migration and division","inhibited TVC migration / inhibited TVC division","the 2 TVC didn't migrate, they stayed in the tail and one TVC didn't divided","good","-","Daam.slide2_image10_right.2019_08_29","migration/division perturbed",TRUE,TRUE,FALSE
"Daam.slide2_image11.2019_08_29","2019_08_29","Margaux Failla","Daam","slide2_image11","yes",117,33.1,"-","yes","29.1","-","problem division","inhibited TVC division","one of the TVC didn't divide in the trunk","good","-","Daam.slide2_image11.2019_08_29","division perturbed",FALSE,TRUE,FALSE
"Daam.slide2_image13.2019_08_29","2019_08_29","Margaux Failla","Daam","slide2_image13","yes",119,24.3,"-","yes","36.7","-","problem division","inhibited TVC division","one of the TVC didn't divide in the trunk","good","-","Daam.slide2_image13.2019_08_29","division perturbed",FALSE,TRUE,FALSE
"Daam.slide2_image14_left.2019_08_29","2019_08_29","Margaux Failla","Daam","slide2_image14_left","yes",116,38.9,"-","yes","9.04","-","problem division","inhibited TVC division","the 2 TVCs didn't divide in the trunk","good","-","Daam.slide2_image14_left.2019_08_29","division perturbed",FALSE,TRUE,FALSE
"Daam.slide2_image14_right.2019_08_29","2019_08_29","Margaux Failla","Daam","slide2_image14_right","yes",70.1,21,"-","yes","16.9","-","problem division","inhibited TVC division","the 2 TVCs didn't divide in the trunk","not good","-","Daam.slide2_image14_right.2019_08_29","division perturbed",FALSE,TRUE,FALSE
"Daam.slide2_image15.2019_08_29","2019_08_29","Margaux Failla","Daam","slide2_image15","yes",113,49.2,"-","yes","9.62","-","problem orientation","TVC cell alignment","one of the TVC divided not in the medio-lateral orientation, so cells are aligned ","correct","-","Daam.slide2_image15.2019_08_29","orientation perturbed",FALSE,FALSE,TRUE
"Daam.slide2_image16_left.2019_08_29","2019_08_29","Margaux Failla","Daam","slide2_image16_left","yes",113,41.1,"-","yes","20.8","-","problem division","inhibited TVC division","the 2 TVCs didn't divide in the trunk","correct","-","Daam.slide2_image16_left.2019_08_29","division perturbed",FALSE,TRUE,FALSE
"Daam.slide2_image16_right.2019_08_29","2019_08_29","Margaux Failla","Daam","slide2_image16_right","yes",105,48.4,"-","yes","28.1","-","problem division","inhibited TVC division","the 2 TVCs didn't divide in the trunk","not good","-","Daam.slide2_image16_right.2019_08_29","division perturbed",FALSE,TRUE,FALSE
"Daam.slide2_image17_left.2019_08_29","2019_08_29","Margaux Failla","Daam","slide2_image17_left","yes",105,53.9,"-","yes","28.6","-","problem division","inhibited TVC division","the 2 TVCs didn't divide in the trunk","correct","-","Daam.slide2_image17_left.2019_08_29","division perturbed",FALSE,TRUE,FALSE
"Daam.slide2_image17_right.2019_08_29","2019_08_29","Margaux Failla","Daam","slide2_image17_right","yes",113,62.1,"-","yes","21.8","-","problem division","inhibited TVC division","the 2 TVCs didn't divide in the trunk","good","-","Daam.slide2_image17_right.2019_08_29","division perturbed",FALSE,TRUE,FALSE
"Daam.slide2_image19_left.2019_08_29","2019_08_29","Margaux Failla","Daam","slide2_image19_left","yes",104,35,"-","yes","28.7","-","problem division","inhibited TVC division","the 2 TVCs didn't divide in the trunk","good","-","Daam.slide2_image19_left.2019_08_29","division perturbed",FALSE,TRUE,FALSE
"Daam.slide2_image19_right.2019_08_29","2019_08_29","Margaux Failla","Daam","slide2_image19_right","yes",117,58.1,"-","yes","19.9","-","problem division","inhibited TVC division","the 2 TVCs didn't divide in the trunk","good","-","Daam.slide2_image19_right.2019_08_29","division perturbed",FALSE,TRUE,FALSE
"Daam.slide2_image2_left.2019_08_29","2019_08_29","Margaux Failla","Daam","slide2_image2_left","yes",137,51.8,"-","yes","-","no distance - only one group in the trunk","problem migration and division","enhanced ATM migration / inhibited TVC division","the ATMs migrated with the TVCs in the trunk and one of the TVC didn't divide","good","-","Daam.slide2_image2_left.2019_08_29","migration/division perturbed",TRUE,TRUE,FALSE
"Daam.slide2_image2_right.2019_08_29","2019_08_29","Margaux Failla","Daam","slide2_image2_right","yes",105,22.5,"-","yes","30.3","-","problem division","inhibited TVC division","the 2 TVCs didn't divide in the trunk","not good","-","Daam.slide2_image2_right.2019_08_29","division perturbed",FALSE,TRUE,FALSE
"Daam.slide2_image20_right.2019_08_29","2019_08_29","Margaux Failla","Daam","slide2_image20_right","yes",105,38.7,"-","yes","3.53","-","problem migration and division","enhanced ATM division","one of the ATM migrate a bit more in the tail and detached from the other ATM","good","Ambiguous phenotype between left and right ","Daam.slide2_image20_right.2019_08_29","migration/division perturbed",TRUE,TRUE,FALSE
"Daam.slide2_image21.2019_08_29","2019_08_29","Margaux Failla","Daam","slide2_image21","yes",84.3,28.1,"-","yes","10.3","-","problem division","inhibited TVC division","one of the TVC didn't divide in the trunk","good","-","Daam.slide2_image21.2019_08_29","division perturbed",FALSE,TRUE,FALSE
"Daam.slide2_image22.2019_08_29","2019_08_29","Margaux Failla","Daam","slide2_image22","yes",130,36.4,"-","yes","29.9","-","problem orientation","TVC cell alignment","one of the TVC divided not in the medio-lateral orientation, so cells are aligned ","good","Ambiguous phenotype","Daam.slide2_image22.2019_08_29","orientation perturbed",FALSE,FALSE,TRUE
"Daam.slide2_image23.2019_08_29","2019_08_29","Margaux Failla","Daam","slide2_image23","yes",111,43.3,"-","yes","20.1","-","problem migration, division and orientation","inhibited TVC migration / inhibited TVC division / TVC cell alignment","one of the TVC didn't migrate and didn't divide in the tail; the other TVC that divided in the trunk is not with medio-lateral orientation","good","-","Daam.slide2_image23.2019_08_29","migration/division/orientation perturbed",TRUE,TRUE,TRUE
"Daam.slide2_image27_right.2019_08_29","2019_08_29","Margaux Failla","Daam","slide2_image27_right","yes",120,26.3,"-","yes","-","no distance - only one group in the trunk","problem migration and division","enhanced ATM migration / enhanced ATM division / inhibited TVC division","the 2 ATMs migrated in the trunk and one of them divided; one of the TVC didn't divide in the trunk","good","-","Daam.slide2_image27_right.2019_08_29","migration/division perturbed",TRUE,TRUE,FALSE
"Daam.slide2_image3.2019_08_29","2019_08_29","Margaux Failla","Daam","slide2_image3","yes",114,36.1,"-","yes","51.7","-","problem division","inhibited TVC division","the 2 TVCs didn't divide in the trunk","good","-","Daam.slide2_image3.2019_08_29","division perturbed",FALSE,TRUE,FALSE
"Daam.slide2_image30.2019_08_29","2019_08_29","Margaux Failla","Daam","slide2_image30","yes",95.1,26.8,"-","yes","64.7","-","problem migration and division","enhanced ATM migration / inhibited TVC division","one of the ATM migrated in the trunk with the TVCs; one of the TVC didn't divide in the trunk","good","-","Daam.slide2_image30.2019_08_29","migration/division perturbed",TRUE,TRUE,FALSE
"Daam.slide2_image31.2019_08_29","2019_08_29","Margaux Failla","Daam","slide2_image31","yes",100,42.6,"-","yes","19.7","-","problem migration and division","enhanced ATM migration / inhibited TVC division","one of the ATM migrated in the trunk with the TVCs; the 2 TVCs didn't divide in the trunk","good","-","Daam.slide2_image31.2019_08_29","migration/division perturbed",TRUE,TRUE,FALSE
"Daam.slide2_image4_left.2019_08_29","2019_08_29","Margaux Failla","Daam","slide2_image4_left","yes",108,39.6,"-","yes","48.8","-","problem division","inhibited TVC division","one of the TVC didn't divide in the trunk","good","-","Daam.slide2_image4_left.2019_08_29","division perturbed",FALSE,TRUE,FALSE
"Daam.slide2_image5.2019_08_29","2019_08_29","Margaux Failla","Daam","slide2_image5","yes",105,35.2,"-","yes","25.2","-","problem orientation","TVC cell alignment","one of the TVC divided not in the medio-lateral orientation, so cells are aligned ","good","-","Daam.slide2_image5.2019_08_29","orientation perturbed",FALSE,FALSE,TRUE
"Daam.slide2_image7.2019_08_29","2019_08_29","Margaux Failla","Daam","slide2_image7","yes",149,37.9,"-","yes","19.2","-","problem orientation","TVC cell alignment","one of the TVC divided not in the medio-lateral orientation, so cells are aligned ","good","-","Daam.slide2_image7.2019_08_29","orientation perturbed",FALSE,FALSE,TRUE
"Ddr.image1_left.2020_07_23","2020_07_23","Yelena Bernadskaya","Ddr","image1_left","yes",25.3,9.82,"-","yes","33.2","-","problem division","inhibited TVC division","one of the TVC didn't divide in the trunk","correct","-","Ddr.image1_left.2020_07_23","division perturbed",FALSE,TRUE,FALSE
"Ddr.image1_left.2020_07_23.1","1","Yelena Bernadskaya","Ddr","image1_left","yes",22.5,12.7,"-","yes","0","groups connected","problem migration and division","inhibited TVC migration / inhibited TVC division","the TVCs didn't migrate completely, still connected to the ATMs, and the 2 TVCs didn't divide in the trunk","good","-","Ddr.image1_left.2020_07_23","migration/division perturbed",TRUE,TRUE,FALSE
"Ddr.image1_right.2020_07_23.1","1","Yelena Bernadskaya","Ddr","image1_right","yes",25.1,10.8,"-","yes","33","-","problem migration and division","inhibited TVC migration / inhibited TVC division","one of the TVC didn't migrate and didn't divide, it stayed in the tail, and the other TVC that migrated in the trunk didn't divide","not good","-","Ddr.image1_right.2020_07_23","migration/division perturbed",TRUE,TRUE,FALSE
"Ddr.image10.2020_07_23","2020_07_23","Yelena Bernadskaya","Ddr","image10","yes",22.6,17.4,"-","yes","34.4","-","problem division","enhanced TVC division","one of the TVC already starded to do the second division but not completely (not seen in the segmentation because the nuclei are far enough so considered as 2 cells)","correct","one TVC already starded the second division but not completely (not seen in the segmentation because the nuclei are far enough so considered as 2 cells)","Ddr.image10.2020_07_23","division perturbed",FALSE,TRUE,FALSE
"Ddr.image11.2020_07_23","2020_07_23","Yelena Bernadskaya","Ddr","image11","yes",25.4,10.1,"-","yes","32.8","-","problem migration","enhanced ATM migration","one of the ATM migrated in the trunk with the TVCs","not good","-","Ddr.image11.2020_07_23","migration perturbed",TRUE,FALSE,FALSE
"Ddr.image13_right.2020_07_23","2020_07_23","Yelena Bernadskaya","Ddr","image13_right","yes",27.5,10.6,"-","yes","44.7","-","problem migration and division","inhibited TVC migration / inhibited TVC division","one of the TVC didn't migrate and didn't divide, it stayed in the tail, and the other TVC that migrated in the trunk didn't divide","correct","-","Ddr.image13_right.2020_07_23","migration/division perturbed",TRUE,TRUE,FALSE
"Ddr.image2_left.2020_07_23","2020_07_23","Yelena Bernadskaya","Ddr","image2_left","yes",30.2,7.99,"-","yes","22.1","-","problem migration","enhanced ATM migration","one of the ATM migrated in the trunk with the TVCs","not good","-","Ddr.image2_left.2020_07_23","migration perturbed",TRUE,FALSE,FALSE
"Ddr.image3.2020_07_23","2020_07_23","Yelena Bernadskaya","Ddr","image3","yes",25.3,15,"-","yes","24.2","-","problem orientation","TVC cell alignment","one of the TVC divided not in the medio-lateral orientation, so cells are not corretly oriented","good","-","Ddr.image3.2020_07_23","orientation perturbed",FALSE,FALSE,TRUE
"Ddr.image4.2020_07_23.1","1","Yelena Bernadskaya","Ddr","image4","yes",22.6,13,"-","yes","31.3","-","problem division","inhibited TVC division","one of the TVC didn't divide in the trunk, and one of the TVC divided but not completely (not seen in the segmentation because nuclei are far enough so considered as 2 cells)","not good","One of the TVC divided but not completely (not seen in the segmentation because nuclei are far enough so considered as 2 cells)","Ddr.image4.2020_07_23","division perturbed",FALSE,TRUE,FALSE
"Ddr.image5_left.2020_07_23","2020_07_23","Yelena Bernadskaya","Ddr","image5_left","yes",30.9,15.3,"-","yes","39.9","-","problem division","inhibited TVC division","the 2 TVCs didn't divide in the trunk","correct","Ambiguous phenotype between left and right","Ddr.image5_left.2020_07_23","division perturbed",FALSE,TRUE,FALSE
"Depdc.image1_left.2020_06_17","2020_06_17","Yelena Bernadskaya","Depdc","image1_left","yes",15.6,11.7,"-","yes","-","no distance - only one group in the trunk","problem migration and division","enhanced ATM migration / enhanced ATM division / inhibited TVC division","the 2 ATMs migrated in the trunk; and 2 cells divided but difficult to identify the cells","good","Ambiguous phenotype","Depdc.image1_left.2020_06_17","migration/division perturbed",TRUE,TRUE,FALSE
"Depdc.image1_right.2020_06_17","2020_06_17","Yelena Bernadskaya","Depdc","image1_right","yes",15.6,11.7,"-","yes","31.5","-","problem orientation","TVC cell alignment","the 2 TVCs divided but not in the medio-lateral orientation, so all cells are aligned","correct","-","Depdc.image1_right.2020_06_17","orientation perturbed",FALSE,FALSE,TRUE
"Depdc.image1.2020_01_10","2020_01_10","Margaux Failla","Depdc","image1","yes",95.3,26.6,"-","yes","29","-","problem orientation","TVC cell alignment","one of the TVC divided not in the medio-lateral orientation, so cells are aligned","good","-","Depdc.image1.2020_01_10","orientation perturbed",FALSE,FALSE,TRUE
"Depdc.image1.2020_06_17","2020_06_17","Yelena Bernadskaya","Depdc","image1","yes",41.2,23.2,"-","yes","3.72","-","problem migration and orientation","enhanced ATM migration / TVC cell alignment","one of the ATM migrated in the trunk with the TVCs; one of the TVC divided but not in the medio-lateral orientation, so cells are aligned","good","-","Depdc.image1.2020_06_17","migration/orientation perturbed",TRUE,FALSE,TRUE
"Depdc.image10.2020_01_10","2020_01_10","Margaux Failla","Depdc","image10","yes",98.3,19.7,"-","yes","36.8","-","problem orientation","TVC cell alignment","one of the TVC divided not in the medio-lateral orientation, so cells are aligned","good","-","Depdc.image10.2020_01_10","orientation perturbed",FALSE,FALSE,TRUE
"Depdc.image11_left.2020_01_10","2020_01_10","Margaux Failla","Depdc","image11_left","yes",87.5,21.3,"-","yes","46.6","-","problem orientation","TVC cell alignment","one of the TVC divided not in the medio-lateral orientation, so cells are aligned","good","-","Depdc.image11_left.2020_01_10","orientation perturbed",FALSE,FALSE,TRUE
"Depdc.image13.2020_01_10","2020_01_10","Margaux Failla","Depdc","image13","yes",90,29.6,"-","yes","28.6","-","problem orientation","TVC cell alignment","one of the TVC divided not in the medio-lateral orientation, so cells are aligned","good","-","Depdc.image13.2020_01_10","orientation perturbed",FALSE,FALSE,TRUE
"Depdc.image14_left.2020_01_10","2020_01_10","Margaux Failla","Depdc","image14_left","yes",73.8,21.4,"-","yes","1.12","-","problem migration and division","enhanced ATM migration / enhanced ATM division","one of the ATM divided and one of the cells migrated but not completely","good","-","Depdc.image14_left.2020_01_10","migration/division perturbed",TRUE,TRUE,FALSE
"Depdc.image14_right.2020_01_10","2020_01_10","Margaux Failla","Depdc","image14_right","yes",73.8,21.4,"-","yes","41.8","-","problem orientation","TVC cell alignment","one of the TVC divided not in the medio-lateral orientation, so cells are aligned","good","-","Depdc.image14_right.2020_01_10","orientation perturbed",FALSE,FALSE,TRUE
"Depdc.image15_left.2020_01_10","2020_01_10","Margaux Failla","Depdc","image15_left","yes",97.5,22.6,"-","yes","22.2","-","problem orientation","TVC cell alignment","one of the TVC divided not in the medio-lateral orientation, so cells are aligned","good","-","Depdc.image15_left.2020_01_10","orientation perturbed",FALSE,FALSE,TRUE
"Depdc.image15_right.2020_01_10","2020_01_10","Margaux Failla","Depdc","image15_right","yes",97.5,22.6,"-","yes","0","groups connected","problem migration and division","inhibited TVC migration / inhibited TVC division","one of the TVC didn't migrate and didn't divide in the tail, and the other TVC migrated but not completely (cells attached) and didn't divided in the trunk","good","-","Depdc.image15_right.2020_01_10","migration/division perturbed",TRUE,TRUE,FALSE
"Depdc.image16_left.2020_01_10","2020_01_10","Margaux Failla","Depdc","image16_left","yes",115,23.1,"-","yes","28.1","-","problem orientation","TVC cell alignment","one of the TVC divided not in the medio-lateral orientation, so cells are aligned","good","-","Depdc.image16_left.2020_01_10","orientation perturbed",FALSE,FALSE,TRUE
"Depdc.image17_left.2020_01_10","2020_01_10","Margaux Failla","Depdc","image17_left","yes",91,30.3,"-","yes","26.1","-","problem orientation","TVC cell alignment","the 2 TVCs divided not in the medio-lateral orientation, so all cells are aligned","correct","-","Depdc.image17_left.2020_01_10","orientation perturbed",FALSE,FALSE,TRUE
"Depdc.image18_left.2020_01_10","2020_01_10","Margaux Failla","Depdc","image18_left","yes",120,37.6,"-","yes","41.1","normally shorter distance","problem orientation","TVC cell alignment","one of the TVC divided not in the medio-lateral orientation, so cells are aligned","not good","Problem with result segmentation","Depdc.image18_left.2020_01_10","orientation perturbed",FALSE,FALSE,TRUE
"Depdc.image18_right.2020_01_10","2020_01_10","Margaux Failla","Depdc","image18_right","yes",96.2,37.6,"-","yes","19.5","normally shorter distance","problem orientation","TVC cell alignment","one of the TVC divided not in the medio-lateral orientation, so cells are aligned","not good","Problem with result segmentation","Depdc.image18_right.2020_01_10","orientation perturbed",FALSE,FALSE,TRUE
"Depdc.image19_left.2020_01_10","2020_01_10","Margaux Failla","Depdc","image19_left","yes",88.3,22.2,"-","yes","-","no distance - only one group","problem migration and division","inhibited TVC migration / inhibited TVC division","the 2 TVCs didn't migrate in the trunk and didn't divide, they stayed in the tail with ATMs","good","-","Depdc.image19_left.2020_01_10","migration/division perturbed",TRUE,TRUE,FALSE
"Depdc.image19_right.2020_01_10","2020_01_10","Margaux Failla","Depdc","image19_right","yes",106,22.2,"-","yes","26.2","-","problem orientation","TVC cell alignment","the 2 TVCs divided not in the medio-lateral orientation, so all cells are aligned","good","-","Depdc.image19_right.2020_01_10","orientation perturbed",FALSE,FALSE,TRUE
"Depdc.image2_left.2020_01_10","2020_01_10","Margaux Failla","Depdc","image2_left","yes",91.7,17.4,"-","yes","60.9","-","problem division","enhanced ATM division","one of the ATM divided in the tail","good","-","Depdc.image2_left.2020_01_10","division perturbed",FALSE,TRUE,FALSE
"Depdc.image2_left.2020_06_17","2020_06_17","Yelena Bernadskaya","Depdc","image2_left","yes",17.9,14.3,"-","yes","20.1","-","problem division","enhanced ATM division","one of the ATM divided in the tail","good","-","Depdc.image2_left.2020_06_17","division perturbed",FALSE,TRUE,FALSE
"Depdc.image2_right.2020_06_17","2020_06_17","Yelena Bernadskaya","Depdc","image2_right","yes",20.6,13.5,"-","yes","23.5","-","problem division and orientation","enhanced ATM division / TVC cell alignment","one of the ATM divided but not completely in the tail (in segmentation considered as 2 cells); and the 2 TVCs divided not in the medio lateral orientation, so cells are aligned","good","Not completed division, but in segmentation considered as 2 cells ","Depdc.image2_right.2020_06_17","division/orientation perturbed",FALSE,TRUE,TRUE
"Depdc.image21.2020_01_10","2020_01_10","Margaux Failla","Depdc","image21","yes",94.9,31,"-","yes","40","-","problem orientation","TVC cell alignment","one of the TVC divided not in the medio-lateral orientation, so cells are aligned","correct","-","Depdc.image21.2020_01_10","orientation perturbed",FALSE,FALSE,TRUE
"Depdc.image3_right.2020_06_17","2020_06_17","Yelena Bernadskaya","Depdc","image3_right","yes",14.9,7.59,"-","yes","28.3","-","problem migration and division","enhanced ATM migration / enhanced ATM division","the ATMs migrated a bit in the trunk; and one of the ATM divided in the tail","correct","Ambiguous phenotype between left and right","Depdc.image3_right.2020_06_17","migration/division perturbed",TRUE,TRUE,FALSE
"Depdc.image3.2020_06_17","2020_06_17","Yelena Bernadskaya","Depdc","image3","yes",50,19.5,"-","yes","31.3","-","problem orientation","TVC cell alignment","one of the TVC divided not in the medio-lateral orientation, so cells are aligned","not good","Don't see all the ATM cells (image not centered)","Depdc.image3.2020_06_17","orientation perturbed",FALSE,FALSE,TRUE
"Depdc.image4_right.2020_06_17","2020_06_17","Yelena Bernadskaya","Depdc","image4_right","yes",32.1,19.7,"-","yes","0","groups connected","problem migration","inhibited TVC migration","one of the TVC didn't migrate, it stayed in the tail and divided; the migration was not done completely for the other TVC, still attached to the ATM group","correct","-","Depdc.image4_right.2020_06_17","migration perturbed",TRUE,FALSE,FALSE
"Depdc.image4.2020_01_10","2020_01_10","Margaux Failla","Depdc","image4","yes",59.6,26.3,"-","yes","30.6","-","problem orientation","TVC cell alignment","the 2 TVCs divided not in the medio-lateral orientation, so all cells are aligned","good","-","Depdc.image4.2020_01_10","orientation perturbed",FALSE,FALSE,TRUE
"Depdc.image5.2020_06_17","2020_06_17","Yelena Bernadskaya","Depdc","image5","yes",22.5,14.5,"-","yes","30.4","-","problem migration, division and orientation","enhanced ATM migration / enhanced ATM division / TVC cell alignment","one of the ATM migrated in the trunk and divided; one of the TVC divided not in the medio-lateral orientation so cells are aligned","correct","-","Depdc.image5.2020_06_17","migration/division/orientation perturbed",TRUE,TRUE,TRUE
"Depdc.image6_left.2020_06_17","2020_06_17","Yelena Bernadskaya","Depdc","image6_left","yes",10.2,15.9,"-","yes","39.9","-","problem migration, division and orientation","enhanced ATM migration / enhanced ATM division / TVC cell alignment","one of the ATM migrated and divided in trunk with the TVCs; one of the TVC divided but not in the medio-laterla orientation, so cells are aligned","not good","-","Depdc.image6_left.2020_06_17","migration/division/orientation perturbed",TRUE,TRUE,TRUE
"Depdc.image6.2020_01_10","2020_01_10","Margaux Failla","Depdc","image6","yes",93.3,21.8,"-","yes","30.5","-","problem orientation","TVC cell alignment","one of the TVC divided not in the medio-lateral orientation, so cells are aligned","good","-","Depdc.image6.2020_01_10","orientation perturbed",FALSE,FALSE,TRUE
"Depdc.image6.2020_06_17","2020_06_17","Yelena Bernadskaya","Depdc","image6","yes",29.6,17.7,"-","yes","-","no distance - only one group in the trunk","problem migration and division","enhanced ATM migration / enhanced ATM division","the 2 ATMs migrated in the trunk, and one of the ATM divided","good","-","Depdc.image6.2020_06_17","migration/division perturbed",TRUE,TRUE,FALSE
"Depdc.image7_right.2020_06_17","2020_06_17","Yelena Bernadskaya","Depdc","image7_right","yes",50.3,20.4,"-","yes","37","-","problem division","inhibited TVC division","one of the TVC didn't divide in the trunk","not good","Don't see all the ATM cells (image not centered)","Depdc.image7_right.2020_06_17","division perturbed",FALSE,TRUE,FALSE
"Depdc.image8_left.2020_06_17","2020_06_17","Yelena Bernadskaya","Depdc","image8_left","yes",19.5,19.3,"-","yes","40.7","-","problem division","enhanced ATM division","one of the ATM divided in the tail","good","-","Depdc.image8_left.2020_06_17","division perturbed",FALSE,TRUE,FALSE
"Depdc.image8_right.2020_06_17","2020_06_17","Yelena Bernadskaya","Depdc","image8_right","yes",34.8,31.8,"-","yes","33.6","-","problem division","inhibited TVC division","one of the TVC didn't divide in the trunk","good","-","Depdc.image8_right.2020_06_17","division perturbed",FALSE,TRUE,FALSE
"Depdc.image9_left.2020_01_10","2020_01_10","Margaux Failla","Depdc","image9_left","yes",83.5,22.3,"-","yes","21.1","-","problem orientation","TVC cell alignment","the 2 TVCs divided not in the medio-lateral orientation, so all cells are aligned","good","Ambiguous phenotype between left and right","Depdc.image9_left.2020_01_10","orientation perturbed",FALSE,FALSE,TRUE
"Depdc.image9_right.2020_01_10","2020_01_10","Margaux Failla","Depdc","image9_right","yes",83.5,14.9,"-","yes","24.6","-","problem orientation","TVC cell alignment","one of the TVC divided not in the medio-lateral orientation, so cells are aligned","good","Ambiguous phenotype between left and right","Depdc.image9_right.2020_01_10","orientation perturbed",FALSE,FALSE,TRUE
"Depdc.slide1_image1.2020_02_06","2020_02_06","Margaux Failla","Depdc","slide1_image1","yes",129,23.4,"-","yes","26.9","-","problem orientation","TVC cell alignment","one of the TVCs divided not in the medio-lateral orientation, so cells are aligned","good","-","Depdc.slide1_image1.2020_02_06","orientation perturbed",FALSE,FALSE,TRUE
"Depdc.slide1_image1.2020_10_06","2020_10_06","Margaux Failla","Depdc","slide1_image1","yes",81.8,32.6,"-","yes","29.3","-","problem orientation","TVC cell alignment","one of the TVC divided not in the medio-lateral orientation, so cells are aligned","good","-","Depdc.slide1_image1.2020_10_06","orientation perturbed",FALSE,FALSE,TRUE
"Depdc.slide1_image10.2019_08_29","2019_08_29","Margaux Failla","Depdc","slide1_image10","yes",91,25.6,"-","yes","25.1","-","problem orientation","TVC cell alignment","one of the TVC divided not in the medio-lateral orientation, so cells are aligned ","good","-","Depdc.slide1_image10.2019_08_29","orientation perturbed",FALSE,FALSE,TRUE
"Depdc.slide1_image11.2019_08_29","2019_08_29","Margaux Failla","Depdc","slide1_image11","yes",113,18.2,"-","yes","29.4","-","problem orientation","TVC cell alignment","one of the TVC divided not in the medio-lateral orientation, so cells are aligned ","not good","-","Depdc.slide1_image11.2019_08_29","orientation perturbed",FALSE,FALSE,TRUE
"Depdc.slide1_image11.2020_02_06","2020_02_06","Margaux Failla","Depdc","slide1_image11","yes",130,36.1,"-","yes","0","groups connected","problem migration and orientation","inhibited TVC migration / TVC cell alignment","one of the TVC divided not in the medio-lateral orientation, so the cells are aligned and the group of TVC didn't migrate completely, they are still attached to the ATMs","correct","-","Depdc.slide1_image11.2020_02_06","migration/orientation perturbed",TRUE,FALSE,TRUE
"Depdc.slide1_image12.2020_02_06","2020_02_06","Margaux Failla","Depdc","slide1_image12","yes",112,31.3,"-","yes","21.9","-","problem orientation","TVC cell alignment","one of the TVCs divided not in the medio-lateral orientation, so cells are aligned","good","-","Depdc.slide1_image12.2020_02_06","orientation perturbed",FALSE,FALSE,TRUE
"Depdc.slide1_image13.2019_08_29","2019_08_29","Margaux Failla","Depdc","slide1_image13","yes",70.7,20.9,"-","yes","22.3","-","problem orientation","TVC cell alignment","one of the TVC divided not in the medio-lateral orientation, so cells are aligned ","good","-","Depdc.slide1_image13.2019_08_29","orientation perturbed",FALSE,FALSE,TRUE
"Depdc.slide1_image13.2020_02_06","2020_02_06","Margaux Failla","Depdc","slide1_image13","yes",130,25.4,"-","yes","29.8","-","problem orientation","TVC cell alignment","one of the TVCs divided not in the medio-lateral orientation, so cells are aligned","good","-","Depdc.slide1_image13.2020_02_06","orientation perturbed",FALSE,FALSE,TRUE
"Depdc.slide1_image14_left.2019_08_29","2019_08_29","Margaux Failla","Depdc","slide1_image14_left","yes",102,22,"-","yes","27.1","-","problem orientation","TVC cell alignment","one of the TVC divided not in the medio-lateral orientation, so cells are aligned ","correct","-","Depdc.slide1_image14_left.2019_08_29","orientation perturbed",FALSE,FALSE,TRUE
"Depdc.slide1_image14.2020_02_06","2020_02_06","Margaux Failla","Depdc","slide1_image14","yes",176,28,"-","yes","24.2","-","problem orientation","TVC cell alignment","one of the TVCs divided not in the medio-lateral orientation, so cells are aligned","good","-","Depdc.slide1_image14.2020_02_06","orientation perturbed",FALSE,FALSE,TRUE
"Depdc.slide1_image15_right.2020_02_06","2020_02_06","Margaux Failla","Depdc","slide1_image15_right","yes",105,23.5,"-","yes","20.8","-","problem orientation","TVC cell alignment","one of the TVCs divided not in the medio-lateral orientation, so cells are aligned","correct","-","Depdc.slide1_image15_right.2020_02_06","orientation perturbed",FALSE,FALSE,TRUE
"Depdc.slide1_image16_left.2019_08_29","2019_08_29","Margaux Failla","Depdc","slide1_image16_left","yes",110,22.7,"-","yes","29.8","-","problem orientation","TVC cell alignment","the 2 TVCs divided not in the medio-lateral orientation, so all cells are aligned","good","-","Depdc.slide1_image16_left.2019_08_29","orientation perturbed",FALSE,FALSE,TRUE
"Depdc.slide1_image16_left.2020_02_06","2020_02_06","Margaux Failla","Depdc","slide1_image16_left","yes",63.7,8.49,"-","yes","27.6","-","problem orientation","TVC cell alignment","one of the TVCs divided not in the medio-lateral orientation, so cells are aligned","not good","-","Depdc.slide1_image16_left.2020_02_06","orientation perturbed",FALSE,FALSE,TRUE
"Depdc.slide1_image17.2019_08_29","2019_08_29","Margaux Failla","Depdc","slide1_image17","yes",108,22.7,"-","yes","39.8","-","problem orientation","TVC cell alignment","the 2 TVCs divided not in the medio-lateral orientation, so all cells are aligned","good","-","Depdc.slide1_image17.2019_08_29","orientation perturbed",FALSE,FALSE,TRUE
"Depdc.slide1_image18_right.2020_02_06","2020_02_06","Margaux Failla","Depdc","slide1_image18_right","yes",115,25.9,"-","yes","21.6","-","problem orientation","TVC cell alignment","one of the TVCs divided not in the medio-lateral orientation, so cells are aligned","good","-","Depdc.slide1_image18_right.2020_02_06","orientation perturbed",FALSE,FALSE,TRUE
"Depdc.slide1_image18.2019_08_29","2019_08_29","Margaux Failla","Depdc","slide1_image18","yes",90,22.4,"-","yes","36.7","-","problem orientation","TVC cell alignment","one of the TVC divided not in the medio-lateral orientation, so cells are aligned ","correct","-","Depdc.slide1_image18.2019_08_29","orientation perturbed",FALSE,FALSE,TRUE
"Depdc.slide1_image19_left.2020_02_06","2020_02_06","Margaux Failla","Depdc","slide1_image19_left","yes",109,23.2,"-","yes","24.3","-","problem orientation","TVC cell alignment","one of the TVCs divided not in the medio-lateral orientation, so cells are aligned","not good","-","Depdc.slide1_image19_left.2020_02_06","orientation perturbed",FALSE,FALSE,TRUE
"Depdc.slide1_image19.2019_08_29","2019_08_29","Margaux Failla","Depdc","slide1_image19","yes",90,30,"-","yes","50.3","-","problem orientation","TVC cell alignment","one of the TVC divided not in the medio-lateral orientation, so cells are aligned ","good","-","Depdc.slide1_image19.2019_08_29","orientation perturbed",FALSE,FALSE,TRUE
"Depdc.slide1_image2.2020_02_06","2020_02_06","Margaux Failla","Depdc","slide1_image2","yes",147,22.4,"-","yes","39.6","-","problem orientation","TVC cell alignment","one of the TVCs divided not in the medio-lateral orientation, so cells are aligned","correct","-","Depdc.slide1_image2.2020_02_06","orientation perturbed",FALSE,FALSE,TRUE
"Depdc.slide1_image20_left.2019_08_29","2019_08_29","Margaux Failla","Depdc","slide1_image20_left","yes",90,17.7,"-","yes","38.2","-","problem orientation","TVC cell alignment","one of the TVC divided not in the medio-lateral orientation, so cells are aligned ","correct","-","Depdc.slide1_image20_left.2019_08_29","orientation perturbed",FALSE,FALSE,TRUE
"Depdc.slide1_image20_right.2020_02_06","2020_02_06","Margaux Failla","Depdc","slide1_image20_right","yes",111,21.7,"-","yes","38","-","problem orientation","TVC cell alignment","one of the TVCs divided not in the medio-lateral orientation, so cells are aligned","good","-","Depdc.slide1_image20_right.2020_02_06","orientation perturbed",FALSE,FALSE,TRUE
"Depdc.slide1_image21_right.2019_08_29","2019_08_29","Margaux Failla","Depdc","slide1_image21_right","yes",90.8,26.3,"-","yes","28.5","-","problem orientation","TVC cell alignment","one of the TVC divided not in the medio-lateral orientation, so cells are aligned ","correct","-","Depdc.slide1_image21_right.2019_08_29","orientation perturbed",FALSE,FALSE,TRUE
"Depdc.slide1_image22.2019_08_29","2019_08_29","Margaux Failla","Depdc","slide1_image22","yes",100,23.5,"-","yes","28.2","-","problem orientation","TVC cell alignment","one of the TVC divided not in the medio-lateral orientation, so cells are aligned ","good","-","Depdc.slide1_image22.2019_08_29","orientation perturbed",FALSE,FALSE,TRUE
"Depdc.slide1_image23_right.2019_08_29","2019_08_29","Margaux Failla","Depdc","slide1_image23_right","yes",95,26.9,"-","yes","24.9","-","problem orientation","TVC cell alignment","one of the TVC divided not in the medio-lateral orientation, so cells are aligned ","good","-","Depdc.slide1_image23_right.2019_08_29","orientation perturbed",FALSE,FALSE,TRUE
"Depdc.slide1_image24_left.2019_08_29","2019_08_29","Margaux Failla","Depdc","slide1_image24_left","yes",100,37.8,"-","yes","18.5","-","problem orientation","TVC cell alignment","one of the TVC divided not in the medio-lateral orientation, so cells are aligned ","not good","-","Depdc.slide1_image24_left.2019_08_29","orientation perturbed",FALSE,FALSE,TRUE
"Depdc.slide1_image25_left.2019_08_29","2019_08_29","Margaux Failla","Depdc","slide1_image25_left","yes",70.2,18.5,"-","yes","35.5","-","problem orientation","TVC cell alignment","one of the TVC divided not in the medio-lateral orientation, so cells are aligned ","correct","-","Depdc.slide1_image25_left.2019_08_29","orientation perturbed",FALSE,FALSE,TRUE
"Depdc.slide1_image25_right.2019_08_29","2019_08_29","Margaux Failla","Depdc","slide1_image25_right","yes",86.5,31,"-","yes","33.1","-","problem orientation","TVC cell alignment","one of the TVC divided not in the medio-lateral orientation, so cells are aligned ","good","-","Depdc.slide1_image25_right.2019_08_29","orientation perturbed",FALSE,FALSE,TRUE
"Depdc.slide1_image3_left.2019_08_29","2019_08_29","Margaux Failla","Depdc","slide1_image3_left","yes",100,16.2,"-","yes","38.9","-","problem orientation","TVC cell alignment","one of the TVC divided not in the medio-lateral orientation, so cells are aligned ","correct","-","Depdc.slide1_image3_left.2019_08_29","orientation perturbed",FALSE,FALSE,TRUE
"Depdc.slide1_image3_right.2019_08_29","2019_08_29","Margaux Failla","Depdc","slide1_image3_right","yes",100,27.2,"-","yes","29.4","-","problem orientation","TVC cell alignment","one of the TVC divided not in the medio-lateral orientation, so cells are aligned ","good","-","Depdc.slide1_image3_right.2019_08_29","orientation perturbed",FALSE,FALSE,TRUE
"Depdc.slide1_image3_right.2020_10_06","2020_10_06","Margaux Failla","Depdc","slide1_image3_right","yes",87.8,35,"-","yes","31.8","-","problem orientation","TVC cell alignment","one of the TVC divided not in the medio-lateral orientation, so cells are aligned","good","-","Depdc.slide1_image3_right.2020_10_06","orientation perturbed",FALSE,FALSE,TRUE
"Depdc.slide1_image3.2020_02_06","2020_02_06","Margaux Failla","Depdc","slide1_image3","yes",112,43.2,"-","yes","18.9","-","problem orientation","TVC cell alignment","one of the TVCs divided not in the medio-lateral orientation, so cells are aligned","not good","-","Depdc.slide1_image3.2020_02_06","orientation perturbed",FALSE,FALSE,TRUE
"Depdc.slide1_image4.2019_08_29","2019_08_29","Margaux Failla","Depdc","slide1_image4","yes",45,13.6,"-","yes","36.2","-","problem orientation","TVC cell alignment","the 2 TVCs divided not in the medio-lateral orientation, so all cells are aligned","not good","-","Depdc.slide1_image4.2019_08_29","orientation perturbed",FALSE,FALSE,TRUE
"Depdc.slide1_image4.2020_10_06","2020_10_06","Margaux Failla","Depdc","slide1_image4","yes",86.5,35.2,"-","yes","33.3","-","problem orientation","TVC cell alignment","one of the TVC divided not in the medio-lateral orientation, so cells are aligned","correct","-","Depdc.slide1_image4.2020_10_06","orientation perturbed",FALSE,FALSE,TRUE
"Depdc.slide1_image5_right.2020_10_06","2020_10_06","Margaux Failla","Depdc","slide1_image5_right","yes",82.8,40.3,"-","yes","23.8","-","problem orientation","TVC cell alignment","The 2 TVC divided not in the medio-lateral orientation, so cells are aligned","not good","-","Depdc.slide1_image5_right.2020_10_06","orientation perturbed",FALSE,FALSE,TRUE
"Depdc.slide1_image5.2019_08_29","2019_08_29","Margaux Failla","Depdc","slide1_image5","yes",95,16.8,"-","yes","13.9","-","problem orientation","TVC cell alignment","one of the TVC divided not in the medio-lateral orientation, so cells are aligned ","good","-","Depdc.slide1_image5.2019_08_29","orientation perturbed",FALSE,FALSE,TRUE
"Depdc.slide1_image6.2019_08_29","2019_08_29","Margaux Failla","Depdc","slide1_image6","yes",84.8,21.6,"-","yes","24.4","-","problem orientation","TVC cell alignment","one of the TVC divided not in the medio-lateral orientation, so cells are aligned ","correct","-","Depdc.slide1_image6.2019_08_29","orientation perturbed",FALSE,FALSE,TRUE
"Depdc.slide1_image6.2020_10_06","2020_10_06","Margaux Failla","Depdc","slide1_image6","yes",84.3,50.3,"-","yes","22","-","problem orientation","TVC cell alignment","The 2 TVC divided not in the medio-lateral orientation, so cells are aligned","good","-","Depdc.slide1_image6.2020_10_06","orientation perturbed",FALSE,FALSE,TRUE
"Depdc.slide1_image7_right.2020_02_06","2020_02_06","Margaux Failla","Depdc","slide1_image7_right","yes",115,27.3,"-","yes","19.7","-","problem orientation","TVC cell alignment","the two TVCs divied not in the medio-lateral orientation, so all cells are aligned","good","-","Depdc.slide1_image7_right.2020_02_06","orientation perturbed",FALSE,FALSE,TRUE
"Depdc.slide1_image8_left.2019_08_29","2019_08_29","Margaux Failla","Depdc","slide1_image8_left","yes",76.6,20,"-","yes","21.1","-","problem orientation","TVC cell alignment","one of the TVC divided not in the medio-lateral orientation, so cells are aligned ","good","-","Depdc.slide1_image8_left.2019_08_29","orientation perturbed",FALSE,FALSE,TRUE
"Depdc.slide1_image8_left.2020_02_06","2020_02_06","Margaux Failla","Depdc","slide1_image8_left","yes",135,20.3,"-","yes","0","groups connected","problem migration and orientation","enhanced ATM migration / TVC cell alignment","one of the ATM migrated with the TVCs in the trunk, and one of the TVC divided not in the medio-lateral orientation, so cells are aligned","good","-","Depdc.slide1_image8_left.2020_02_06","migration/orientation perturbed",TRUE,FALSE,TRUE
"Depdc.slide1_image9.2020_02_06","2020_02_06","Margaux Failla","Depdc","slide1_image9","yes",92.9,34,"-","yes","39.5","-","problem orientation","TVC cell alignment","the two TVCs divied not in the medio-lateral orientation, so all cells are aligned","not good","-","Depdc.slide1_image9.2020_02_06","orientation perturbed",FALSE,FALSE,TRUE
"Depdc.slide1_image9.2020_10_06","2020_10_06","Margaux Failla","Depdc","slide1_image9","yes",78.6,32.4,"-","yes","24.7","-","problem orientation","TVC cell alignment","one of the TVC divided not in the medio-lateral orientation, so cells are aligned","good","-","Depdc.slide1_image9.2020_10_06","orientation perturbed",FALSE,FALSE,TRUE
"Depdc.slide2_image1.2019_08_29","2019_08_29","Margaux Failla","Depdc","slide2_image1","yes",86.8,21.9,"-","yes","32.4","-","problem orientation","TVC cell alignment","one of the TVC divided not in the medio-lateral orientation, so cells are aligned ","good","-","Depdc.slide2_image1.2019_08_29","orientation perturbed",FALSE,FALSE,TRUE
"Depdc.slide2_image1.2020_02_06","2020_02_06","Margaux Failla","Depdc","slide2_image1","yes",125,50.7,"-","yes","29.2","-","problem orientation","TVC cell alignment","the two TVCs divied not in the medio-lateral orientation, so all cells are aligned","correct","-","Depdc.slide2_image1.2020_02_06","orientation perturbed",FALSE,FALSE,TRUE
"Depdc.slide2_image1.2020_10_06","2020_10_06","Margaux Failla","Depdc","slide2_image1","yes",79.3,37.4,"-","yes","40.5","-","problem orientation","TVC cell alignment","one of the TVC divided not in the medio-lateral orientation, so cells are aligned","correct","-","Depdc.slide2_image1.2020_10_06","orientation perturbed",FALSE,FALSE,TRUE
"Depdc.slide2_image10_right.2019_08_29","2019_08_29","Margaux Failla","Depdc","slide2_image10_right","yes",83.2,58,"-","yes","27.7","-","problem orientation","TVC cell alignment","one of the TVC divided not in the medio-lateral orientation, so cells are aligned ","not good","-","Depdc.slide2_image10_right.2019_08_29","orientation perturbed",FALSE,FALSE,TRUE
"Depdc.slide2_image11_left.2020_02_06","2020_02_06","Margaux Failla","Depdc","slide2_image11_left","yes",97.2,35.6,"-","yes","27.3","-","problem orientation","TVC cell alignment","one of the TVCs divided not in the medio-lateral orientation, so cells are aligned","good","-","Depdc.slide2_image11_left.2020_02_06","orientation perturbed",FALSE,FALSE,TRUE
"Depdc.slide2_image12_right.2019_08_29","2019_08_29","Margaux Failla","Depdc","slide2_image12_right","yes",89.7,22.5,"-","yes","27","-","problem orientation","TVC cell alignment","one of the TVC divided not in the medio-lateral orientation, so cells are aligned ","good","-","Depdc.slide2_image12_right.2019_08_29","orientation perturbed",FALSE,FALSE,TRUE
"Depdc.slide2_image13.2019_08_29","2019_08_29","Margaux Failla","Depdc","slide2_image13","yes",76.8,24.5,"-","yes","22.6","-","problem orientation","TVC cell alignment","one of the TVC divided not in the medio-lateral orientation, so cells are aligned ","good","-","Depdc.slide2_image13.2019_08_29","orientation perturbed",FALSE,FALSE,TRUE
"Depdc.slide2_image14.2019_08_29","2019_08_29","Margaux Failla","Depdc","slide2_image14","yes",100,38.8,"-","yes","44.6","-","problem orientation","TVC cell alignment","one of the TVC divided not in the medio-lateral orientation, so cells are aligned ","not good","-","Depdc.slide2_image14.2019_08_29","orientation perturbed",FALSE,FALSE,TRUE
"Depdc.slide2_image15.2019_08_29","2019_08_29","Margaux Failla","Depdc","slide2_image15","yes",120,32.8,"-","yes","32","-","problem orientation","TVC cell alignment","one of the TVC divided not in the medio-lateral orientation, so cells are aligned ","good","-","Depdc.slide2_image15.2019_08_29","orientation perturbed",FALSE,FALSE,TRUE
"Depdc.slide2_image16.2019_08_29","2019_08_29","Margaux Failla","Depdc","slide2_image16","yes",130,38,"-","yes","43.6","-","problem orientation","TVC cell alignment","the 2 TVCs divided not in the medio-lateral orientation, so all cells are aligned","good","-","Depdc.slide2_image16.2019_08_29","orientation perturbed",FALSE,FALSE,TRUE
"Depdc.slide2_image17.2019_08_29","2019_08_29","Margaux Failla","Depdc","slide2_image17","yes",80,24.8,"-","yes","33.4","-","problem orientation","TVC cell alignment","one of the TVC divided not in the medio-lateral orientation, so cells are aligned ","good","-","Depdc.slide2_image17.2019_08_29","orientation perturbed",FALSE,FALSE,TRUE
"Depdc.slide2_image19_left.2019_08_29","2019_08_29","Margaux Failla","Depdc","slide2_image19_left","yes",98.3,32.6,"-","yes","21.5","-","problem orientation","TVC cell alignment","one of the TVC divided not in the medio-lateral orientation, so cells are aligned ","good","-","Depdc.slide2_image19_left.2019_08_29","orientation perturbed",FALSE,FALSE,TRUE
"Depdc.slide2_image2_left.2020_02_06","2020_02_06","Margaux Failla","Depdc","slide2_image2_left","yes",99.4,37.4,"-","yes","26.9","-","problem orientation","TVC cell alignment","one of the TVCs divided not in the medio-lateral orientation, so cells are aligned","good","-","Depdc.slide2_image2_left.2020_02_06","orientation perturbed",FALSE,FALSE,TRUE
"Depdc.slide2_image2_left.2020_10_06","2020_10_06","Margaux Failla","Depdc","slide2_image2_left","yes",84.5,32.6,"-","yes","45.8","-","problem orientation","TVC cell alignment","one of the TVC divided not in the medio-lateral orientation, so cells are aligned","correct","-","Depdc.slide2_image2_left.2020_10_06","orientation perturbed",FALSE,FALSE,TRUE
"Depdc.slide2_image2_right.2019_08_29","2019_08_29","Margaux Failla","Depdc","slide2_image2_right","yes",94,36,"-","yes","20.5","-","problem orientation","TVC cell alignment","one of the TVC divided not in the medio-lateral orientation, so cells are aligned ","good","-","Depdc.slide2_image2_right.2019_08_29","orientation perturbed",FALSE,FALSE,TRUE
"Depdc.slide2_image2_right.2020_02_06","2020_02_06","Margaux Failla","Depdc","slide2_image2_right","yes",99.4,37.4,"-","yes","26.7","-","problem orientation","TVC cell alignment","one of the TVCs divided not in the medio-lateral orientation, so cells are aligned","good","-","Depdc.slide2_image2_right.2020_02_06","orientation perturbed",FALSE,FALSE,TRUE
"Depdc.slide2_image20.2019_08_29","2019_08_29","Margaux Failla","Depdc","slide2_image20","yes",116,32,"-","yes","13.5","-","problem orientation","TVC cell alignment","one of the TVC divided not in the medio-lateral orientation, so cells are aligned ","correct","-","Depdc.slide2_image20.2019_08_29","orientation perturbed",FALSE,FALSE,TRUE
"Depdc.slide2_image21.2019_08_29","2019_08_29","Margaux Failla","Depdc","slide2_image21","yes",114,33.5,"-","yes","25.8","-","problem orientation","TVC cell alignment","the 2 TVCs divided not in the medio-lateral orientation, so all cells are aligned","correct","-","Depdc.slide2_image21.2019_08_29","orientation perturbed",FALSE,FALSE,TRUE
"Depdc.slide2_image3_left.2020_10_06","2020_10_06","Margaux Failla","Depdc","slide2_image3_left","yes",60.3,29.9,"-","yes","38.2","-","problem orientation","TVC cell alignment","one of the TVC divided not in the medio-lateral orientation, so cells are aligned","good","-","Depdc.slide2_image3_left.2020_10_06","orientation perturbed",FALSE,FALSE,TRUE
"Depdc.slide2_image3_right.2019_08_29","2019_08_29","Margaux Failla","Depdc","slide2_image3_right","yes",78,33.3,"-","yes","33.6","-","problem orientation","TVC cell alignment","the 2 TVCs divided not in the medio-lateral orientation, so all cells are aligned","correct","-","Depdc.slide2_image3_right.2019_08_29","orientation perturbed",FALSE,FALSE,TRUE
"Depdc.slide2_image4.2020_10_06","2020_10_06","Margaux Failla","Depdc","slide2_image4","yes",88.3,30.6,"-","yes","31.1","-","problem orientation","TVC cell alignment","one of the TVC divided not in the medio-lateral orientation, so cells are aligned","good","-","Depdc.slide2_image4.2020_10_06","orientation perturbed",FALSE,FALSE,TRUE
"Depdc.slide2_image5_right.2020_02_06","2020_02_06","Margaux Failla","Depdc","slide2_image5_right","yes",71.9,25.4,"-","yes","35.7","-","problem orientation","TVC cell alignment","one of the TVCs divided not in the medio-lateral orientation, so cells are aligned","good","-","Depdc.slide2_image5_right.2020_02_06","orientation perturbed",FALSE,FALSE,TRUE
"Depdc.slide2_image5.2019_08_29","2019_08_29","Margaux Failla","Depdc","slide2_image5","yes",87.5,36,"-","yes","43.1","-","problem orientation","TVC cell alignment","one of the TVC divided not in the medio-lateral orientation, so cells are aligned ","not good","-","Depdc.slide2_image5.2019_08_29","orientation perturbed",FALSE,FALSE,TRUE
"Depdc.slide2_image6.2019_08_29","2019_08_29","Margaux Failla","Depdc","slide2_image6","yes",115,33,"-","yes","22.9","-","problem orientation","TVC cell alignment","the 2 TVCs divided not in the medio-lateral orientation, so all cells are aligned","correct","-","Depdc.slide2_image6.2019_08_29","orientation perturbed",FALSE,FALSE,TRUE
"Depdc.slide2_image6.2020_02_06","2020_02_06","Margaux Failla","Depdc","slide2_image6","yes",110,30.5,"-","yes","22.5","-","problem orientation","TVC cell alignment","one of the TVCs divided not in the medio-lateral orientation, so cells are aligned","good","-","Depdc.slide2_image6.2020_02_06","orientation perturbed",FALSE,FALSE,TRUE
"Depdc.slide2_image6.2020_10_06","2020_10_06","Margaux Failla","Depdc","slide2_image6","yes",74.8,37.4,"-","yes","28.6","-","problem orientation","TVC cell alignment","one of the TVC divided not in the medio-lateral orientation, so cells are aligned","not good","-","Depdc.slide2_image6.2020_10_06","orientation perturbed",FALSE,FALSE,TRUE
"Depdc.slide2_image7_right.2020_02_06","2020_02_06","Margaux Failla","Depdc","slide2_image7_right","yes",125,34.6,"-","yes","54.1","-","problem orientation","TVC cell alignment","one of the TVCs divided not in the medio-lateral orientation, so cells are aligned","good","-","Depdc.slide2_image7_right.2020_02_06","orientation perturbed",FALSE,FALSE,TRUE
"Depdc.slide2_image7.2019_08_29","2019_08_29","Margaux Failla","Depdc","slide2_image7","yes",95.1,42,"-","yes","21.8","-","problem orientation","TVC cell alignment","one of the TVC divided not in the medio-lateral orientation, so cells are aligned ","not good","-","Depdc.slide2_image7.2019_08_29","orientation perturbed",FALSE,FALSE,TRUE
"Depdc.slide2_image8.2019_08_29","2019_08_29","Margaux Failla","Depdc","slide2_image8","yes",100,46.7,"-","yes","20.3","-","problem orientation","TVC cell alignment","one of the TVC divided not in the medio-lateral orientation, so cells are aligned ","good","-","Depdc.slide2_image8.2019_08_29","orientation perturbed",FALSE,FALSE,TRUE
"Depdc.slide2_image8.2020_02_06","2020_02_06","Margaux Failla","Depdc","slide2_image8","yes",111,35.6,"-","yes","39.7","-","problem orientation","TVC cell alignment","the two TVCs divied not in the medio-lateral orientation, so all cells are aligned","good","-","Depdc.slide2_image8.2020_02_06","orientation perturbed",FALSE,FALSE,TRUE
"Depdc.slide2_image9.2020_02_06","2020_02_06","Margaux Failla","Depdc","slide2_image9","yes",109,48.2,"-","yes","0","groups connected","problem migration and orientation","inhibited TVC migration / TVC cell alignment","the migration was not done completely, one of the TVCs is connected to the ATMs and one of the TVCs divided not in the medio-lateral orientation, so cells are aligned","good","-","Depdc.slide2_image9.2020_02_06","migration/orientation perturbed",TRUE,FALSE,TRUE
"Dync2h.image12.2020_06_17","2020_06_17","Yelena Bernadskaya","Dync2h","image12","yes",35.8,20.4,"-","yes","14.4","-","problem division","inhibited TVC division","one of the TVC didn't divide completely (but not seen in the segmentation because nuclei enough far from each other so considered as 2 cells)","correct","-","Dync2h.image12.2020_06_17","division perturbed",FALSE,TRUE,FALSE
"Dync2h.image13.2020_06_17","2020_06_17","Yelena Bernadskaya","Dync2h","image13","yes",28.9,17.8,"-","yes","0","groups connected","problem migration and division","enhanced ATM migration / inhibited TVC division","the ATMs migrated in the trunk, they are still attached to the TVCs; and one of the TVC didn't divide in the trunk","good","-","Dync2h.image13.2020_06_17","migration/division perturbed",TRUE,TRUE,FALSE
"Dync2h.image17.2020_06_17","2020_06_17","Yelena Bernadskaya","Dync2h","image17","yes",54.8,24.7,"-","yes","19.5","-","problem migration","enhanced ATM migration","one of the ATM migrated in the trunk with the TVCs","good","-","Dync2h.image17.2020_06_17","migration perturbed",TRUE,FALSE,FALSE
"Dync2h.image18.2020_06_17","2020_06_17","Yelena Bernadskaya","Dync2h","image18","yes",23.5,17,"-","yes","16.4","-","problem division","inhibited TVC division","one of the TVC didn't divide completely (seen in the segmentation because nuclei enough close to each other so considered as 1 cell)","good","-","Dync2h.image18.2020_06_17","division perturbed",FALSE,TRUE,FALSE
"Dync2h.image19_left.2020_06_17","2020_06_17","Yelena Bernadskaya","Dync2h","image19_left","yes",31,16.8,"-","yes","16.7","-","problem division","inhibited TVC division","the 2 TVCs didn't divide in the trunk","not good","Ambiguous phenotype between left and right side","Dync2h.image19_left.2020_06_17","division perturbed",FALSE,TRUE,FALSE
"Dync2h.image20_left.2020_06_17","2020_06_17","Yelena Bernadskaya","Dync2h","image20_left","yes",30,34.9,"-","yes","26.2","-","problem migration","inhibited TVC migration","one of the TVC didn't migrate, it stayed in the tail and divided","good","-","Dync2h.image20_left.2020_06_17","migration perturbed",TRUE,FALSE,FALSE
"Dync2h.image20_right.2020_06_17","2020_06_17","Yelena Bernadskaya","Dync2h","image20_right","yes",30,20.4,"-","yes","23.9","-","problem migration and division","enhanced ATM migration / enhanced ATM division","one of the ATM migrated in the trunk and divided with the TVCs","correct","-","Dync2h.image20_right.2020_06_17","migration/division perturbed",TRUE,TRUE,FALSE
"Dync2h.image3_left.2020_06_17","2020_06_17","Yelena Bernadskaya","Dync2h","image3_left","yes",15.1,13.2,"-","yes","29.3","-","problem migration and division","inhibited TVC migration / inhibited TVC division","one of the TVC didn't migrate, it stayed in the tail and didn't divide","correct","Ambiguous phenotype between left and right side; Don't see all the ATM cells (image not centered)","Dync2h.image3_left.2020_06_17","migration/division perturbed",TRUE,TRUE,FALSE
"Dync2h.image3_right.2020_06_17","2020_06_17","Yelena Bernadskaya","Dync2h","image3_right","yes",15.1,10.7,"-","yes","23","-","problem migration and division","inhibited TVC migration / inhibited TVC division","one of the TVC didn't migrate, it stayed in the tail and didn't divide","not good","Ambiguous phenotype between left and right side","Dync2h.image3_right.2020_06_17","migration/division perturbed",TRUE,TRUE,FALSE
"Dync2h.image4_left.2020_06_17","2020_06_17","Yelena Bernadskaya","Dync2h","image4_left","yes",20.2,11.2,"-","yes","20.1","-","problem migration and division","inhibited TVC migration / inhibited TVC division","one of the TVC didn't migrate, it stayed in the tail and didn't divide","good","-","Dync2h.image4_left.2020_06_17","migration/division perturbed",TRUE,TRUE,FALSE
"Dync2h.image4_right.2020_06_17","2020_06_17","Yelena Bernadskaya","Dync2h","image4_right","yes",27.2,15.1,"-","yes","20.7","-","problem migration and division","enhanced ATM migration / inhibited TVC division","one of the ATM migrated in the trunk with the TVCs; and the 2 TVCs didn't divide in the trunk","good","-","Dync2h.image4_right.2020_06_17","migration/division perturbed",TRUE,TRUE,FALSE
"Dync2h.image5.2020_06_17","2020_06_17","Yelena Bernadskaya","Dync2h","image5","yes",35.2,14.9,"-","yes","15.1","-","problem migration and division","inhibited TVC migration / inhibited TVC division","one of the TVC didn't migrate because it is still attached to the ATMs, and it didn't divide; the other TVC didn't divide in the trunk","correct","-","Dync2h.image5.2020_06_17","migration/division perturbed",TRUE,TRUE,FALSE
"Dync2h.image6.2020_06_17","2020_06_17","Yelena Bernadskaya","Dync2h","image6","yes",34.8,19.7,"-","yes","42.4","-","problem migration and division","inhibited TVC migration / inhibited TVC division","one of the TVC didn't migrate because it is still attached to the ATMs, and it didn't divide; the other TVC didn't divide completely in the trunk (but in the segmentation nuclei enough far so considered as 2 cells)","not good","-","Dync2h.image6.2020_06_17","migration/division perturbed",TRUE,TRUE,FALSE
"Dync2h.image8.2020_06_17","2020_06_17","Yelena Bernadskaya","Dync2h","image8","yes",13.9,17.3,"-","yes","0","groups connected","problem migration","enhanced ATM migration","the ATMs migrate a bit in the trunk, they are still attached to the TVCs","good","-","Dync2h.image8.2020_06_17","migration perturbed",TRUE,FALSE,FALSE
"Dync2h.image9_left.2020_06_17","2020_06_17","Yelena Bernadskaya","Dync2h","image9_left","yes",7.48,10.1,"-","yes","9.17","-","problem migration and division","inhibited TVC migration / inhibited TVC division","one of the TVC didn't migrate, it stayed in the tail and didn't divide","good","-","Dync2h.image9_left.2020_06_17","migration/division perturbed",TRUE,TRUE,FALSE
"Dync2h.slide1_image1_left.2020_10_07","2020_10_07","Margaux Failla","Dync2h","slide1_image1_left","yes",90.1,29,"-","yes","0","groups connected","problem migration and division","inhibited TVC migration / inhibited TVC division","the 2 TVCs didn't migrated completely, still attached to the ATMs and they didn't divide","good","-","Dync2h.slide1_image1_left.2020_10_07","migration/division perturbed",TRUE,TRUE,FALSE
"Dync2h.slide1_image1_right.2020_10_07","2020_10_07","Margaux Failla","Dync2h","slide1_image1_right","yes",71.5,22.7,"-","yes","0","groups connected","problem migration and division","enhanced ATM migration / enhanced ATM division","one of the ATMs migrated with the TVCs in the trunk but not completely so still attached to the other ATM in the tail, and the ATM that migrated divided in the trunk; the ATM that stayed in the tail divided too","good","-","Dync2h.slide1_image1_right.2020_10_07","migration/division perturbed",TRUE,TRUE,FALSE
"Dync2h.slide1_image11_right.2020_10_07","2020_10_07","Margaux Failla","Dync2h","slide1_image11_right","yes",80.3,32.3,"-","yes","17.8","-","problem division","inhibited TVC division","one of the TVCs didn't divide in the trunk","not good","-","Dync2h.slide1_image11_right.2020_10_07","division perturbed",FALSE,TRUE,FALSE
"Dync2h.slide1_image14.2020_10_07","2020_10_07","Margaux Failla","Dync2h","slide1_image14","yes",95,37.6,"-","yes","30.5","-","problem migration and division","inhibited TVC migration / inhibited TVC division","one of the TVCs didn't migrate and didn't divide, it stayed in the tail with the ATMs","not good","-","Dync2h.slide1_image14.2020_10_07","migration/division perturbed",TRUE,TRUE,FALSE
"Dync2h.slide1_image2.2020_10_07","2020_10_07","Margaux Failla","Dync2h","slide1_image2","yes",88.5,25.1,"-","yes","25.9","-","problem division","inhibited TVC division","the 2 TVCs didn't divide in the trunk","good","-","Dync2h.slide1_image2.2020_10_07","division perturbed",FALSE,TRUE,FALSE
"Dync2h.slide1_image23.2020_10_07","2020_10_07","Margaux Failla","Dync2h","slide1_image23","yes",87.3,57.7,"-","yes","10.5","-","problem division","inhibited TVC division","one of the TVCs didn't divide in the trunk","good","-","Dync2h.slide1_image23.2020_10_07","division perturbed",FALSE,TRUE,FALSE
"Dync2h.slide1_image27_left.2020_10_07","2020_10_07","Margaux Failla","Dync2h","slide1_image27_left","yes",80.2,32.8,"-","yes","-","only one group in the trunk - no distance","problem migration and division","enhanced ATM migration / enhanced ATM division","the 2 ATMs migrated and divided with the TVCs in the trunk","good","-","Dync2h.slide1_image27_left.2020_10_07","migration/division perturbed",TRUE,TRUE,FALSE
"Dync2h.slide1_image27_right.2020_10_07","2020_10_07","Margaux Failla","Dync2h","slide1_image27_right","yes",77.5,30.1,"-","yes","21.2","-","problem migration and division","enhanced ATM migration / enhanced ATM division","one of the ATMs migrated and divided with the TVCs in the trunk","good","-","Dync2h.slide1_image27_right.2020_10_07","migration/division perturbed",TRUE,TRUE,FALSE
"Dync2h.slide1_image8.2020_10_07","2020_10_07","Margaux Failla","Dync2h","slide1_image8","yes",76.4,25.3,"-","yes","30.4","-","problem division","inhibited TVC division / problem disposition ATM","the 2 TVCs didn't divide in the trunk; the ATMs are separated from each other","good","-","Dync2h.slide1_image8.2020_10_07","division perturbed",FALSE,TRUE,FALSE
"Dync2h.slide2_image11.2020_10_07","2020_10_07","Margaux Failla","Dync2h","slide2_image11","yes",84.3,40.4,"-","yes","21.1","-","problem migration","inhibited TVC migration","one of the TVC didn't migrate, it stayed in the tail with the ATMs and divided","good","-","Dync2h.slide2_image11.2020_10_07","migration perturbed",TRUE,FALSE,FALSE
"Dync2h.slide2_image16.2020_10_07","2020_10_07","Margaux Failla","Dync2h","slide2_image16","yes",82,30.2,"-","yes","32.2","-","problem orientation","TVC cell alignment","one of the TVC divided but not in the medio-laterale orientation, so cells are aligned","good","-","Dync2h.slide2_image16.2020_10_07","orientation perturbed",FALSE,FALSE,TRUE
"Dync2h.slide2_image18_left.2020_10_07","2020_10_07","Margaux Failla","Dync2h","slide2_image18_left","yes",64.2,32.3,"-","yes","0","groups connected","problem migration and division","enhanced ATM migration / inhibited TVC division","one of the ATM migrated with the TVCs in the trunk but still attached to the other ATM in the tail; and one of the TVCs didn't divide in the trunk","good","-","Dync2h.slide2_image18_left.2020_10_07","migration/division perturbed",TRUE,TRUE,FALSE
"Dync2h.slide2_image20_right.2020_10_07","2020_10_07","Margaux Failla","Dync2h","slide2_image20_right","yes",90.2,30.3,"-","yes","6.45","-","problem migration","enhanced ATM migration","one of the ATM migrated with the TVCs in the trunk","good","-","Dync2h.slide2_image20_right.2020_10_07","migration perturbed",TRUE,FALSE,FALSE
"Dync2h.slide2_image8_left.2020_10_07","2020_10_07","Margaux Failla","Dync2h","slide2_image8_left","yes",70.2,27.5,"-","yes","0","groups connected","problem migration and division","inhibited TVC migration / inhibited TVC division","the 2 TVCs didn't migrated completely, still attached to the ATMs and they didn't divide","correct","Segmentation doesn't reflect the correct signal","Dync2h.slide2_image8_left.2020_10_07","migration/division perturbed",TRUE,TRUE,FALSE
"Dync2h.slide2_image9.2020_10_07","2020_10_07","Margaux Failla","Dync2h","slide2_image9","yes",84,27.5,"-","yes","32.9","distance should be shorter, missing a part because detach from the cell","problem migration","inhibited TVC migration","one of the TVCs didn't migrate it stayed in the tail and divided","good","Missing a part of the segmentation because detach from the cells","Dync2h.slide2_image9.2020_10_07","migration perturbed",TRUE,FALSE,FALSE
"EPB4.1.image1.2020_06_17","2020_06_17","Yelena Bernadskaya","EPB4.1","image1","yes",60,16.3,"-","yes","21.9","-","problem migration and division","enhanced ATM migration / enhanced ATM division","one of the ATM migrated in the trunk and divided with the TVCs","good","-","EPB4.1.image1.2020_06_17","migration/division perturbed",TRUE,TRUE,FALSE
"EPB4.1.image10_right.2020_06_17","2020_06_17","Yelena Bernadskaya","EPB4.1","image10_right","yes",45.1,20.3,"-","yes","26.2","-","problem division","enhanced ATM division / inhibited TVC division","the 2 ATMs divided in the tail; and one of the TVC didn't divide in the trunk","correct","Ambiguous phenotype, difficult to identify the cells","EPB4.1.image10_right.2020_06_17","division perturbed",FALSE,TRUE,FALSE
"EPB4.1.image11.2020_06_17","2020_06_17","Yelena Bernadskaya","EPB4.1","image11","yes",60.7,23.1,"-","yes","39.8","-","problem division","inhibited TVC division","the 2 TVCs didn't divide in the trunk","not good","One ATM seems to be very small compare to the other one","EPB4.1.image11.2020_06_17","division perturbed",FALSE,TRUE,FALSE
"EPB4.1.image12.2020_06_17","2020_06_17","Yelena Bernadskaya","EPB4.1","image12","yes",44.7,20.1,"-","yes","32.4","-","problem migration and division","enhanced ATM division / inhibited TVC division","one of the ATM migrated in the trunk; and one of the TVC didn't divide in the trunk","good","Ambiguous phenotype, difficult to identify the cells","EPB4.1.image12.2020_06_17","migration/division perturbed",TRUE,TRUE,FALSE
"EPB4.1.image2.2020_06_17","2020_06_17","Yelena Bernadskaya","EPB4.1","image2","yes",20.6,13,"-","yes","42.2","-","problem division","inhibited TVC division","one of the TVC didn't divide in the trunk","correct","-","EPB4.1.image2.2020_06_17","division perturbed",FALSE,TRUE,FALSE
"EPB4.1.image3.2020_06_17","2020_06_17","Yelena Bernadskaya","EPB4.1","image3","yes",37.9,13.8,"-","yes","24.1","-","problem migration and division","enhanced ATM migration / inhibited TVC division","one of the ATM migrated in the trunk with the TVCs; the 2 TVCs didn't divide in the trunk","not good","-","EPB4.1.image3.2020_06_17","migration/division perturbed",TRUE,TRUE,FALSE
"EPB4.1.image4.2020_06_17","2020_06_17","Yelena Bernadskaya","EPB4.1","image4","yes",50.2,25.4,"-","yes","1.98","-","problem migration and division","enhanced ATM migration / inhibited TVC division","the ATMs migrated a bit in the trunk; and one of the TVC didn't divide completely (but not seen in the segmentation, because the nuclei are enough far from each other, so considered as 2 cells)","good","-","EPB4.1.image4.2020_06_17","migration/division perturbed",TRUE,TRUE,FALSE
"EPB4.1.image5.2020_06_17","2020_06_17","Yelena Bernadskaya","EPB4.1","image5","yes",57.2,17.1,"-","yes","46.9","-","problem migration and division","enhanced ATM migration / inhibited TVC division","one of the ATM migrated in the trunk with the TVCs; the 2 TVCs didn't divide in the trunk","not good","Ambiguous phenotype","EPB4.1.image5.2020_06_17","migration/division perturbed",TRUE,TRUE,FALSE
"EPB4.1.image7.2020_06_17","2020_06_17","Yelena Bernadskaya","EPB4.1","image7","yes",34.2,20.3,"-","yes","19.2","-","problem division","inhibited TVC division","the 2 TVCs didn't divide in the trunk","good","the 2 ATMs are separated in the tail","EPB4.1.image7.2020_06_17","division perturbed",FALSE,TRUE,FALSE
"EPB4.1.image8.2020_06_17","2020_06_17","Yelena Bernadskaya","EPB4.1","image8","yes",49.7,20.3,"-","yes","38.4","-","problem migration and division","enhanced ATM migration / enhanced ATM division / inhibited TVC division","one of the ATM migrated in the trunk and divided; the 2 TVCs didn't divide in the trunk","correct","Ambiguous phenotype, difficult to identify the cells","EPB4.1.image8.2020_06_17","migration/division perturbed",TRUE,TRUE,FALSE
"EPB4.1.image9_left.2020_06_17","2020_06_17","Yelena Bernadskaya","EPB4.1","image9_left","yes",58.6,22,"-","yes","-","no distance - only one group in the trunk","problem migration","enhanced ATM migration","the 2 ATMs migrated in the trunk with the TVCs","good","-","EPB4.1.image9_left.2020_06_17","migration perturbed",TRUE,FALSE,FALSE
"EPB4.1.slide1_image10_left.2021_01_06","2021_01_06","Margaux Failla","EPB4.1","slide1_image10_left","yes",82.6,37.7,"-","yes","30.6","-","problem migration and division","enhanced ATM migration / enhanced ATM division","one of the ATM migrated and divided with the TVCs in the trunk","good","-","EPB4.1.slide1_image10_left.2021_01_06","migration/division perturbed",TRUE,TRUE,FALSE
"EPB4.1.slide1_image22_left.2021_01_06","2021_01_06","Margaux Failla","EPB4.1","slide1_image22_left","yes",82.5,50.5,"-","yes","40.4","-","problem migration and division","inhibited TVC migration / inhibited TVC division","one of the TVC didn't migrate and didn't divide, it stayed with the ATMs in the tail","good","-","EPB4.1.slide1_image22_left.2021_01_06","migration/division perturbed",TRUE,TRUE,FALSE
"EPB4.1.slide1_image24.2021_01_06","2021_01_06","Margaux Failla","EPB4.1","slide1_image24","yes",94.8,43,"-","yes","22.6","-","problem orientation","TVC cell alignement","one of the TVC divided not in the medio-laterale orientation, so cells are a bit aligned","good","-","EPB4.1.slide1_image24.2021_01_06","orientation perturbed",FALSE,FALSE,TRUE
"EPB4.1.slide1_image26_left.2021_01_06","2021_01_06","Margaux Failla","EPB4.1","slide1_image26_left","yes",70.4,45,"-","yes","22.5","-","problem migration and division","enhanced ATM migration / enhanced ATM division","one of the ATM migrated and divided with the TVCs in the trunk","correct","-","EPB4.1.slide1_image26_left.2021_01_06","migration/division perturbed",TRUE,TRUE,FALSE
"EPB4.1.slide1_image31_left.2021_01_06","2021_01_06","Margaux Failla","EPB4.1","slide1_image31_left","yes",80.6,22.4,"-","yes","23.8","-","problem migration and division","enhanced ATM migration / enhanced ATM division","one of the ATM migrated and divided with the TVCs in the trunk","good","-","EPB4.1.slide1_image31_left.2021_01_06","migration/division perturbed",TRUE,TRUE,FALSE
"EPB4.1.slide1_image31_right.2021_01_06","2021_01_06","Margaux Failla","EPB4.1","slide1_image31_right","yes",80.6,35.4,"-","yes","34.1","-","problem migration and division","enhanced ATM migration / enhanced ATM division","one of the ATM migrated and divided with the TVCs in the trunk","good","-","EPB4.1.slide1_image31_right.2021_01_06","migration/division perturbed",TRUE,TRUE,FALSE
"EPB4.1.slide1_image34.2021_01_06","2021_01_06","Margaux Failla","EPB4.1","slide1_image34","yes",88,40,"-","yes","17.9","-","problem orientation","TVC cell alignement","one of the TVC divided not in the medio-laterale orientation, so cells are a bit aligned","good","-","EPB4.1.slide1_image34.2021_01_06","orientation perturbed",FALSE,FALSE,TRUE
"EPB4.1.slide1_image35.2021_01_06","2021_01_06","Margaux Failla","EPB4.1","slide1_image35","yes",80.8,35,"-","yes","-","only one group in the trunk - no distance","problem migration and division","enhanced ATM migration / enhanced ATM division","the 2 ATMs migrated and divided with the TVCs in the trunk","correct","-","EPB4.1.slide1_image35.2021_01_06","migration/division perturbed",TRUE,TRUE,FALSE
"EPB4.1.slide1_image37_right.2021_01_06","2021_01_06","Margaux Failla","EPB4.1","slide1_image37_right","yes",82.5,25.1,"-","yes","15.8","-","problem migration","enhanced ATM migration","one of the ATM migrated with the TVCs in the trunk","good","-","EPB4.1.slide1_image37_right.2021_01_06","migration perturbed",TRUE,FALSE,FALSE
"EPB4.1.slide1_image39.2021_01_06","2021_01_06","Margaux Failla","EPB4.1","slide1_image39","yes",89.8,30.3,"-","yes","37.7","-","problem migration and division","enhanced ATM migration / enhanced ATM division","one of the ATMs migrated and divided with the TVCs in the trunk","good","-","EPB4.1.slide1_image39.2021_01_06","migration/division perturbed",TRUE,TRUE,FALSE
"EPB4.1.slide1_image41.2021_01_06","2021_01_06","Margaux Failla","EPB4.1","slide1_image41","yes",74.3,42.4,"-","yes","22.5","-","problem migration","enhanced ATM migration","one of the ATM migrated with the TVCs in the trunk","good","-","EPB4.1.slide1_image41.2021_01_06","migration perturbed",TRUE,FALSE,FALSE
"EPB4.1.slide1_image43.2021_01_06","2021_01_06","Margaux Failla","EPB4.1","slide1_image43","yes",79.4,40.4,"-","yes","0","groups connected","problem migration and division","enhanced ATM migration / inhibited TVC division","the ATMs migrated a bit with the TVCs, they are still in the tail but attached to the TVCs in the trunk; the 2 TVCs didn't divide in the trunk","good","-","EPB4.1.slide1_image43.2021_01_06","migration/division perturbed",TRUE,TRUE,FALSE
"EPB4.1.slide2_image15.2021_01_06","2021_01_06","Margaux Failla","EPB4.1","slide2_image15","yes",80.1,32.4,"-","yes","18.1","-","problem migration an division","enhanced ATM migration / enhanced ATM division","one of the ATM migrated and divided with the TVCs in the trunk","good","-","EPB4.1.slide2_image15.2021_01_06","migration/division perturbed",TRUE,TRUE,FALSE
"EPB4.1.slide2_image17.2021_01_06","2021_01_06","Margaux Failla","EPB4.1","slide2_image17","yes",82.2,35.3,"-","yes","-","only one group in the trunk - no distance","problem migration and division","enhanced ATM migration / inhibited TVC division","the 2 ATMs migrated with the 2 TVCs in the trunk; the 2 TVCs didn't divide in the trunk","good","-","EPB4.1.slide2_image17.2021_01_06","migration/division perturbed",TRUE,TRUE,FALSE
"EPB4.1.slide2_image19.2021_01_06","2021_01_06","Margaux Failla","EPB4.1","slide2_image19","yes",90.2,35.1,"-","yes","21.8","-","problem orientation","TVC cell alignment","one of the TVC divided not in the medio-laterale orientation, so the cells are a bit aligned","good","-","EPB4.1.slide2_image19.2021_01_06","orientation perturbed",FALSE,FALSE,TRUE
"EPB4.1.slide2_image22_left.2021_01_06","2021_01_06","Margaux Failla","EPB4.1","slide2_image22_left","yes",80,30,"-","yes","13.8","-","problem migration","enhanced ATM migration ","one of the ATM migrated with the TVCs in the trunk","good","-","EPB4.1.slide2_image22_left.2021_01_06","migration perturbed",TRUE,FALSE,FALSE
"EPB4.1.slide2_image22_right.2021_01_06","2021_01_06","Margaux Failla","EPB4.1","slide2_image22_right","yes",85.8,20.3,"-","yes","14.2","-","problem migration and division","inhibited TVC migration / inhibited TVC division","one of the TVC didn't migrate and didn't divide, it stayed with the ATMs in the tail","correct","-","EPB4.1.slide2_image22_right.2021_01_06","migration/division perturbed",TRUE,TRUE,FALSE
"EPB4.1.slide2_image29_left.2021_01_06","2021_01_06","Margaux Failla","EPB4.1","slide2_image29_left","yes",89.3,37.7,"-","yes","20.1","-","problem migration and division","enhanced ATM migration / enhanced ATM division","one of the ATM migrated and divided with the TVCs in the trunk","good","-","EPB4.1.slide2_image29_left.2021_01_06","migration/division perturbed",TRUE,TRUE,FALSE
"EPB4.1.slide2_image32.2021_01_06","2021_01_06","Margaux Failla","EPB4.1","slide2_image32","yes",98.5,37.3,"-","yes","15.3","-","problem division","inhibited TVC division","one of the TVC didn't divide in the trunk","good","-","EPB4.1.slide2_image32.2021_01_06","division perturbed",FALSE,TRUE,FALSE
"Eph.image10_left.2020_06_17","2020_06_17","Yelena Bernadskaya","Eph","image10_left","yes",43.3,25,"-","yes","-","no distance - only one group in the trunk","problem migration and division","enhanced ATM migration / enhanced ATM division / inhibited TVC division","the 2 ATMs migrated in the tail and divided with the TVCs; one of the TVC didn't divide","good","Ambiguous phenotype, difficult to identify the cells","Eph.image10_left.2020_06_17","migration/division perturbed",TRUE,TRUE,FALSE
"Eph.image11.2020_06_17","2020_06_17","Yelena Bernadskaya","Eph","image11","yes",23.8,32,"-","yes","25.7","-","problem orientation and division","TVC cell alignment / enhanced TVC division","one of the TVC divided not in the medio-lateral orientation; and one TVC started the second division, but not seen in the segmentation because nuclei too close","not good","-","Eph.image11.2020_06_17","division/orientation perturbed",FALSE,TRUE,TRUE
"Eph.image12_right.2020_06_17","2020_06_17","Yelena Bernadskaya","Eph","image12_right","yes",40.6,40.7,"-","yes","41.8","-","problem division","inhibited TVC division","one of the TVC didn't divide in the trunk","good","-","Eph.image12_right.2020_06_17","division perturbed",FALSE,TRUE,FALSE
"Eph.image13.2020_06_17","2020_06_17","Yelena Bernadskaya","Eph","image13","yes",25,34.3,"-","yes","2.87","-","problem migration","enhanced ATM migration","one of the ATM migrated in the trunk with the TVCs","good","-","Eph.image13.2020_06_17","migration perturbed",TRUE,FALSE,FALSE
"Eph.image15.2020_06_17","2020_06_17","Yelena Bernadskaya","Eph","image15","yes",31.7,43.7,"-","yes","48.6","-","problem division","inhibited TVC division","one of the TVC didn't divide in the trunk","good","-","Eph.image15.2020_06_17","division perturbed",FALSE,TRUE,FALSE
"Eph.image16.2020_06_17","2020_06_17","Yelena Bernadskaya","Eph","image16_right","no",NA,NA,"-","no","-","no distance - only one group in the trunk","problem migration and division","enhanced ATM migration / enhanced ATM division","the 2 ATMs migrated with the TVCs in the trunk and one of the ATM divided","correct","Ambiguous phenotype, difficult to identify the cells","Eph.image16_right.2020_06_17","migration/division perturbed",TRUE,TRUE,FALSE
"Eph.image4.2020_06_17","2020_06_17","Yelena Bernadskaya","Eph","image4","yes",64.6,41.3,"-","yes","9.36","-","problem migration and orientation","enhanced ATM migration / TVC cell alignment","the ATMs migrated a bit in the trunk, closer to the TVCs group; one of the TVC divided not in the medio-lateral orientation, so cells are aligned","good","-","Eph.image4.2020_06_17","migration/orientation perturbed",TRUE,FALSE,TRUE
"Eph.image5.2020_06_17","2020_06_17","Yelena Bernadskaya","Eph","image5","yes",32.6,39.1,"-","yes","33.6","-","problem migration and division","enhanced ATM migration / enhanced TVC division","one of the ATM migrated in the trunk; and 2 TVCs started a second division (but not seen in the segmentation, because nuclei to close to each other)","not good","Ambiguous phenotype, difficult to identify the cells","Eph.image5.2020_06_17","migration/division perturbed",TRUE,TRUE,FALSE
"Eph.image8.2020_06_17","2020_06_17","Yelena Bernadskaya","Eph","image8","yes",73.2,43.5,"-","yes","26.5","-","problem migration, division and orientation","enhanced ATM migration / enhanced ATM division / TVC cell alignment","one of the ATM migrated in the trunk and divided with the TVCs; one of the TVC divided but not in the medio-lateral orientation, so cells are aligned","good","-","Eph.image8.2020_06_17","migration/division/orientation perturbed",TRUE,TRUE,TRUE
"Eph.image9.2020_06_17","2020_06_17","Yelena Bernadskaya","Eph","image9","yes",55.2,35.5,"-","yes","12","-","problem migration","enhanced ATM migration","the ATMs migrated a bit in the trunk, closer to the TVCs group","good","-","Eph.image9.2020_06_17","migration perturbed",TRUE,FALSE,FALSE
"Eph.slide1_image1_left.2020_02_06","2020_02_06","Margaux Failla","Eph","slide1_image1_left","yes",75,29.4,"-","yes","42.2","-","problem division","enhanced ATM division","one of the ATM divided in the tail","correct","-","Eph.slide1_image1_left.2020_02_06","division perturbed",FALSE,TRUE,FALSE
"Eph.slide1_image14.2020_02_06","2020_02_06","Margaux Failla","Eph","slide1_image14","yes",110,47.2,"-","yes","40.1","-","problem orientation","TVC cell alignment","one of the TVC divided not in the medio lateral orientation, so cells aligned","good","-","Eph.slide1_image14.2020_02_06","orientation perturbed",FALSE,FALSE,TRUE
"Eph.slide1_image16.2020_02_06","2020_02_06","Margaux Failla","Eph","slide1_image16","yes",115,33.8,"-","yes","3.82","-","problem migration and division","enhanced ATM migration / enhanced ATM division","one of the ATM migrated in the trunk and divided ","good","-","Eph.slide1_image16.2020_02_06","migration/division perturbed",TRUE,TRUE,FALSE
"Eph.slide1_image17_left.2020_02_06","2020_02_06","Margaux Failla","Eph","slide1_image17_left","yes",115,43.2,"-","yes","19","-","problem migration","inhibited TVC migration","one of the TVC didn't migrate and divided in the tail","good","-","Eph.slide1_image17_left.2020_02_06","migration perturbed",TRUE,FALSE,FALSE
"Eph.slide1_image19_left.2020_02_06","2020_02_06","Margaux Failla","Eph","slide1_image19_left","yes",120,40.7,"-","yes","15.6","-","problem migration","enhanced ATM migration","one of the ATM migrated in the trunk with TVC","not good","-","Eph.slide1_image19_left.2020_02_06","migration perturbed",TRUE,FALSE,FALSE
"Eph.slide1_image2.2020_02_06","2020_02_06","Margaux Failla","Eph","slide1_image2","yes",110,27.4,"-","yes","1.58","-","problem migration and division","enhanced ATM migration / inhibited TVC division","one of the ATM migrated in the trunk and the two TVCs didn't divide in the trunk","good","-","Eph.slide1_image2.2020_02_06","migration/division perturbed",TRUE,TRUE,FALSE
"Eph.slide1_image20_left.2020_02_06","2020_02_06","Margaux Failla","Eph","slide1_image20_left","yes",120,38.6,"-","yes","26.2","-","problem division","enhanced ATM division","one of the ATM divided in the tail","good","-","Eph.slide1_image20_left.2020_02_06","division perturbed",FALSE,TRUE,FALSE
"Eph.slide1_image20_right.2020_02_06","2020_02_06","Margaux Failla","Eph","slide1_image20_right","yes",125,30,"-","yes","20.1","-","problem division","inhibited TVC division","the 2 TVCs didn't divide in the trunk","good","-","Eph.slide1_image20_right.2020_02_06","division perturbed",FALSE,TRUE,FALSE
"Eph.slide1_image23.2020_02_06","2020_02_06","Margaux Failla","Eph","slide1_image23","yes",115,22.4,"-","yes","0","groups connected","problem migration","enhanced ATM migration","one of the ATM migrated in the trunk and still connected to the second ATM in the tail","good","-","Eph.slide1_image23.2020_02_06","migration perturbed",TRUE,FALSE,FALSE
"Eph.slide1_image24.2020_02_06","2020_02_06","Margaux Failla","Eph","slide1_image24","yes",110,38.2,"-","yes","22","-","problem migration and division","enhanced ATM migration / enhanced ATM division","one of the ATM migrated in the trunk and divided ","good","-","Eph.slide1_image24.2020_02_06","migration/division perturbed",TRUE,TRUE,FALSE
"Eph.slide1_image27.2020_02_06","2020_02_06","Margaux Failla","Eph","slide1_image27","yes",97,33,"-","yes","28.7","-","problem migration and division","inhibited TVC migration / inhibited TVC division","one of the TVC didn't migrate and didn't divide, stayed with ATMs in the tail","good","-","Eph.slide1_image27.2020_02_06","migration/division perturbed",TRUE,TRUE,FALSE
"Eph.slide1_image29_left.2020_02_06","2020_02_06","Margaux Failla","Eph","slide1_image29_left","yes",110,52.9,"-","yes","9.44","-","problem migration and division","inhibited TVC migration / inhibited TVC division","one of the TVC didn't migrate and didn't divide, it stayed in the tail with the ATMs; the second TVC didn't divide in the trunk","good","-","Eph.slide1_image29_left.2020_02_06","migration/division perturbed",TRUE,TRUE,FALSE
"Eph.slide1_image29_right.2020_02_06","2020_02_06","Margaux Failla","Eph","slide1_image29_right","yes",105,33.5,"-","yes","16.8","-","problem migration","enhanced ATM migration","one of the ATM migrated in the trunk","good","-","Eph.slide1_image29_right.2020_02_06","migration perturbed",TRUE,FALSE,FALSE
"Eph.slide1_image3.2020_02_06","2020_02_06","Margaux Failla","Eph","slide1_image3","yes",100,34.6,"-","yes","0","groups connected","problem migration and division","enhanced ATM migration / enhanced ATM division","one of the ATM divided and migrated but not completely, so the groups of cells are not serparated","good","-","Eph.slide1_image3.2020_02_06","migration/division perturbed",TRUE,TRUE,FALSE
"Eph.slide1_image30.2020_02_06","2020_02_06","Margaux Failla","Eph","slide1_image30","yes",95,40.6,"-","yes","12.5","-","problem division","inhibited TVC division","the 2 TVCs didn't divide in the trunk","good","-","Eph.slide1_image30.2020_02_06","division perturbed",FALSE,TRUE,FALSE
"Eph.slide1_image32.2020_02_06","2020_02_06","Margaux Failla","Eph","slide1_image32","yes",85.5,34.9,"-","yes","13.3","-","problem migration","inhibited TVC migration / inhibited TVC division","one of the TVC didn't migrate and divided in the tail","not good","-","Eph.slide1_image32.2020_02_06","migration perturbed",TRUE,FALSE,FALSE
"Eph.slide1_image33_right.2020_02_06","2020_02_06","Margaux Failla","Eph","slide1_image33_right","yes",90.9,32.2,"-","yes","41","-","problem migration","enhanced ATM migration","one of the ATM migrated with the TVCs in the trunk","good","-","Eph.slide1_image33_right.2020_02_06","migration perturbed",TRUE,FALSE,FALSE
"Eph.slide1_image35.2020_02_06","2020_02_06","Margaux Failla","Eph","slide1_image35","yes",115,37.8,"-","yes","20.4","-","problem migration and orientation","enhanced ATM migration / TVC cell alignment","one of the ATM migrated with the TVCs in the trunk, and the TVCs divided but not in the medio-lateral orientation, so cells are a bit aligned","good","-","Eph.slide1_image35.2020_02_06","migration/orientation perturbed",TRUE,FALSE,TRUE
"Eph.slide1_image36.2020_02_06","2020_02_06","Margaux Failla","Eph","slide1_image36","yes",120,39.6,"-","yes","18.5","-","problem migration and division","enhanced ATM migration / enhanced ATM division","one of the ATM migrated and divided in trunk with the TVCs","good","-","Eph.slide1_image36.2020_02_06","migration/division perturbed",TRUE,TRUE,FALSE
"Eph.slide1_image37.2020_02_06","2020_02_06","Margaux Failla","Eph","slide1_image37","yes",110,33.8,"-","yes","30.4","-","problem migration and division","enhanced ATM migration / enhanced ATM division","one of the ATM migrated and divided in trunk with the TVCs","good","-","Eph.slide1_image37.2020_02_06","migration/division perturbed",TRUE,TRUE,FALSE
"Eph.slide1_image4.2020_02_06","2020_02_06","Margaux Failla","Eph","slide1_image4","yes",105,42.4,"-","yes","0","groups connected","problem migration and division","enhanced ATM migration / enhanced ATM division","one of the ATM divided in the tail and 1 migrated but not completely, so cells connected to the TVC group","good","ATM are separated","Eph.slide1_image4.2020_02_06","migration/division perturbed",TRUE,TRUE,FALSE
"Eph.slide1_image5_left.2020_02_06","2020_02_06","Margaux Failla","Eph","slide1_image5_left","yes",110,50.1,"-","yes","3.64","-","problem migration and division","inhibited TVC migration / inhibited TVC division","one of the TVC didn't migrate and didn't divide, stayed in the tail","good","-","Eph.slide1_image5_left.2020_02_06","migration/division perturbed",TRUE,TRUE,FALSE
"Eph.slide1_image6.2020_02_06","2020_02_06","Margaux Failla","Eph","slide1_image6","yes",110,27.3,"-","yes","-","no distance - only one group in the trunk","problem migration and division","enhanced ATM migration / enhanced ATM division","the 2 ATMs migrated in the trunk and divided, all cells connected","good","-","Eph.slide1_image6.2020_02_06","migration/division perturbed",TRUE,TRUE,FALSE
"Eph.slide1_image7_right.2020_02_06","2020_02_06","Margaux Failla","Eph","slide1_image7_right","yes",130,47.4,"-","yes","23.6","-","problem division","inhibited TVC division","one of the TVC didn't divide in the trunk","good","-","Eph.slide1_image7_right.2020_02_06","division perturbed",FALSE,TRUE,FALSE
"Eph.slide1_image8_right.2020_02_06","2020_02_06","Margaux Failla","Eph","slide1_image8_right","yes",120,31.8,"-","yes","0","groups connected","problem migration and division","enhanced ATM migration / enhanced ATM division","one of the ATM divided in the tail and migrated but not completely, so cells connected to the TVC group","correct","-","Eph.slide1_image8_right.2020_02_06","migration/division perturbed",TRUE,TRUE,FALSE
"Eph.slide1_image9_right.2020_02_06","2020_02_06","Margaux Failla","Eph","slide1_image9_right","yes",120,34.1,"-","yes","30.8","-","problem migration and division","enhanced ATM migration / enhanced ATM division","one of the ATM migrated in the trunk and divided ","good","-","Eph.slide1_image9_right.2020_02_06","migration/division perturbed",TRUE,TRUE,FALSE
"Eph.slide2_image11_left.2020_02_06","2020_02_06","Margaux Failla","Eph","slide2_image11_left","yes",90,40.7,"-","yes","33.9","-","problem migration","enhanced ATM migration","One of the ATM migrated in the trunk with the TVC","good","-","Eph.slide2_image11_left.2020_02_06","migration perturbed",TRUE,FALSE,FALSE
"Eph.slide2_image12_right.2020_02_06","2020_02_06","Margaux Failla","Eph","slide2_image12_right","yes",95,32.8,"-","yes","23.5","-","problem migration","enhanced ATM migration / enhanced ATM division","One of the ATM migrated in the trunk with the TVC and divided","correct","-","Eph.slide2_image12_right.2020_02_06","migration perturbed",TRUE,FALSE,FALSE
"Eph.slide2_image18.2020_02_06","2020_02_06","Margaux Failla","Eph","slide2_image18","yes",95,33,"-","yes","5.49","-","problem migration and division","enhanced ATM division / inhibited TVC division","the 2 TVC didn't divide in the trunk and one of the ATM divided in the tail","not good","-","Eph.slide2_image18.2020_02_06","migration/division perturbed",TRUE,TRUE,FALSE
"Eph.slide2_image19_left.2020_02_06","2020_02_06","Margaux Failla","Eph","slide2_image19_left","yes",100,47.6,"-","yes","15.8","-","problem division","inhibited TVC division","One of the TVC didn't divide in the trunk","good","-","Eph.slide2_image19_left.2020_02_06","division perturbed",FALSE,TRUE,FALSE
"Eph.slide2_image2_left.2020_02_06","2020_02_06","Margaux Failla","Eph","slide2_image2_left","yes",160,72.6,"-","yes","33.1","-","problem migration and division","inhibited TVC migration / inhibited TVC division / enhanced ATM division","one of the TVC didn't migrate and didn't divide in the tail; one of the ATM divided in the tail","good","Ambiguous phenotype","Eph.slide2_image2_left.2020_02_06","migration/division perturbed",TRUE,TRUE,FALSE
"Eph.slide2_image2_right.2020_02_06","2020_02_06","Margaux Failla","Eph","slide2_image2_right","yes",130,46.5,"-","yes","16.1","-","problem migration and division","enhanced ATM migration / enhanced ATM division","one of the ATM migrated in the trunk and divided with TVCs","good","-","Eph.slide2_image2_right.2020_02_06","migration/division perturbed",TRUE,TRUE,FALSE
"Eph.slide2_image21.2020_02_06","2020_02_06","Margaux Failla","Eph","slide2_image21","yes",110,47.9,"-","yes","9.46","-","problem migration","inhibited TVC migration / inhibited TVC division","one of the TVC didn't migrate and divided in the tail","correct","-","Eph.slide2_image21.2020_02_06","migration perturbed",TRUE,FALSE,FALSE
"Eph.slide2_image22_left.2020_02_06","2020_02_06","Margaux Failla","Eph","slide2_image22_left","yes",125,52.5,"-","yes","-","no distance - only one group in the trunk","problem migration and division","enhanced ATM migration / enhanced ATM division","the 2 ATMs migrated in the trunk with TVCs and one of the ATM divided","good","-","Eph.slide2_image22_left.2020_02_06","migration/division perturbed",TRUE,TRUE,FALSE
"Eph.slide2_image22_right.2020_02_06","2020_02_06","Margaux Failla","Eph","slide2_image22_right","yes",110,34.5,"-","yes","25.6","-","problem migration and division","enhanced ATM migration / enhanced ATM division","one ATM migrated in the trunk with TVCs and divided","good","-","Eph.slide2_image22_right.2020_02_06","migration/division perturbed",TRUE,TRUE,FALSE
"Eph.slide2_image24.2020_02_06","2020_02_06","Margaux Failla","Eph","slide2_image24","yes",79.8,31.3,"-","yes","3.63","in reality groups are connected","problem migration and division","enhanced ATM migration / enhanced ATM division","one of the ATM migrated in the trunk with TVCs and divided","good","-","Eph.slide2_image24.2020_02_06","migration/division perturbed",TRUE,TRUE,FALSE
"Eph.slide2_image25_left.2020_02_06","2020_02_06","Margaux Failla","Eph","slide2_image25_left","yes",74.5,27.5,"-","yes","0","groups connected","problem migration and division","enhanced ATM migration / enhanced ATM division","one of the ATM migrated in the trunk with TVCs and divided","good","Ambiguous phenotype between left and right","Eph.slide2_image25_left.2020_02_06","migration/division perturbed",TRUE,TRUE,FALSE
"Eph.slide2_image26_left.2020_02_06","2020_02_06","Margaux Failla","Eph","slide2_image26_left","yes",115,31.7,"-","yes","20.8","-","problem migration and division","enhanced ATM migration / enhanced ATM division","one of the ATM migrated in the trunk and divided with TVCs; the oritentation of the group is not medio-lateral but no feature to catch this)","good","-","Eph.slide2_image26_left.2020_02_06","migration/division perturbed",TRUE,TRUE,FALSE
"Eph.slide2_image26_right.2020_02_06","2020_02_06","Margaux Failla","Eph","slide2_image26_right","yes",115,31.7,"-","yes","40.1","-","problem migration and division","enhanced ATM migration / inhibited TVC division","one of the ATM migrated in the trunk with TVCs; and one of the TVC didn't divide","good","-","Eph.slide2_image26_right.2020_02_06","migration/division perturbed",TRUE,TRUE,FALSE
"Eph.slide2_image27_right.2020_02_06","2020_02_06","Margaux Failla","Eph","slide2_image27_right","yes",74.6,35.4,"-","yes","21.8","-","problem migration and division","inhibited TVC migration / inhibited TVC division","one of the TVC didn't migrate and didn't divide in the tail","good","-","Eph.slide2_image27_right.2020_02_06","migration/division perturbed",TRUE,TRUE,FALSE
"Ets.slide1_image1.2020_10_06","2020_10_06","Margaux Failla","Ets","slide1_image1","yes",81.8,40.9,"-","yes","27.2","-","problem orientation","TVC cell alignment","one of the TVC divided not in the medio-lateral orientation, so cells have not the correct orientation","correct","-","Ets.slide1_image1.2020_10_06","orientation perturbed",FALSE,FALSE,TRUE
"Ets.slide1_image10_left.2020_10_06","2020_10_06","Margaux Failla","Ets","slide1_image10_left","yes",70.4,40.3,"-","yes","23.3","-","problem migration and division","enhanced ATM migration / inhibited TVC division","one of the ATM migrated in the trunk with the TVCs, and one of the TVCs didn't divide","correct","-","Ets.slide1_image10_left.2020_10_06","migration/division perturbed",TRUE,TRUE,FALSE
"Ets.slide1_image11.2020_10_06","2020_10_06","Margaux Failla","Ets","slide1_image11","yes",89.8,30.4,"-","yes","21.6","-","problem division","inhibited TVC division","one of the TVCs didn't divide in the trunk","good","-","Ets.slide1_image11.2020_10_06","division perturbed",FALSE,TRUE,FALSE
"Ets.slide1_image13.2020_10_06","2020_10_06","Margaux Failla","Ets","slide1_image13","yes",99,30.2,"-","yes","12.5","-","problem migration and division","inhibited TVC migration / inhibited TVC division","one of the TVC didn't migrate and didn't divide in the tail","correct","-","Ets.slide1_image13.2020_10_06","migration/division perturbed",TRUE,TRUE,FALSE
"Ets.slide1_image14.2020_10_06","2020_10_06","Margaux Failla","Ets","slide1_image14","yes",69.1,25.4,"-","yes","6.29","-","problem migration and division","inhibited TVC migration / inhibited TVC division","one of the TVC didn't migrate and stayed in the tail, the 2 TVCs didn't divide","good","-","Ets.slide1_image14.2020_10_06","migration/division perturbed",TRUE,TRUE,FALSE
"Ets.slide1_image15.2020_10_06","2020_10_06","Margaux Failla","Ets","slide1_image15","yes",82.3,30.5,"-","yes","29.7","-","problem division","inhibited TVC division","the 2 TVCs didn't divide in the trunk","good","-","Ets.slide1_image15.2020_10_06","division perturbed",FALSE,TRUE,FALSE
"Ets.slide1_image16.2020_10_06","2020_10_06","Margaux Failla","Ets","slide1_image16","yes",94.5,35.3,"-","yes","37","-","problem division","inhibited TVC division","one of the TVC didn't divide in the trunk","good","-","Ets.slide1_image16.2020_10_06","division perturbed",FALSE,TRUE,FALSE
"Ets.slide1_image17.2020_10_06","2020_10_06","Margaux Failla","Ets","slide1_image17","yes",80.1,30.3,"-","yes","36","-","problem migration and division","inhibited TVC migration / inhibited TVC division","one of the TVC didn't migrate but detached from ATM and it didn't divide","correct","-","Ets.slide1_image17.2020_10_06","migration/division perturbed",TRUE,TRUE,FALSE
"Ets.slide1_image18_right.2020_10_06","2020_10_06","Margaux Failla","Ets","slide1_image18_right","yes",87.3,25.9,"-","yes","24.3","-","problem division","inhibited TVC division","one of the TVC didn't divide in the trunk","good","-","Ets.slide1_image18_right.2020_10_06","division perturbed",FALSE,TRUE,FALSE
"Ets.slide1_image19.2020_10_06","2020_10_06","Margaux Failla","Ets","slide1_image19","yes",75.1,27,"-","yes","24","-","problem division","inhibited TVC division","the 2 TVCs didn't divide in the trunk","not good","-","Ets.slide1_image19.2020_10_06","division perturbed",FALSE,TRUE,FALSE
"Ets.slide1_image2.2020_10_06","2020_10_06","Margaux Failla","Ets","slide1_image2","yes",87,35.2,"-","yes","34.8","-","problem division","inhibited TVC division","one TVC divided but not completely (not seen in the segmentation, because the nuclei are far enough to be segmented separately), and the other TVC didn't divide","good","-","Ets.slide1_image2.2020_10_06","division perturbed",FALSE,TRUE,FALSE
"Ets.slide1_image21_right.2020_10_06","2020_10_06","Margaux Failla","Ets","slide1_image21_right","yes",78.6,50.2,"-","yes","21.1","-","problem division","inhibited TVC division","the 2 TVCs didn't divide in the trunk","not good","-","Ets.slide1_image21_right.2020_10_06","division perturbed",FALSE,TRUE,FALSE
"Ets.slide1_image22.2020_10_06","2020_10_06","Margaux Failla","Ets","slide1_image22","yes",80.5,60.2,"-","yes","23.3","-","problem migration and division","inhibited TVC migration / inhibited TVC division","one of the TVC didn't migrate and didn't divide, it stayed in the tail with ATMs, and the other TVC migrated but didn't divide","correct","-","Ets.slide1_image22.2020_10_06","migration/division perturbed",TRUE,TRUE,FALSE
"Ets.slide1_image23.2020_10_06","2020_10_06","Margaux Failla","Ets","slide1_image23","yes",88.3,27.3,"-","yes","38.7","-","problem division","inhibited TVC division","the 2 TVCs didn't divide in the trunk","not good","-","Ets.slide1_image23.2020_10_06","division perturbed",FALSE,TRUE,FALSE
"Ets.slide1_image24.2020_10_06","2020_10_06","Margaux Failla","Ets","slide1_image24","yes",77.1,32.3,"-","yes","46.1","-","problem migration and division","inhibited TVC migration / inhibited TVC division","one of the TVC didn't migrate and didn't divide, it stayed in the tail with ATMs, and the other TVC migrated but didn't divide","correct","-","Ets.slide1_image24.2020_10_06","migration/division perturbed",TRUE,TRUE,FALSE
"Ets.slide1_image26.2020_10_06","2020_10_06","Margaux Failla","Ets","slide1_image26","yes",84.3,32.5,"-","yes","0","there is a distance between 2 TVCs that didn't migrate and the ATM that migrated with the 2 other TVCs","problem migration","inhibited TVC migration","one of the TVC stayed far in the tail and divided, the other TVC divided but didn't migrate enough in the trunk, so still attached to the ATMs in the tail","not good","Ambiguous phenotype","Ets.slide1_image26.2020_10_06","migration perturbed",TRUE,FALSE,FALSE
"Ets.slide1_image27.2020_10_06","2020_10_06","Margaux Failla","Ets","slide1_image27","yes",75.2,30.1,"-","yes","16.4","-","problem division","inhibited TVC division","the 2 TVCs didn't divide in the trunk","good","-","Ets.slide1_image27.2020_10_06","division perturbed",FALSE,TRUE,FALSE
"Ets.slide1_image28.2020_10_06","2020_10_06","Margaux Failla","Ets","slide1_image28","yes",81.7,40.3,"-","yes","31.6","-","problem migration and division","inhibited TVC migration / inhibited TVC division","one of the TVC didn't migrate and didn't divide, it stayed in the tail with ATMs, and the other TVC migrated but didn't divide","good","-","Ets.slide1_image28.2020_10_06","migration/division perturbed",TRUE,TRUE,FALSE
"Ets.slide1_image29.2020_10_06","2020_10_06","Margaux Failla","Ets","slide1_image29","yes",79.9,35.2,"-","yes","70.7","-","problem migration and division","inhibited TVC migration / inhibited TVC division","one of the TVC didn't migrate and didn't divide, it stayed in the tail with ATMs, and the other TVC migrated but didn't divide","good","-","Ets.slide1_image29.2020_10_06","migration/division perturbed",TRUE,TRUE,FALSE
"Ets.slide1_image3_left.2020_10_06","2020_10_06","Margaux Failla","Ets","slide1_image3_left","yes",83.8,30.1,"-","yes","33.4","-","problem migration and division","inhibited TVC migration / inhibited TVC division","one of the TVC didn't migrate and didn't divide, it stayed in the tail","good","-","Ets.slide1_image3_left.2020_10_06","migration/division perturbed",TRUE,TRUE,FALSE
"Ets.slide1_image30.2020_10_06","2020_10_06","Margaux Failla","Ets","slide1_image30","yes",74.3,37.3,"-","yes","28.2","-","problem migration and division","inhibited TVC migration / inhibited TVC division","one of the ATM migrated in the trunk with the TVCs and the 2 TVCs didin't divide","good","-","Ets.slide1_image30.2020_10_06","migration/division perturbed",TRUE,TRUE,FALSE
"Ets.slide1_image32_right.2020_10_06","2020_10_06","Margaux Failla","Ets","slide1_image32_right","yes",82.1,27.5,"-","yes","42.3","-","problem migration, division and orientation","inhibited TVC migration / inhibited TVC division / TVC cell alignment","one of the TVC didn't migrate and didn't divide, it stayed in the tail with ATMs, and the other TVC migrated and divided but not in the medio-laterale orientation","correct","-","Ets.slide1_image32_right.2020_10_06","migration/division/orientation perturbed",TRUE,TRUE,TRUE
"Ets.slide1_image33_right.2020_10_06","2020_10_06","Margaux Failla","Ets","slide1_image33_right","yes",80.4,34.1,"-","yes","-","only one group in the tail - no distance","problem migration and division","inhibited TVC migration / inhibited TVC division","the 2 TVCs didn't migrate, they stayed in the tail with ATMs and didn't divide","not good","Ambiguous phenotype","Ets.slide1_image33_right.2020_10_06","migration/division perturbed",TRUE,TRUE,FALSE
"Ets.slide1_image35.2020_10_06","2020_10_06","Margaux Failla","Ets","slide1_image35","yes",79.4,37.6,"-","yes","36.1","-","problem division","inhibited TVC division","the 2 TVCs didn't divide in the trunk","good","-","Ets.slide1_image35.2020_10_06","division perturbed",FALSE,TRUE,FALSE
"Ets.slide1_image36.2020_10_06","2020_10_06","Margaux Failla","Ets","slide1_image36","yes",82.8,31.4,"-","yes","38.5","-","problem migration and division","inhibited TVC migration / inhibited TVC division","one of the TVC didn't migrate and didn't divide, it stayed in the tail with ATMs, and the other TVC migrated but didn't divide","good","-","Ets.slide1_image36.2020_10_06","migration/division perturbed",TRUE,TRUE,FALSE
"Ets.slide1_image37.2020_10_06","2020_10_06","Margaux Failla","Ets","slide1_image37","yes",99.5,39.2,"-","yes","21.6","-","problem migration and division","inhibited TVC migration / inhibited TVC division","one of the TVC didn't migrate and didn't divide, it stayed in the tail with ATMs, and the other TVC migrated and divided in the trunk","not good","-","Ets.slide1_image37.2020_10_06","migration/division perturbed",TRUE,TRUE,FALSE
"Ets.slide1_image38.2020_10_06","2020_10_06","Margaux Failla","Ets","slide1_image38","yes",65.1,36,"-","yes","44.4","-","problem division","inhibited TVC division","one of the TVCs didn't divide in the trunk","not good","-","Ets.slide1_image38.2020_10_06","division perturbed",FALSE,TRUE,FALSE
"Ets.slide1_image39_left.2020_10_06","2020_10_06","Margaux Failla","Ets","slide1_image39_left","yes",100,37.6,"-","yes","0","groups connected","problem migration and division","enhanced ATM migration / enhanced ATM division / inhibited TVC division","the ATMs migrated in the trunk with the TVCs, one of the ATM divided and one of the TVCs didn't divided in the trunk","good","Ambiguous phenotype","Ets.slide1_image39_left.2020_10_06","migration/division perturbed",TRUE,TRUE,FALSE
"Ets.slide1_image4.2020_10_06","2020_10_06","Margaux Failla","Ets","slide1_image4","yes",83.8,33.3,"-","yes","27.6","-","problem division","inhibited TVC division","the 2 TVCs didn't divide in the trunk (one started to divide but nuclei still close so considered as 1 cell)","not good","-","Ets.slide1_image4.2020_10_06","division perturbed",FALSE,TRUE,FALSE
"Ets.slide1_image40_left.2020_10_06","2020_10_06","Margaux Failla","Ets","slide1_image40_left","yes",85.5,35.1,"-","yes","22.6","-","problem migration and division","inhibited TVC migration / inhibited TVC division","one of the TVCs didn't migrate and didn't divide, it stayed in the tail with the ATMs; the other TVC didn't divide in the trunk","good","-","Ets.slide1_image40_left.2020_10_06","migration/division perturbed",TRUE,TRUE,FALSE
"Ets.slide1_image40_right.2020_10_06","2020_10_06","Margaux Failla","Ets","slide1_image40_right","yes",85.5,35.1,"-","yes","24.7","-","problem migration and division","inhibited TVC migration / inhibited TVC division","one of the TVCs didn't migrate and didn't divide, it stayed in the tail with the ATMs; the other TVC migrated and divided in the trunk","good","-","Ets.slide1_image40_right.2020_10_06","migration/division perturbed",TRUE,TRUE,FALSE
"Ets.slide1_image42_left.2020_10_06","2020_10_06","Margaux Failla","Ets","slide1_image42_left","yes",80.1,24.7,"-","yes","0","groups connected","problem migration","enhanced ATM migration","one of the ATM migrated in the trunk with the TVCs, but not completely because still attached to the other ATM in the tail","good","-","Ets.slide1_image42_left.2020_10_06","migration perturbed",TRUE,FALSE,FALSE
"Ets.slide1_image44_left.2020_10_06","2020_10_06","Margaux Failla","Ets","slide1_image44_left","yes",73.5,29.3,"-","yes","35.9","-","problem migration and division","inhibited TVC migration / inhibited TVC division","one of the TVC didn't migrate and didn't divide, it stayed in the tail with the ATMs, and the other TVC migrated but didn't divide in the trunk","not good","not segmented correctly on the membrane signal","Ets.slide1_image44_left.2020_10_06","migration/division perturbed",TRUE,TRUE,FALSE
"Ets.slide1_image45.2020_10_06","2020_10_06","Margaux Failla","Ets","slide1_image45","yes",70.3,40,"-","yes","22.5","-","problem division","inhibited TVC division","the 2 TVCs didn't divide in the trunk","good","-","Ets.slide1_image45.2020_10_06","division perturbed",FALSE,TRUE,FALSE
"Ets.slide1_image46_right.2020_10_06","2020_10_06","Margaux Failla","Ets","slide1_image46_right","yes",79.3,30.2,"-","yes","21.3","-","problem migration and division","inhibited TVC migration / inhibited TVC division","one of the TVC didn't migrate and didn't divide, it stayed in the tail with the ATMs, and the other TVC migrated but didn't divide in the trunk","good","-","Ets.slide1_image46_right.2020_10_06","migration/division perturbed",TRUE,TRUE,FALSE
"Ets.slide1_image47_left.2020_10_06","2020_10_06","Margaux Failla","Ets","slide1_image47_left","yes",78.3,27.5,"-","yes","42.2","segmentation not good, missing a part of the ATM - distance should be shorter","problem division","inhibited TVC division","the 2 TVCs didn't divide in the trunk","not good","Ambiguous phenotype between left and right, not segmented correctly on the membrane signal","Ets.slide1_image47_left.2020_10_06","division perturbed",FALSE,TRUE,FALSE
"Ets.slide1_image47_right.2020_10_06","2020_10_06","Margaux Failla","Ets","slide1_image47_right","yes",78.3,27.5,"-","yes","0","groups connected","problem migration and division","inhibited TVC migration / inhibited TVC division","the 2 TVC didn't migrate enough and didn't divide, they stayed in the tail with the ATMs","not good","Ambiguous phenotype between left and right, not segmented correctly on the membrane signal","Ets.slide1_image47_right.2020_10_06","migration/division perturbed",TRUE,TRUE,FALSE
"Ets.slide1_image48.2020_10_06","2020_10_06","Margaux Failla","Ets","slide1_image48","yes",84,29.5,"-","yes","25.9","-","problem division","inhibited TVC division","the 2 TVCs didn't divide in the trunk","correct","-","Ets.slide1_image48.2020_10_06","division perturbed",FALSE,TRUE,FALSE
"Ets.slide1_image49.2020_10_06","2020_10_06","Margaux Failla","Ets","slide1_image49","yes",85,56,"-","yes","20.8","-","problem division","inhibited TVC division","the 2 TVCs didn't divide in the trunk","correct","-","Ets.slide1_image49.2020_10_06","division perturbed",FALSE,TRUE,FALSE
"Ets.slide1_image5.2020_10_06","2020_10_06","Margaux Failla","Ets","slide1_image5","yes",73,32.5,"-","yes","0","groups connected","problem migration and division","inhibited TVC migration / inhibited TVC division","the 2 TVCs didn't migrate completely, so still attached to the ATMs in the tail, and the 2 TVCs didn't divide","correct","-","Ets.slide1_image5.2020_10_06","migration/division perturbed",TRUE,TRUE,FALSE
"Ets.slide1_image50_right.2020_10_06","2020_10_06","Margaux Failla","Ets","slide1_image50_right","yes",73.8,47.6,"-","yes","28.5","-","problem division","inhibited TVC division","one of the TVC didn't divide in the trunk","not good","Ambiguous phenotype between left and right","Ets.slide1_image50_right.2020_10_06","division perturbed",FALSE,TRUE,FALSE
"Ets.slide1_image51.2020_10_06","2020_10_06","Margaux Failla","Ets","slide1_image51","yes",67.9,50,"-","yes","-","only one group in the tail - no distance","problem migration","inhibited TVC migration","the TVCs didn't migrate, they are not separated from ATMs, only one group of cells","correct","Ambiguous phenotype, don't know if the cells are gruoped in trunk or in the tail","Ets.slide1_image51.2020_10_06","migration perturbed",TRUE,FALSE,FALSE
"Ets.slide1_image7.2020_10_06","2020_10_06","Margaux Failla","Ets","slide1_image7","yes",75.2,35.3,"-","yes","9.39","-","problem migration and division","inhibited TVC migration / inhibited TVC division","the 2 TVCs didn't migrate completely in the trunk, and they didn't divide in the trunk, only 2 cells in the trunk","correct","-","Ets.slide1_image7.2020_10_06","migration/division perturbed",TRUE,TRUE,FALSE
"Ets.slide1_image8_left.2020_10_06","2020_10_06","Margaux Failla","Ets","slide1_image8_left","yes",85.4,27.1,"-","yes","16.2","-","problem division","inhibited TVC division","the 2 TVCs didn't divide in the trunk","correct","-","Ets.slide1_image8_left.2020_10_06","division perturbed",FALSE,TRUE,FALSE
"Ets.slide1_image8_right.2020_10_06","2020_10_06","Margaux Failla","Ets","slide1_image8_right","yes",62.9,18.4,"-","yes","26","-","problem division","inhibited TVC division","the 2 TVCs didn't divide in the trunk","correct","-","Ets.slide1_image8_right.2020_10_06","division perturbed",FALSE,TRUE,FALSE
"Ets.slide2_image1.2020_10_06","2020_10_06","Margaux Failla","Ets","slide2_image1","yes",86.7,22.6,"-","yes","0","groups connected","problem migration and division","inhibited TVC migration / inhibited TVC division","the TVCs didn't migrate completely, still connected to the ATMs, and the 2 TVCs didn't divide in the trunk","good","-","Ets.slide2_image1.2020_10_06","migration/division perturbed",TRUE,TRUE,FALSE
"Ets.slide2_image10.2020_10_06","2020_10_06","Margaux Failla","Ets","slide2_image10","yes",67.8,25.2,"-","yes","0","groups connected","problem migration, division and orientation","inhibited TVC migration / inhibited TVC division / TVC cell alignment","the TVCs didn't migrate completely, still connected to the ATMs, and one of the TVCs didn't divide; the other TVC divided not in the medio-laterale orientation","correct","-","Ets.slide2_image10.2020_10_06","migration/division/orientation perturbed",TRUE,TRUE,TRUE
"Ets.slide2_image12_left.2020_10_06","2020_10_06","Margaux Failla","Ets","slide2_image12_left","yes",70,25.3,"-","yes","21.1","-","problem division","inhibited TVC division","one of the TVCs didn't divide in the trunk","good","-","Ets.slide2_image12_left.2020_10_06","division perturbed",FALSE,TRUE,FALSE
"Ets.slide2_image12_right.2020_10_06","2020_10_06","Margaux Failla","Ets","slide2_image12_right","yes",78.7,25.3,"-","yes","22.8","-","problem migration and division","inhibited TVC migration / inhibited TVC division","one of the TVC didn't migrate and didn't divide, it stayed in the tail with the ATMs, and the other TVC migrated but didn't divide in the trunk","good","-","Ets.slide2_image12_right.2020_10_06","migration/division perturbed",TRUE,TRUE,FALSE
"Ets.slide2_image13_left.2020_10_06","2020_10_06","Margaux Failla","Ets","slide2_image13_left","yes",110,25.2,"-","yes","23.8","-","problem division","inhibited TVC division","the 2 TVCs didn't divide in the trunk","good","-","Ets.slide2_image13_left.2020_10_06","division perturbed",FALSE,TRUE,FALSE
"Ets.slide2_image13_right.2020_10_06","2020_10_06","Margaux Failla","Ets","slide2_image13_right","yes",84.8,25.2,"-","yes","38.1","-","problem division","inhibited TVC division","one of the TVCs didn't divide in the trunk","correct","-","Ets.slide2_image13_right.2020_10_06","division perturbed",FALSE,TRUE,FALSE
"Ets.slide2_image14.2020_10_06","2020_10_06","Margaux Failla","Ets","slide2_image14","yes",74.4,37.4,"-","yes","40.9","-","problem division","inhibited TVC division","the 2 TVCs didn't divide in the trunk","good","-","Ets.slide2_image14.2020_10_06","division perturbed",FALSE,TRUE,FALSE
"Ets.slide2_image18.2020_10_06","2020_10_06","Margaux Failla","Ets","slide2_image18","yes",78.3,42.7,"-","yes","42.5","-","problem division","inhibited TVC division","the 2 TVCs didn't divide in the trunk","good","-","Ets.slide2_image18.2020_10_06","division perturbed",FALSE,TRUE,FALSE
"Ets.slide2_image19.2020_10_06","2020_10_06","Margaux Failla","Ets","slide2_image19","yes",74.9,42.5,"-","yes","24.7","-","problem migration and division","inhibited TVC migration / inhibited TVC division","one of the TVC didn't migrate and didn't divide, it stayed in the tail with the ATMs, and the other TVC migrated but didn't divide in the trunk","correct","-","Ets.slide2_image19.2020_10_06","migration/division perturbed",TRUE,TRUE,FALSE
"Ets.slide2_image2.2020_10_06","2020_10_06","Margaux Failla","Ets","slide2_image2","yes",81.7,27.6,"-","yes","0","groups connected","problem migration, division and orientation","inhibited TVC migration / inhibited TVC division / TVC cell alignment","one of the TVC didn't migrate and didn't divide, it stayed in the tail with ATMs, and the other TVC migrated and divided but not in the medio-laterale orientation","correct","-","Ets.slide2_image2.2020_10_06","migration/division/orientation perturbed",TRUE,TRUE,TRUE
"Ets.slide2_image21_left.2020_10_06","2020_10_06","Margaux Failla","Ets","slide2_image21_left","yes",77.6,37.2,"-","yes","29.2","-","problem division","inhibited TVC division","the 2 TVCs didn't divide in the trunk","good","-","Ets.slide2_image21_left.2020_10_06","division perturbed",FALSE,TRUE,FALSE
"Ets.slide2_image22.2020_10_06","2020_10_06","Margaux Failla","Ets","slide2_image22","yes",60,35.2,"-","yes","24.3","-","problem division","inhibited TVC division","one of the TVCs didn't divide in the trunk","good","-","Ets.slide2_image22.2020_10_06","division perturbed",FALSE,TRUE,FALSE
"Ets.slide2_image23.2020_10_06","2020_10_06","Margaux Failla","Ets","slide2_image23","yes",79.8,25,"-","yes","0","groups connected","problem migration and division","inhibited TVC migration / inhibited TVC division","the 2 TVCs didn't migrate enough, still in the tail connected to the ATMs, and the 2 TVCs didn't divide","correct","-","Ets.slide2_image23.2020_10_06","migration/division perturbed",TRUE,TRUE,FALSE
"Ets.slide2_image25_left.2020_10_06","2020_10_06","Margaux Failla","Ets","slide2_image25_left","yes",80,32.5,"-","yes","22.7","-","problem division","inhibited TVC division","the 2 TVCs didn't divide in the trunk","good","-","Ets.slide2_image25_left.2020_10_06","division perturbed",FALSE,TRUE,FALSE
"Ets.slide2_image26.2020_10_06","2020_10_06","Margaux Failla","Ets","slide2_image26","yes",93,45,"-","yes","24.4","-","problem migration and division","inhibited TVC migration / inhibited TVC division","one of the TVC didn't migrate and didn't divide, it stayed in the tail with the ATMs, and the other TVC migrated but didn't divide in the trunk","good","-","Ets.slide2_image26.2020_10_06","migration/division perturbed",TRUE,TRUE,FALSE
"Ets.slide2_image27_left.2020_10_06","2020_10_06","Margaux Failla","Ets","slide2_image27_left","yes",80,31.4,"-","yes","0","groups connected","problem migration and division","inhibited TVC migration / inhibited TVC division","the TVCs didn't migrate completely, still connected to the ATMs, and the 2 TVCs didn't divide","good","-","Ets.slide2_image27_left.2020_10_06","migration/division perturbed",TRUE,TRUE,FALSE
"Ets.slide2_image28.2020_10_06","2020_10_06","Margaux Failla","Ets","slide2_image28","yes",83.5,35.3,"-","yes","24","-","problem division","inhibited TVC division","the 2 TVCs didn't divide in the trunk","good","-","Ets.slide2_image28.2020_10_06","division perturbed",FALSE,TRUE,FALSE
"Ets.slide2_image29.2020_10_06","2020_10_06","Margaux Failla","Ets","slide2_image29","yes",72.7,35.4,"-","yes","17.1","-","problem migration and division","enhanced ATM migration / enhanced ATM division / inhibited TVC division","one of the ATMs migrated with the TVCs in the trunk; the ATM that stayed in the tail divided; and the 2 TVCs didn't divide in the trunk","good","Ambiguous phenotype","Ets.slide2_image29.2020_10_06","migration/division perturbed",TRUE,TRUE,FALSE
"Ets.slide2_image30.2020_10_06","2020_10_06","Margaux Failla","Ets","slide2_image30","yes",97,37.7,"-","yes","2.5","Ambiguous - 2 groups of TVC, one far in the trunk and one still in the tail but separated from ATMs; the small distance is extracted, the other group is further","problem migration and division","inhibited TVC migration / inhibited TVC division","one of the TVC didn't migrate and didn't divide, it stayed in the tail but separated from the ATMs, and the other TVC migrated and divided in the trunk","good","Ambiguous phenotype","Ets.slide2_image30.2020_10_06","migration/division perturbed",TRUE,TRUE,FALSE
"Ets.slide2_image31_left.2020_10_06","2020_10_06","Margaux Failla","Ets","slide2_image31_left","yes",81.3,30.2,"-","yes","17.6","-","problem division","inhibited TVC division","the 2 TVCs didn't divide in the trunk","good","-","Ets.slide2_image31_left.2020_10_06","division perturbed",FALSE,TRUE,FALSE
"Ets.slide2_image31_right.2020_10_06","2020_10_06","Margaux Failla","Ets","slide2_image31_right","yes",81.3,25.4,"-","yes","31.7","-","problem division","inhibited TVC division","the 2 TVCs didn't divide in the trunk","good","-","Ets.slide2_image31_right.2020_10_06","division perturbed",FALSE,TRUE,FALSE
"Ets.slide2_image32.2020_10_06","2020_10_06","Margaux Failla","Ets","slide2_image32","yes",67.5,22.6,"-","yes","22.8","-","problem division","inhibited TVC division","the 2 TVCs didn't divide in the trunk","good","-","Ets.slide2_image32.2020_10_06","division perturbed",FALSE,TRUE,FALSE
"Ets.slide2_image36_left.2020_10_06","2020_10_06","Margaux Failla","Ets","slide2_image36_left","yes",74.3,25.7,"-","yes","27.6","-","problem division","inhibited TVC division","the 2 TVCs didn't divide in the trunk","good","Ambiguous phenotype between left and right","Ets.slide2_image36_left.2020_10_06","division perturbed",FALSE,TRUE,FALSE
"Ets.slide2_image36_right.2020_10_06","2020_10_06","Margaux Failla","Ets","slide2_image36_right","yes",74.3,25.7,"-","yes","56.9","-","problem migration and division","inhibited TVC migration / inhibited TVC division","one of the TVC didn't migrate and didn't divide, it stayed in the tail with the ATMs, and the other TVC migrated but didn't divide in the trunk","good","Ambiguous phenotype between left and right","Ets.slide2_image36_right.2020_10_06","migration/division perturbed",TRUE,TRUE,FALSE
"Ets.slide2_image39_left.2020_10_06","2020_10_06","Margaux Failla","Ets","slide2_image39_left","yes",84,36.2,"-","yes","37.8","-","problem division","inhibited TVC division","the 2 TVCs didn't divide in the trunk","correct","-","Ets.slide2_image39_left.2020_10_06","division perturbed",FALSE,TRUE,FALSE
"Ets.slide2_image39_right.2020_10_06","2020_10_06","Margaux Failla","Ets","slide2_image39_right","yes",84,35.3,"-","yes","19.3","-","problem division","inhibited TVC division","the 2 TVCs didn't divide in the trunk","correct","-","Ets.slide2_image39_right.2020_10_06","division perturbed",FALSE,TRUE,FALSE
"Ets.slide2_image4.2020_10_06","2020_10_06","Margaux Failla","Ets","slide2_image4","yes",82.3,30.2,"-","yes","14.4","-","problem division","inhibited TVC division","the 2 TVCs didn't divide in the trunk","good","-","Ets.slide2_image4.2020_10_06","division perturbed",FALSE,TRUE,FALSE
"Ets.slide2_image40.2020_10_06","2020_10_06","Margaux Failla","Ets","slide2_image40","yes",77.2,45.2,"-","yes","17.6","-","problem migration and division","inhibited TVC migration / inhibited TVC division","one of the TVC didn't migrate and didn't divide, it stayed in the tail but separated from the ATMs, and the other TVC migrated but didn't divide in the trunk","good","Ambiguous phenotype","Ets.slide2_image40.2020_10_06","migration/division perturbed",TRUE,TRUE,FALSE
"Ets.slide2_image41_left.2020_10_06","2020_10_06","Margaux Failla","Ets","slide2_image41_left","yes",92.5,30.1,"-","yes","24.7","-","problem migration and division","inhibited TVC migration / inhibited TVC division","one of the TVC didn't migrate and didn't divide, it stayed in the tail with the ATMs, and the other TVC migrated and divided in the trunk","good","-","Ets.slide2_image41_left.2020_10_06","migration/division perturbed",TRUE,TRUE,FALSE
"Ets.slide2_image44.2020_10_06","2020_10_06","Margaux Failla","Ets","slide2_image44","yes",76.3,32.5,"-","yes","2.12","-","problem migration and division","inhibited TVC migration / inhibited TVC division","the TVCs didn't migrate completely in the trunk and they didn't divide","good","-","Ets.slide2_image44.2020_10_06","migration/division perturbed",TRUE,TRUE,FALSE
"Ets.slide2_image45.2020_10_06","2020_10_06","Margaux Failla","Ets","slide2_image45","yes",83.3,27.6,"-","yes","36.5","-","problem division","inhibited TVC division","one of the TVCs didn't divide in the trunk","good","-","Ets.slide2_image45.2020_10_06","division perturbed",FALSE,TRUE,FALSE
"Ets.slide2_image46.2020_10_06","2020_10_06","Margaux Failla","Ets","slide2_image46","yes",87.5,35.2,"-","yes","3.18","-","problem migration and orientation","inhibited TVC migration / TVC cell alignment","the TVCs didn't migrate completely in the trunk and they divided but not in the medio-laterale orientation, so cell aligned","good","-","Ets.slide2_image46.2020_10_06","migration/orientation perturbed",TRUE,FALSE,TRUE
"Ets.slide2_image48.2020_10_06","2020_10_06","Margaux Failla","Ets","slide2_image48","yes",77.7,37.7,"-","yes","21.5","-","problem division","inhibited TVC division","one of the TVCs didn't divide in the trunk","good","-","Ets.slide2_image48.2020_10_06","division perturbed",FALSE,TRUE,FALSE
"Ets.slide2_image49_right.2020_10_06","2020_10_06","Margaux Failla","Ets","slide2_image49_right","yes",76.5,32.4,"-","yes","37.7","-","problem division","inhibited TVC division","one of the TVCs didn't divide in the trunk","correct","-","Ets.slide2_image49_right.2020_10_06","division perturbed",FALSE,TRUE,FALSE
"Ets.slide2_image5.2020_10_06","2020_10_06","Margaux Failla","Ets","slide2_image5","yes",65.8,32.5,"-","yes","43.3","-","problem division","inhibited TVC division","the 2 TVCs didn't divide in the trunk","good","-","Ets.slide2_image5.2020_10_06","division perturbed",FALSE,TRUE,FALSE
"Ets.slide2_image50_right.2020_10_06","2020_10_06","Margaux Failla","Ets","slide2_image50_right","yes",93.8,42.3,"-","yes","22.7","-","problem migration and division","inhibited TVC migration / inhibited TVC division","one of the TVC didn't migrate and didn't divide, it stayed in the tail with the ATMs, and the other TVC migrated but didn't divide in the trunk","good","-","Ets.slide2_image50_right.2020_10_06","migration/division perturbed",TRUE,TRUE,FALSE
"Ets.slide2_image51.2020_10_06","2020_10_06","Margaux Failla","Ets","slide2_image51","yes",74.6,40.1,"-","yes","15.4","-","problem migration and division","inhibited TVC migration / inhibited TVC division","one of the TVC didn't migrate and didn't divide, it stayed in the tail with the ATMs, and the other TVC migrated but didn't divide in the trunk","correct","-","Ets.slide2_image51.2020_10_06","migration/division perturbed",TRUE,TRUE,FALSE
"Ets.slide2_image52.2020_10_06","2020_10_06","Margaux Failla","Ets","slide2_image52","yes",78.6,32.6,"-","yes","0","groups connected","problem migration and division","inhibited TVC migration / inhibited TVC division","the TVCs didn't migrate completely, still connected to the ATMs, and one of the TVCs didn't divide","good","-","Ets.slide2_image52.2020_10_06","migration/division perturbed",TRUE,TRUE,FALSE
"Ets.slide2_image53.2020_10_06","2020_10_06","Margaux Failla","Ets","slide2_image53","yes",78.9,20.1,"-","yes","12.3","-","problem division","inhibited TVC division","the 2 TVCs didn't divide in the trunk","good","-","Ets.slide2_image53.2020_10_06","division perturbed",FALSE,TRUE,FALSE
"Ets.slide2_image6.2020_10_06","2020_10_06","Margaux Failla","Ets","slide2_image6","yes",85.1,27.2,"-","yes","22.8","-","problem division","inhibited TVC division","the 2 TVCs didn't divide in the trunk","good","-","Ets.slide2_image6.2020_10_06","division perturbed",FALSE,TRUE,FALSE
"Ets.slide2_image7_left.2020_10_06","2020_10_06","Margaux Failla","Ets","slide2_image7_left","yes",78.9,27.4,"-","yes","32.5","-","problem division","inhibited TVC division","the 2 TVCs didn't divide in the trunk","good","-","Ets.slide2_image7_left.2020_10_06","division perturbed",FALSE,TRUE,FALSE
"Ets.slide2_image7_right.2020_10_06","2020_10_06","Margaux Failla","Ets","slide2_image7_right","yes",78.9,30,"-","yes","0","groups connected","problem migration, division and orientation","inhibited TVC migration / inhibited TVC division / TVC cell alignment","the TVCs didn't migrate completely, still connected to the ATMs, and one of the TVCs didn't divide; the other TVC divided not in the medio-laterale orientation","correct","-","Ets.slide2_image7_right.2020_10_06","migration/division/orientation perturbed",TRUE,TRUE,TRUE
"Ets.slide2_image9.2020_10_06","2020_10_06","Margaux Failla","Ets","slide2_image9","yes",70.3,25.3,"-","yes","19.2","-","problem migration and division","inhibited TVC migration / inhibited TVC division","one of the TVC didn't migrate and didn't divide, it stayed in the tail with the ATMs, and the other TVC migrated but didn't divide in the trunk","correct","-","Ets.slide2_image9.2020_10_06","migration/division perturbed",TRUE,TRUE,FALSE
"Farp.image1_left.2020_01_10","2020_01_10","Margaux Failla","Farp","image1_left","yes",103.2,33.7,"-","yes","-","no distance - only one group in the tail","problem migration and orientation","inhibited TVC migration / inhibited TVC division","the 2 TVCs didn't migrate and divided in the tail","good","-","Farp.image1_left.2020_01_10","migration/orientation perturbed",TRUE,FALSE,TRUE
"Farp.image1_right.2020_01_10","2020_01_10","Margaux Failla","Farp","image1_right","yes",103.2,33.7,"-","yes","34.2","-","problem orientation","TVC cell alignment","one of the TVC divided not in the medio-lateral orientation, so cells are aligned","good","-","Farp.image1_right.2020_01_10","orientation perturbed",FALSE,FALSE,TRUE
"Farp.image1.2020_06_17","2020_06_17","Yelena Bernadskaya","Farp","image1","yes",43,17.5,"-","yes","0","groups connected","problem migration and orientation","enhanced ATM migration / TVC cell alignment","one of the ATM migrated with the TVCs but still some attachment to the other ATM in the tail; one of the TVC divided but not in the medio-lateral orientation","good","-","Farp.image1.2020_06_17","migration/orientation perturbed",TRUE,FALSE,TRUE
"Farp.image11.2020_01_10","2020_01_10","Margaux Failla","Farp","image11","yes",110,26.6,"-","yes","3.05","-","problem migration","enhanced ATM migration","one of the ATM migrated in the trunk with the TVCs, but not completely","good","-","Farp.image11.2020_01_10","migration perturbed",TRUE,FALSE,FALSE
"Farp.image12.2020_01_10","2020_01_10","Margaux Failla","Farp","image12","yes",110,30.2,"-","yes","9","-","problem division","enhanced ATM division","one of the ATM divided in the tail","good","-","Farp.image12.2020_01_10","division perturbed",FALSE,TRUE,FALSE
"Farp.image12.2020_06_17","2020_06_17","Yelena Bernadskaya","Farp","image12","yes",45.5,28.6,"-","yes","37.5","-","problem migration and division","inhibited TVC migration / inhibited TVC division","one of the TVC didn't migrate, it stayed in the tail with ATMs and didn't divide; the TVC that migrated in the trunk divided but not completely (but the nuclei are enough far from each other so considered as 2 cells)","good","Don't see all the ATM cells (image not centered)","Farp.image12.2020_06_17","migration/division perturbed",TRUE,TRUE,FALSE
"Farp.image13_right.2020_01_10","2020_01_10","Margaux Failla","Farp","image13_right","yes",122,20.5,"-","yes","2.79","-","problem migration","enhanced ATM migration","one of the ATM migrated in the trunk with the TVCs","correct","-","Farp.image13_right.2020_01_10","migration perturbed",TRUE,FALSE,FALSE
"Farp.image14_left.2020_01_10","2020_01_10","Margaux Failla","Farp","image14_left","yes",105,30.2,"-","yes","20.6","-","problem division and disposition TVC","inhibited TVC division / problem disposition TVC","the 2 TVCs didn't divide in the trunk and are not correctly oriented in the trunk","good","-","Farp.image14_left.2020_01_10","division perturbed",FALSE,TRUE,FALSE
"Farp.image14.2020_06_17","2020_06_17","Yelena Bernadskaya","Farp","image14","yes",30.1,19.7,"-","yes","33.9","-","problem division","enhanced ATM division","one of the ATM divided in the tail","good","-","Farp.image14.2020_06_17","division perturbed",FALSE,TRUE,FALSE
"Farp.image16_left.2020_01_10","2020_01_10","Margaux Failla","Farp","image16_left","yes",90.8,20.4,"-","yes","15.9","-","problem division","enhanced ATM division","one of the ATM divided in the tail","good","-","Farp.image16_left.2020_01_10","division perturbed",FALSE,TRUE,FALSE
"Farp.image17.2020_01_10","2020_01_10","Margaux Failla","Farp","image17","yes",92.3,35.2,"-","yes","44.2","-","problem migration and division","inhibited TVC migration / inhibited TVC division","one of the TVC didn't migrate and didn't divide in the tail","good","-","Farp.image17.2020_01_10","migration/division perturbed",TRUE,TRUE,FALSE
"Farp.image18.2020_01_10","2020_01_10","Margaux Failla","Farp","image18","yes",62.7,31,"-","yes","0","groups connected","problem migration and division","enhanced ATM migration / enhanced ATM division","one of the ATM divided and migrated but not completely, so still attached to the other ATM","good","-","Farp.image18.2020_01_10","migration/division perturbed",TRUE,TRUE,FALSE
"Farp.image19_left.2020_01_10","2020_01_10","Margaux Failla","Farp","image19_left","yes",76.7,25.6,"-","yes","36.1","-","problem migration and division","inhibited TVC migration / inhibited TVC division","one of the TVC didn't migrate and didn't divide in the tail","not good","-","Farp.image19_left.2020_01_10","migration/division perturbed",TRUE,TRUE,FALSE
"Farp.image2_right.2020_01_10","2020_01_10","Margaux Failla","Farp","image2_right","yes",97.3,24.8,"-","yes","17.2","-","problem division","enhanced ATM division","one of the ATM divided in the tail","good","-","Farp.image2_right.2020_01_10","division perturbed",FALSE,TRUE,FALSE
"Farp.image21.2020_01_10","2020_01_10","Margaux Failla","Farp","image21","yes",96.2,31.1,"-","yes","27.1","-","problem division","inhibited TVC division","one of the TVC didn't divide in the trunk","good","-","Farp.image21.2020_01_10","division perturbed",FALSE,TRUE,FALSE
"Farp.image27.2020_01_10","2020_01_10","Margaux Failla","Farp","image27","yes",92.9,23.7,"-","yes","42.4","-","problem orientation","TVC cell alignment","one of the TVC divided not in the medio-lateral orientation, so cells are aligned","correct","-","Farp.image27.2020_01_10","orientation perturbed",FALSE,FALSE,TRUE
"Farp.image3.2020_01_10","2020_01_10","Margaux Failla","Farp","image3","yes",85.4,34,"-","yes","22.1","-","problem division","enhanced ATM division","one of the ATM divided in the tail","good","-","Farp.image3.2020_01_10","division perturbed",FALSE,TRUE,FALSE
"Farp.image3.2020_06_17","2020_06_17","Yelena Bernadskaya","Farp","image3","yes",30.3,22.8,"-","yes","14.4","-","problem migration and division","enhanced ATM migration / enhanced ATM division","one of the ATM migrated and divided in the trunk with the TVCs; the ATM in the tail divided","good","-","Farp.image3.2020_06_17","migration/division perturbed",TRUE,TRUE,FALSE
"Farp.image4_right.2020_01_10","2020_01_10","Margaux Failla","Farp","image4_right","yes",116,24.1,"-","yes","30.9","-","problem migration","inhibited TVC migration","one of the TVCs didn't migrate and stayed with the ATMs in the tail","good","-","Farp.image4_right.2020_01_10","migration perturbed",TRUE,FALSE,FALSE
"Farp.image5_left.2020_01_10","2020_01_10","Margaux Failla","Farp","image5_left","yes",115,29.7,"-","yes","23.3","-","problem migration and division","enhanced ATM migration / inhibited TVC division","the 2 TVCs didn't divide in the trunk, and one of the ATM migrated in the trunk with the TVCs","good","-","Farp.image5_left.2020_01_10","migration/division perturbed",TRUE,TRUE,FALSE
"Farp.image5_right.2020_01_10","2020_01_10","Margaux Failla","Farp","image5_right","yes",100,27,"-","yes","42.5","-","problem division","enhanced TVC division","one of the sTVC did the second division? We have one of the SHP?","correct","-","Farp.image5_right.2020_01_10","division perturbed",FALSE,TRUE,FALSE
"Farp.image5.2020_06_17","2020_06_17","Yelena Bernadskaya","Farp","image5","yes",40.4,17.2,"-","yes","18.2","-","problem migration and division","enhanced ATM migration / inhibited TVC division","one of the ATM migrated in the trunk with the TVCs; one of the TVC didn't divide in the trunk","good","-","Farp.image5.2020_06_17","migration/division perturbed",TRUE,TRUE,FALSE
"Farp.image6.2020_06_17","2020_06_17","Yelena Bernadskaya","Farp","image6","yes",45,24.1,"-","yes","19.1","-","problem division","inhibited TVC division","the 2 TVCs didn't divide in the trunk","good","-","Farp.image6.2020_06_17","division perturbed",FALSE,TRUE,FALSE
"Farp.image7.2020_01_10","2020_01_10","Margaux Failla","Farp","image7","yes",98.3,27.3,"-","yes","42.4","-","problem division","enhanced ATM division","one of the ATM divided in the tail","good","-","Farp.image7.2020_01_10","division perturbed",FALSE,TRUE,FALSE
"Farp.image8.2020_01_10","2020_01_10","Margaux Failla","Farp","image8","yes",104,31.9,"-","yes","53.2","-","problem division","enhanced ATM division","one of the ATM divided in the tail","good","-","Farp.image8.2020_01_10","division perturbed",FALSE,TRUE,FALSE
"Farp.image8.2020_06_17","2020_06_17","Yelena Bernadskaya","Farp","image8","yes",53,21.6,"-","yes","0","groups connected","problem migration and division","inhibited TVC migration / inhibited TVC division","the TVCs group didn't migrate enough and didn't separate from the ATMs group; one of the TVC didn't divide in the trunk","good","-","Farp.image8.2020_06_17","migration/division perturbed",TRUE,TRUE,FALSE
"Farp.image9.2020_01_10","2020_01_10","Margaux Failla","Farp","image9","yes",69.9,31,"-","yes","33.7","-","problem migration and division","enhanced ATM migration / enhanced ATM division","one of the ATM migrated in the trunk and divided with the TVCs","good","-","Farp.image9.2020_01_10","migration/division perturbed",TRUE,TRUE,FALSE
"Farp.image9.2020_06_17","2020_06_17","Yelena Bernadskaya","Farp","image9","yes",52.9,17.7,"-","yes","18.7","-","problem migration and division","inhibited TVC migration / inhibited TVC division","one of the TVC didn't migrate and didn't divide, it stayed in the tail with the ATMs; the TVC that migrated in the trunk didn't divide","good","-","Farp.image9.2020_06_17","migration/division perturbed",TRUE,TRUE,FALSE
"FGF4.image1.2021_02_24","2021_02_24","Margaux Failla","FGF4","image1","yes",72,40.3,"-","yes","0","groups connected","problem migration and division","enhanced ATM migration / enhanced ATM division / inhibited TVC division","one of the ATM migrated and divided with the TVCs in the trunk but still attached to the other ATM in the tail; one of the TVC didn't divide in the trunk","good","Ambiguous phenotype","FGF4.image1.2021_02_24","migration/division perturbed",TRUE,TRUE,FALSE
"FGF4.image10.2021_02_24","2021_02_24","Margaux Failla","FGF4","image10","yes",86.5,25.2,"-","yes","33.3","-","problem orientation","TVC cell alignment","one of the TVC divided but not in the medio-laterale orientation, so cells are a bit aligned","good","-","FGF4.image10.2021_02_24","orientation perturbed",FALSE,FALSE,TRUE
"FGF4.image11_left.2021_02_24","2021_02_24","Margaux Failla","FGF4","image11_left","yes",82,32.5,"-","yes","-","only one group in the trunk - no distance","problem migration and division","enhanced ATM migration / inhibited TVC division","the 2 ATMs migrated with the TVCs in the trunk; one of the TVC didn't divide in the trunk","good","-","FGF4.image11_left.2021_02_24","migration/division perturbed",TRUE,TRUE,FALSE
"FGF4.image11_right.2021_02_24","2021_02_24","Margaux Failla","FGF4","image11_right","yes",82,20.3,"-","yes","0","groups connected","problem migration and division","enhanced ATM migration / enhanced ATM division","one of the ATM migrated and divided with the TVCs in the trunk, but it is still attached to the other ATM in the tail","good","-","FGF4.image11_right.2021_02_24","migration/division perturbed",TRUE,TRUE,FALSE
"FGF4.image13.2021_02_24","2021_02_24","Margaux Failla","FGF4","image13","yes",78.8,25.7,"-","yes","40.9","-","problem migration","enhanced ATM migration","one of the ATM migrated with the TVCs in the trunk","good","-","FGF4.image13.2021_02_24","migration perturbed",TRUE,FALSE,FALSE
"FGF4.image16_left.2021_02_24","2021_02_24","Margaux Failla","FGF4","image16_left","yes",84.5,32.6,"-","yes","2.2","-","problem migration","enhanced ATM migration","the 2 ATMs migrated a bit in the trunk but still in the tail, separated from the TVCs","good","-","FGF4.image16_left.2021_02_24","migration perturbed",TRUE,FALSE,FALSE
"FGF4.image16_right.2021_02_24","2021_02_24","Margaux Failla","FGF4","image16_right","yes",84.5,32.6,"-","yes","15.5","-","problem migration and division","enhanced ATM migration / enhanced ATM division","one of the ATM migrated and divided with the TVCs in the trunk","good","-","FGF4.image16_right.2021_02_24","migration/division perturbed",TRUE,TRUE,FALSE
"FGF4.image18_left.2021_02_24","2021_02_24","Margaux Failla","FGF4","image18_left","yes",87.8,32.2,"-","yes","6.1","-","problem migration and division","enhanced ATM migration / enhanced ATM division","one of the ATM migrated and divided with the TVCs in the trunk","good","-","FGF4.image18_left.2021_02_24","migration/division perturbed",TRUE,TRUE,FALSE
"FGF4.image18_right.2021_02_24","2021_02_24","Margaux Failla","FGF4","image18_right","yes",85.2,25.6,"-","yes","10.1","-","problem migration","enhanced ATM migration","the 2 ATMs migrated a bit in the trunk but still in the tail, separated from the TVCs","good","-","FGF4.image18_right.2021_02_24","migration perturbed",TRUE,FALSE,FALSE
"FGF4.image2_left.2021_02_24","2021_02_24","Margaux Failla","FGF4","image2_left","yes",85.2,40.3,"-","yes","29.5","-","problem migration and division","enhanced ATM migration / enhanced ATM division","one of the ATM migrated and divided with the TVCs in the trunk","good","-","FGF4.image2_left.2021_02_24","migration/division perturbed",TRUE,TRUE,FALSE
"FGF4.image20_left.2021_02_24","2021_02_24","Margaux Failla","FGF4","image20_left","yes",82.3,30.6,"-","yes","36.9","-","problem migration and division","enhanced ATM migration / inhibited TVC division","one of the ATM migrated with the TVCs in the trunk; one of the TVC didn't divide in the trunk","good","-","FGF4.image20_left.2021_02_24","migration/division perturbed",TRUE,TRUE,FALSE
"FGF4.image24.2021_02_24","2021_02_24","Margaux Failla","FGF4","image24","yes",86.4,42.5,"-","yes","21.1","-","problem division","enhanced ATM division","one of the ATM divided in the tail","not good","-","FGF4.image24.2021_02_24","division perturbed",FALSE,TRUE,FALSE
"FGF4.image25_left.2021_02_24","2021_02_24","Margaux Failla","FGF4","image25_left","yes",82.8,30.1,"-","yes","29.2","-","problem migration, division and orientation","enhanced ATM migration / enhanced ATM division / TVC cell alignment","one of the ATM migrated and divided with the TVCs in the trunk; one of the TVC divided but not in the medio-laterale orientation, so cell are a bit aligned","not good","Ambiguous phenotype between left and right side","FGF4.image25_left.2021_02_24","migration/division/orientation perturbed",TRUE,TRUE,TRUE
"FGF4.image25_right.2021_02_24","2021_02_24","Margaux Failla","FGF4","image25_right","yes",77.7,37.4,"-","yes","39.2","-","problem division","inhibited TVC division","one of the TVC didn't divide in the trunk","not good","Ambiguous phenotype between left and right side","FGF4.image25_right.2021_02_24","division perturbed",FALSE,TRUE,FALSE
"FGF4.image29_left.2021_02_24","2021_02_24","Margaux Failla","FGF4","image29_left","yes",75,40.3,"-","yes","0","groups connected","problem migration","enhanced ATM migration","one of the ATM migrated with the TVCs in the trunk but still attached to the other ATM in the tail","correct","-","FGF4.image29_left.2021_02_24","migration perturbed",TRUE,FALSE,FALSE
"FGF4.image29_right.2021_02_24","2021_02_24","Margaux Failla","FGF4","image29_right","yes",68.5,35.3,"-","yes","19.5","-","problem migration and division","enhanced ATM migration / enhanced ATM division","one of the ATM migrated and divided with the TVCs in the trunk","correct","-","FGF4.image29_right.2021_02_24","migration/division perturbed",TRUE,TRUE,FALSE
"FGF4.image3.2021_02_24","2021_02_24","Margaux Failla","FGF4","image3","yes",67.2,25.2,"-","yes","0","groups connected","problem migration and division","enhanced ATM migration / inhibited TVC division","one of the ATM migrated with the TVCs in the trunk, but it is still attached to the other ATMs in the tail; one of the TVC didn't divide in the trunk","good","-","FGF4.image3.2021_02_24","migration/division perturbed",TRUE,TRUE,FALSE
"FGF4.image32_right.2021_02_24","2021_02_24","Margaux Failla","FGF4","image32_right","yes",74,33.3,"-","yes","6.41","-","problem migration, division and orientation","enhanced ATM migration / enhanced ATM division / TVC cell alignment","one of the ATM migrated and divided with the TVCs in the trunk; one of the TVC divided but not in the medio-laterale orientation, so cells are a bit aligned","correct","-","FGF4.image32_right.2021_02_24","migration/division/orientation perturbed",TRUE,TRUE,TRUE
"FGF4.image7_right.2021_02_24","2021_02_24","Margaux Failla","FGF4","image7_right","yes",80.2,28.7,"-","yes","-","only one group in the trunk - no distance","problem migration","enhanced ATM migration","the 2 ATMs migrated with the TVCs in the trunk","correct","-","FGF4.image7_right.2021_02_24","migration perturbed",TRUE,FALSE,FALSE
"Fgfr.slide1_image16.2020_10_06","2020_10_06","Margaux Failla","Fgfr","slide1_image16","yes",76.8,35.2,"-","yes","35.6","-","problem orientation","TVC cell alignment","one of the TVC divided not in the medio-lateral orientation, so cells are aligned","correct","-","Fgfr.slide1_image16.2020_10_06","orientation perturbed",FALSE,FALSE,TRUE
"Fgfr.slide1_image19_left.2020_10_06","2020_10_06","Margaux Failla","Fgfr","slide1_image19_left","yes",87.5,25.1,"-","yes","27.6","-","problem migration","enhanced ATM migration","one of the ATMs migrated with the TVCs in the trunk","good","-","Fgfr.slide1_image19_left.2020_10_06","migration perturbed",TRUE,FALSE,FALSE
"Fgfr.slide1_image21.2020_10_06","2020_10_06","Margaux Failla","Fgfr","slide1_image21","yes",79.3,20.1,"-","yes","10.7","-","problem migration and division","enhanced ATM migration / enhanced ATM division","one of the ATMs migrated and divided with the TVCs in the trunk","good","-","Fgfr.slide1_image21.2020_10_06","migration/division perturbed",TRUE,TRUE,FALSE
"Fgfr.slide1_image3.2020_10_06","2020_10_06","Margaux Failla","Fgfr","slide1_image3","yes",87,40.2,"-","yes","28.3","-","problem orientation","TVC cell alignment","one of the TVC divided not in the medio-lateral orientation, so cells are aligned","good","-","Fgfr.slide1_image3.2020_10_06","orientation perturbed",FALSE,FALSE,TRUE
"Fgfr.slide1_image32.2020_10_06","2020_10_06","Margaux Failla","Fgfr","slide1_image32","yes",78.8,35.2,"-","yes","18.2","-","problem migration and division","enhanced ATM migration / enhanced ATM division","one of the ATMs migrated and divided with the TVCs in the trunk","good","-","Fgfr.slide1_image32.2020_10_06","migration/division perturbed",TRUE,TRUE,FALSE
"Fgfr.slide1_image36_right.2020_10_06","2020_10_06","Margaux Failla","Fgfr","slide1_image36_right","yes",87.4,25,"-","yes","30.3","-","problem division","inhibited TVC division","the 2 TVCs didn't divide in the trunk","good","-","Fgfr.slide1_image36_right.2020_10_06","division perturbed",FALSE,TRUE,FALSE
"Fgfr.slide1_image40_left.2020_10_06","2020_10_06","Margaux Failla","Fgfr","slide1_image40_left","yes",77.7,37.5,"-","yes","13.7","-","problem migration and division","enhanced ATM migration / enhanced ATM division","one of the ATMs migrated and divided with the TVCs in the trunk","not good","-","Fgfr.slide1_image40_left.2020_10_06","migration/division perturbed",TRUE,TRUE,FALSE
"Fgfr.slide1_image7.2020_10_06","2020_10_06","Margaux Failla","Fgfr","slide1_image7","yes",78.9,40,"-","yes","12.3","-","problem division","inhibited TVC division","the 2 TVCs didn't divide in the trunk","not good","-","Fgfr.slide1_image7.2020_10_06","division perturbed",FALSE,TRUE,FALSE
"Fgfr.slide1_image9.2020_10_06","2020_10_06","Margaux Failla","Fgfr","slide1_image9","yes",90.3,27.8,"-","yes","23.4","-","problem division","inhibited TVC division","one of the TVCs didn't divide in the trunk","correct","-","Fgfr.slide1_image9.2020_10_06","division perturbed",FALSE,TRUE,FALSE
"Fgfr.slide2_image10.2020_10_06","2020_10_06","Margaux Failla","Fgfr","slide2_image10","yes",80,55,"-","yes","22","-","problem orientation","TVC cell alignment","one of the TVC divided not in the medio-lateral orientation, so cells are not correctly oriented","correct","-","Fgfr.slide2_image10.2020_10_06","orientation perturbed",FALSE,FALSE,TRUE
"Fgfr.slide2_image16_left.2020_10_06","2020_10_06","Margaux Failla","Fgfr","slide2_image16_left","yes",85,35.1,"-","yes","29.2","-","problem orientation","TVC cell alignment","one of the TVC divided not in the medio-lateral orientation, so cells are aligned","good","Ambiguous phenotype between left and right","Fgfr.slide2_image16_left.2020_10_06","orientation perturbed",FALSE,FALSE,TRUE
"Fgfr.slide2_image24.2020_10_06","2020_10_06","Margaux Failla","Fgfr","slide2_image24","yes",95,42.4,"-","yes","21","-","problem orientation","TVC cell alignment","one of the TVC divided not in the medio-lateral orientation, so cells are aligned","not good","-","Fgfr.slide2_image24.2020_10_06","orientation perturbed",FALSE,FALSE,TRUE
"Fgfr.slide2_image25.2020_10_06","2020_10_06","Margaux Failla","Fgfr","slide2_image25","yes",71.6,40.1,"-","yes","45","-","problem division","enhanced ATM division","one of the ATM divided in the tail","good","-","Fgfr.slide2_image25.2020_10_06","division perturbed",FALSE,TRUE,FALSE
"Fgfr.slide2_image30.2020_10_06","2020_10_06","Margaux Failla","Fgfr","slide2_image30","yes",75.6,40.1,"-","yes","39.7","-","problem division","enhanced ATM division","one of the ATM divided in the tail","good","-","Fgfr.slide2_image30.2020_10_06","division perturbed",FALSE,TRUE,FALSE
"Fgfr.slide2_image32.2020_10_06","2020_10_06","Margaux Failla","Fgfr","slide2_image32","yes",67.3,37.4,"-","yes","25.2","-","problem migration","enhanced ATM migration","one of the ATM migrated in the trunk with the TVCs","good","-","Fgfr.slide2_image32.2020_10_06","migration perturbed",TRUE,FALSE,FALSE
"Fgfr.slide2_image35_left.2020_10_06","2020_10_06","Margaux Failla","Fgfr","slide2_image35_left","yes",75,45.2,"-","yes","32.1","-","problem migration and division","enhanced ATM migration / inhibited TVC division","one of the ATM migrated in the trunk with the TVCs and the 2 TVCs didin't divide","correct","-","Fgfr.slide2_image35_left.2020_10_06","migration/division perturbed",TRUE,TRUE,FALSE
"Fgfr.slide2_image36_left.2020_10_06","2020_10_06","Margaux Failla","Fgfr","slide2_image36_left","yes",80,52.6,"-","yes","10.8","-","problem migration and division","enhanced ATM migration / enhanced ATM division","one of the ATM migrated and divided in the trunk with the TVCs","correct","-","Fgfr.slide2_image36_left.2020_10_06","migration/division perturbed",TRUE,TRUE,FALSE
"Fgfr.slide2_image38_left.2020_10_06","2020_10_06","Margaux Failla","Fgfr","slide2_image38_left","yes",89.8,30.2,"-","yes","0","groups connected","problem migration","inhibited TVC migration","the TVCs didn't migrate completely, so TVCs still attached to the ATMs in the tail","not good","-","Fgfr.slide2_image38_left.2020_10_06","migration perturbed",TRUE,FALSE,FALSE
"Fgfr.slide2_image38_right.2020_10_06","2020_10_06","Margaux Failla","Fgfr","slide2_image38_right","yes",77.8,37.5,"-","yes","29.2","-","problem division","inhibited TVC division","one of the TVCs didn't divide in the trunk","not good","-","Fgfr.slide2_image38_right.2020_10_06","division perturbed",FALSE,TRUE,FALSE
"Fgfr.slide2_image40_right.2020_10_06","2020_10_06","Margaux Failla","Fgfr","slide2_image40_right","yes",120,42.5,"-","yes","9.38","-","problem migration and division","enhanced ATM migration / inhibited TVC division","one of the ATM migrated in the trunk with the TVCs and the 2 TVCs didin't divide","not good","Corresponds to a separate embryo","Fgfr.slide2_image40_right.2020_10_06","migration/division perturbed",TRUE,TRUE,FALSE
"Fgfr.slide2_image43.2020_10_06","2020_10_06","Margaux Failla","Fgfr","slide2_image43","yes",80.2,30.2,"-","yes","31.6","-","problem migration, orientation and division","enhanced ATM migration / enhanced ATM division / TVC cell alignment","one of the ATM migrated and divided (but not completely) in the trunk with the TVCs; the TVCs divided but not in the medio-lateral orientation, so cells are aligned; the ATM that stayed in the tail divided but not completely","good","Ambiguous phenotype; the ATMs divided (one in the trunk, one in the tail) but not completely, nuclei separated but still in the same cell","Fgfr.slide2_image43.2020_10_06","migration/division/orientation perturbed",TRUE,TRUE,TRUE
"Fgfr.slide2_image46_right.2020_10_06","2020_10_06","Margaux Failla","Fgfr","slide2_image46_right","yes",85.1,42.6,"-","yes","36.6","-","problem division","enhanced ATM division / enhanced TVC division","one of the ATM divided in the tail; they are 2 extra cells in the trunk with the TVCs","correct","Ambiguous phenotype, difficult to identify the cells","Fgfr.slide2_image46_right.2020_10_06","division perturbed",FALSE,TRUE,FALSE
"Fgfr.slide2_image47.2020_10_06","2020_10_06","Margaux Failla","Fgfr","slide2_image47","yes",90.4,35,"-","yes","20.3","-","problem division","inhibited TVC division","one of the TVCs didn't divide; the other TVC divided but not completely (not seen in the segmentation)","good","one TVC divided not completely but not seen in the segmentation, nuclei enough separated but in the same cell","Fgfr.slide2_image47.2020_10_06","division perturbed",FALSE,TRUE,FALSE
"Fgfr.slide2_image51.2020_10_06","2020_10_06","Margaux Failla","Fgfr","slide2_image51","yes",85.1,40.1,"-","yes","32.8","-","problem migration and division","enhanced ATM migration / enhanced ATM division","one of the ATM migrated with the TVCs in the trunk and divided","correct","-","Fgfr.slide2_image51.2020_10_06","migration/division perturbed",TRUE,TRUE,FALSE
"Fgfr.slide2_image57.2020_10_06","2020_10_06","Margaux Failla","Fgfr","slide2_image57","yes",80,32.7,"-","yes","47.2","-","problem orientation","TVC cell alignment","one of the TVC divided not in the medio-lateral orientation, so cells are aligned","good","-","Fgfr.slide2_image57.2020_10_06","orientation perturbed",FALSE,FALSE,TRUE
"Fgfr.slide2_image58.2020_10_06","2020_10_06","Margaux Failla","Fgfr","slide2_image58","yes",77.3,35,"-","yes","37.2","-","problem division","inhibited TVC division","one of the TVCs didn't divide in the trunk","good","-","Fgfr.slide2_image58.2020_10_06","division perturbed",FALSE,TRUE,FALSE
"Fgfr.slide2_image6.2020_10_06","2020_10_06","Margaux Failla","Fgfr","slide2_image6","yes",74.6,27.5,"-","yes","37.4","-","problem migration and division","enhanced ATM migration / inhibited TVC division","one of the ATMs migrated with the TVCs in the trunk; one of the TVCs didn't divide in the trunk","good","-","Fgfr.slide2_image6.2020_10_06","migration/division perturbed",TRUE,TRUE,FALSE
"Fgfr.slide2_image60.2020_10_06","2020_10_06","Margaux Failla","Fgfr","slide2_image60","yes",74.9,27.6,"-","yes","26.9","-","problem migration and division","enhanced ATM migration / enhanced ATM division","one of the ATM migrated with the TVCs in the trunk and divided","good","-","Fgfr.slide2_image60.2020_10_06","migration/division perturbed",TRUE,TRUE,FALSE
"Fgfr.slide2_image63.2020_10_06","2020_10_06","Margaux Failla","Fgfr","slide2_image63","yes",85.2,40.1,"-","yes","41.7","-","problem orientation","TVC cell alignment","one of the TVC divided not in the medio-lateral orientation, so cells are aligned","correct","-","Fgfr.slide2_image63.2020_10_06","orientation perturbed",FALSE,FALSE,TRUE
"Fgfr.slide2_image7.2020_10_06","2020_10_06","Margaux Failla","Fgfr","slide2_image7","yes",91.5,42.5,"-","yes","47.9","-","problem orientation","TVC cell alignment","one of the TVC divided not in the medio-lateral orientation, so cells not correctly oriented","good","-","Fgfr.slide2_image7.2020_10_06","orientation perturbed",FALSE,FALSE,TRUE
"Foxf.image1.2020_07_23","2020_07_23","Yelena Bernadskaya","Foxf","image1","yes",23.1,22.2,"-","yes","34.7","-","problem orientation","TVC cell alignment","one of the TVC divided not in the medio-lateral orientation, so cells are aligned","good","Don't see all the ATM cells (image not centered)","Foxf.image1.2020_07_23","orientation perturbed",FALSE,FALSE,TRUE
"Foxf.image10_left.2020_07_23","2020_07_23","Yelena Bernadskaya","Foxf","image10_left","yes",22.6,22.6,"-","yes","44.1","-","problem orientation","TVC cell alignment","one of the TVC divided not in the medio-lateral orientation, so cells are aligned (this TVC division is not completed but it's not seen in the segmentation because nuclei are far enough so considered as 2 cells)","good","One TVC division is not completed but it's not seen in the segmentation because nuclei are far enough so considered as 2 cells","Foxf.image10_left.2020_07_23","orientation perturbed",FALSE,FALSE,TRUE
"Foxf.image10_right.2020_07_14","2020_07_14","Yelena Bernadskaya","Foxf","image10_right","yes",31.2,23,"-","yes","32.9","-","problem division","inhibited TVC division","the 2 TVCs didn't divide in the trunk","good","-","Foxf.image10_right.2020_07_14","division perturbed",FALSE,TRUE,FALSE
"Foxf.image10_right.2020_07_23","2020_07_23","Yelena Bernadskaya","Foxf","image10_right","yes",22.6,17.7,"-","yes","44.7","-","problem orientation","TVC cell alignment","one of the TVC divided not in the medio-lateral orientation, so cells are aligned (this TVC division is not completed but it's not seen in the segmentation because nuclei are far enough so considered as 2 cells)","good","Don't see all the ATM cells (image not centered), and one TVC division is not completed but it's not seen in the segmentation because nuclei are far enough so considered as 2 cells","Foxf.image10_right.2020_07_23","orientation perturbed",FALSE,FALSE,TRUE
"Foxf.image11.2020_06_17","2020_06_17","Yelena Bernadskaya","Foxf","image11","yes",40.8,30,"-","yes","22.7","-","problem orientation","TVC cell alignment","one of the TVC divided but not in the medio-lateral orientation, so cells are aligned","good","Don't see all the ATM cells (image not centered)","Foxf.image11.2020_06_17","orientation perturbed",FALSE,FALSE,TRUE
"Foxf.image12.2020_06_17","2020_06_17","Yelena Bernadskaya","Foxf","image12","yes",35.2,30.9,"-","yes","15.3","-","problem division","enhanced ATM division / inhibited TVC division / enhanced TVC division","one of the ATM divided in the tail; one of the TVC didn't divide completely in the trunk (not seen because segmentation considered as 2 cells) and the other TVC started the second division (but not seen in segmentation because nuclei too close to each other, considered as 1 cell)","good","Ambiguous phenotype, difficult to identify the cells","Foxf.image12.2020_06_17","division perturbed",FALSE,TRUE,FALSE
"Foxf.image13_left.2020_06_17","2020_06_17","Yelena Bernadskaya","Foxf","image13_left","yes",35.3,34.4,"-","yes","30.1","-","problem division","inhibited TVC division","the 2 TVCs didn't divide in the trunk (one started the division, but nuclei too close so considered as 1 cell in the segmentation)","good","Ambiguous phenotype, difficult to identify the cells","Foxf.image13_left.2020_06_17","division perturbed",FALSE,TRUE,FALSE
"Foxf.image13_right.2020_06_17","2020_06_17","Yelena Bernadskaya","Foxf","image13_right","yes",35.3,40.1,"-","yes","32.3","-","problem division","enhanced ATM division / inhibited TVC division","one of the ATM divided in the tail; the 2 TVCs didn't divide in the trunk","correct","Ambiguous phenotype, difficult to identify the cells","Foxf.image13_right.2020_06_17","division perturbed",FALSE,TRUE,FALSE
"Foxf.image14.2020_06_17","2020_06_17","Yelena Bernadskaya","Foxf","image14","yes",50.1,24.6,"-","yes","-","no distance - only one group in the trunk","problem migration and division","enhanced ATM migration / enhanced ATM division","the 2 ATMs migrated in the trunk with the TVCs; and one of the ATM divided","good","-","Foxf.image14.2020_06_17","migration/division perturbed",TRUE,TRUE,FALSE
"Foxf.image2.2020_07_23","2020_07_23","Yelena Bernadskaya","Foxf","image2","yes",24.9,15,"-","yes","21","-","problem division and orientation","inhibited TVC division / TVC cell alignment","one of the TVC didn't divide in the trunk and the other TVC divided but not in the medio-lateral orientation, so cells are aligned","good","-","Foxf.image2.2020_07_23","division/orientation perturbed",FALSE,TRUE,TRUE
"Foxf.image3.2020_07_14","2020_07_14","Yelena Bernadskaya","Foxf","image3","yes",25.5,17,"-","yes","32.3","-","problem orientation","TVC cell alignment","the 2 TVCs divided but not in the medio-lateral orientation, so cells are aligned","good","-","Foxf.image3.2020_07_14","orientation perturbed",FALSE,FALSE,TRUE
"Foxf.image3.2020_07_23","2020_07_23","Yelena Bernadskaya","Foxf","image3","yes",23.3,12.5,"-","yes","31.6","-","problem division","enhanced ATM division / inhibited TVC division","one of the ATM divided in the tail, and one of the TVC didn't divide in the trunk","good","Don't see all the ATM cells (image not centered)","Foxf.image3.2020_07_23","division perturbed",FALSE,TRUE,FALSE
"Foxf.image4.2020_06_17","2020_06_17","Yelena Bernadskaya","Foxf","image4","yes",54.7,16.1,"-","yes","23","-","problem orientation","TVC cell alignment","one of the TVC divided but not in the medio-lateral orientation, so cells are aligned","good","-","Foxf.image4.2020_06_17","orientation perturbed",FALSE,FALSE,TRUE
"Foxf.image4.2020_07_14","2020_07_14","Yelena Bernadskaya","Foxf","image4","yes",30.3,31.4,"-","yes","0","groups connected","problem migration and division","inhibited TVC migration / inhibited TVC division","one of the TVC didn't migrate, didn't divide and stayed in the tail, the other TVC didn't migrate enough in the trunk and still attached to the ATMs group, and it didn't divide","good","-","Foxf.image4.2020_07_14","migration/division perturbed",TRUE,TRUE,FALSE
"Foxf.image4.2020_07_23","2020_07_23","Yelena Bernadskaya","Foxf","image4","yes",22.5,15.4,"-","yes","31.8","-","problem orientation","TVC cell alignment","the 2 TVC divided not in the medio-lateral orientation, so all cells are aligned","good","-","Foxf.image4.2020_07_23","orientation perturbed",FALSE,FALSE,TRUE
"Foxf.image5_left.2020_07_23","2020_07_23","Yelena Bernadskaya","Foxf","image5_left","yes",22.5,13.5,"-","yes","46.7","-","problem division","inhibited TVC division","one of the TVC didn't divide in the trunk","not good","Ambiguous phenotype between left and right","Foxf.image5_left.2020_07_23","division perturbed",FALSE,TRUE,FALSE
"Foxf.image5_right.2020_07_23","2020_07_23","Yelena Bernadskaya","Foxf","image5_right","yes",21.5,13.5,"-","yes","39.3","-","problem orientation","TVC cell alignment","one of the TVC divided not in the medio-lateral orientation, so cells are aligned","correct","Ambiguous phenotype between left and right, don't see all the ATM cells (image not centered)","Foxf.image5_right.2020_07_23","orientation perturbed",FALSE,FALSE,TRUE
"Foxf.image6.2020_07_14","2020_07_14","Yelena Bernadskaya","Foxf","image6","yes",25.4,13.6,"-","yes","30.2","-","problem division","inhibited TVC division","one of the TVC didn't divide in the trunk","not good","-","Foxf.image6.2020_07_14","division perturbed",FALSE,TRUE,FALSE
"Foxf.image8_left.2020_07_23","2020_07_23","Yelena Bernadskaya","Foxf","image8_left","yes",22.4,12.9,"-","yes","21.5","-","problem division","inhibited TVC division","the 2 TVCs didn't divide in the trunk","not good","-","Foxf.image8_left.2020_07_23","division perturbed",FALSE,TRUE,FALSE
"Foxf.image8_right.2020_07_23","2020_07_23","Yelena Bernadskaya","Foxf","image8_right","yes",22.4,12.9,"-","yes","18.1","-","problem division","inhibited TVC division","the 2 TVCs didn't divide in the trunk","not good","-","Foxf.image8_right.2020_07_23","division perturbed",FALSE,TRUE,FALSE
"Foxf.image9_left.2020_07_14","2020_07_14","Yelena Bernadskaya","Foxf","image9_left","yes",40.2,16,"-","yes","30.4","-","problem division","inhibited TVC division","the 2 TVCs didn't divide in the trunk","not good","-","Foxf.image9_left.2020_07_14","division perturbed",FALSE,TRUE,FALSE
"Foxf.slide1_image1.2020_02_06","2020_02_06","Margaux Failla","Foxf","slide1_image1","yes",150,21.8,"-","yes","4.38","-","problem orientation","TVC cell alignment","one of the TVC divided not in the medio-lateral orientation, so cells are aligned","good","-","Foxf.slide1_image1.2020_02_06","orientation perturbed",FALSE,FALSE,TRUE
"Foxf.slide1_image10.2020_02_06","2020_02_06","Margaux Failla","Foxf","slide1_image10","yes",113,32.5,"-","yes","12.3","-","problem migration and orientation","enhanced ATM migration / TVC cell alignment","one of the TVC divided not in the medio-lateral orientation, so cells are aligned; and one ATM migrated in the trunk","good","-","Foxf.slide1_image10.2020_02_06","migration/orientation perturbed",TRUE,FALSE,TRUE
"Foxf.slide1_image14_left.2020_02_06","2020_02_06","Margaux Failla","Foxf","slide1_image14_left","yes",99.4,34.2,"-","yes","44.2","-","problem orientation","TVC cell alignment","one of the TVC divided not in the medio-lateral orientation; the cells are aligned","good","-","Foxf.slide1_image14_left.2020_02_06","orientation perturbed",FALSE,FALSE,TRUE
"Foxf.slide1_image14_right.2020_02_06","2020_02_06","Margaux Failla","Foxf","slide1_image14_right","yes",99.4,34.2,"-","yes","43.7","-","problem migration and orientation","inhibited TVC migration / TVC cell alignment","one of the TVC didn't migrate and divided in the tail; the TVC that migrated in the trunk divided not in the medio-lateral orientation","good","-","Foxf.slide1_image14_right.2020_02_06","migration/orientation perturbed",TRUE,FALSE,TRUE
"Foxf.slide1_image15_left.2020_02_06","2020_02_06","Margaux Failla","Foxf","slide1_image15_left","yes",111,21.8,"-","yes","0","groups connected","problem migration","enhanced ATM migration","one of the ATM migrated but not completely so it is attached to the TVCs but also the other ATM in the tail ","good","-","Foxf.slide1_image15_left.2020_02_06","migration perturbed",TRUE,FALSE,FALSE
"Foxf.slide1_image15_right.2020_02_06","2020_02_06","Margaux Failla","Foxf","slide1_image15_right","yes",111,24.9,"-","yes","0","groups connected","problem migration and orientation","inhibited TVC migration / TVC cell alignment","The migration was not done completely, one of the TVC is still connected to the ATM and this TVC divide but not in the medio-lateral orientation","good","-","Foxf.slide1_image15_right.2020_02_06","migration/orientation perturbed",TRUE,FALSE,TRUE
"Foxf.slide1_image16.2020_02_06","2020_02_06","Margaux Failla","Foxf","slide1_image16","yes",115,35.3,"-","yes","10.8","-","problem orientation","TVC cell alignment","the 2 TVCs divided not in the medio-lateral orientation, all cells are aligned","good","-","Foxf.slide1_image16.2020_02_06","orientation perturbed",FALSE,FALSE,TRUE
"Foxf.slide1_image17.2020_02_06","2020_02_06","Margaux Failla","Foxf","slide1_image17","yes",65.7,25,"-","yes","64.2","-","problem orientation","TVC cell alignment","one of the TVC divided not in the medio-lateral orientation, so cells are aligned","correct","-","Foxf.slide1_image17.2020_02_06","orientation perturbed",FALSE,FALSE,TRUE
"Foxf.slide1_image18.2020_02_06","2020_02_06","Margaux Failla","Foxf","slide1_image18","yes",103,31.2,"-","yes","26.8","-","problem orientation","TVC cell alignment","one of the TVC divided not in the medio-lateral orientation, so cells are aligned","good","-","Foxf.slide1_image18.2020_02_06","orientation perturbed",FALSE,FALSE,TRUE
"Foxf.slide1_image19.2020_02_06","2020_02_06","Margaux Failla","Foxf","slide1_image19","yes",115,35.8,"-","yes","15.3","-","problem orientation","TVC cell alignment","the 2 TVCs divided not in the medio-lateral orientation, so cells are aligned","good","-","Foxf.slide1_image19.2020_02_06","orientation perturbed",FALSE,FALSE,TRUE
"Foxf.slide1_image20.2020_02_06","2020_02_06","Margaux Failla","Foxf","slide1_image20","yes",105,37.8,"-","yes","26.3","-","problem orientation","TVC cell alignment","the 2 TVCs divided not in the medio-lateral orientation, all cells are aligned","not good","-","Foxf.slide1_image20.2020_02_06","orientation perturbed",FALSE,FALSE,TRUE
"Foxf.slide1_image21.2020_02_06","2020_02_06","Margaux Failla","Foxf","slide1_image21","yes",98.3,38.5,"-","yes","22.2","-","problem orientation","TVC cell alignment","one of the TVC divided not in the medio-lateral orientation, so cells are aligned","good","-","Foxf.slide1_image21.2020_02_06","orientation perturbed",FALSE,FALSE,TRUE
"Foxf.slide1_image22_left.2020_02_06","2020_02_06","Margaux Failla","Foxf","slide1_image22_left","yes",116,25.9,"-","yes","0","groups connected","problem migration and orientation","inhibited TVC migration / TVC cell alignment","The migration was not done completely, one of the TVC is still connected to the ATM and this TVC divide but not in the medio-lateral orientation","good","-","Foxf.slide1_image22_left.2020_02_06","migration/orientation perturbed",TRUE,FALSE,TRUE
"Foxf.slide1_image4.2020_02_06","2020_02_06","Margaux Failla","Foxf","slide1_image4","yes",105,32,"-","yes","0","groups connected","problem division and migration","inhibited TVC migration / inhibited TVC division","the TVCs didn't migrate completely, one is still connected to the ATM and this TVC didn't divide","good","-","Foxf.slide1_image4.2020_02_06","migration/division perturbed",TRUE,TRUE,FALSE
"Foxf.slide1_image8.2020_02_06","2020_02_06","Margaux Failla","Foxf","slide1_image8","yes",85,14.5,"-","yes","40.7","-","problem orientation","TVC cell alignment","one of the TVC divided not in the medio-lateral orientation, so cells are aligned","good","-","Foxf.slide1_image8.2020_02_06","orientation perturbed",FALSE,FALSE,TRUE
"Foxf.slide2_image1.2020_02_06","2020_02_06","Margaux Failla","Foxf","slide2_image1","yes",115,31,"-","yes","14.1","-","problem orientation","TVC cell alignment","one of the TVC divided not in the medio-lateral orientation, so cells are aligned","good","-","Foxf.slide2_image1.2020_02_06","orientation perturbed",FALSE,FALSE,TRUE
"Foxf.slide2_image10.2020_02_06","2020_02_06","Margaux Failla","Foxf","slide2_image10","yes",103,28,"-","yes","30.9","-","problem orientation","TVC cell alignment","one of the TVC divided not in the medio-lateral orientation, so cells are aligned","not good","-","Foxf.slide2_image10.2020_02_06","orientation perturbed",FALSE,FALSE,TRUE
"Foxf.slide2_image12_left.2020_02_06","2020_02_06","Margaux Failla","Foxf","slide2_image12_left","yes",120,29.7,"-","yes","20.4","-","problem orientation","TVC cell alignment","one of the TVC divided not in the medio-lateral orientation, so cells are aligned","good","-","Foxf.slide2_image12_left.2020_02_06","orientation perturbed",FALSE,FALSE,TRUE
"Foxf.slide2_image12_right.2020_02_06","2020_02_06","Margaux Failla","Foxf","slide2_image12_right","yes",115,29.7,"-","yes","27.4","-","problem orientation","TVC cell alignment","one of the TVC divided not in the medio-lateral orientation, so cells are aligned","good","-","Foxf.slide2_image12_right.2020_02_06","orientation perturbed",FALSE,FALSE,TRUE
"Foxf.slide2_image13.2020_02_06","2020_02_06","Margaux Failla","Foxf","slide2_image13","yes",120,24.1,"-","yes","20.7","-","problem orientation","TVC cell alignment","the 2 TVCs divided not in the medio-lateral orientation, all cells are aligned","good","-","Foxf.slide2_image13.2020_02_06","orientation perturbed",FALSE,FALSE,TRUE
"Foxf.slide2_image15.2020_02_06","2020_02_06","Margaux Failla","Foxf","slide2_image15","yes",120,22.9,"-","yes","29.4","-","problem orientation","TVC cell alignment","one of the TVC divided not in the medio-lateral orientation, so cells are aligned","good","-","Foxf.slide2_image15.2020_02_06","orientation perturbed",FALSE,FALSE,TRUE
"Foxf.slide2_image16.2020_02_06","2020_02_06","Margaux Failla","Foxf","slide2_image16","yes",113,14.9,"-","yes","0","groups connected","problem migration and orientation","inhibited TVC migration / TVC cell alignment","the migration was not done completely, one of the TVC is still connected to the ATM and this TVC divide but not in the medio-lateral orientation, so cells are aligned","not good","-","Foxf.slide2_image16.2020_02_06","migration/orientation perturbed",TRUE,FALSE,TRUE
"Foxf.slide2_image20.2020_02_06","2020_02_06","Margaux Failla","Foxf","slide2_image20","yes",125,19.5,"-","yes","5.59","-","problem orientation","TVC cell alignment","one of the TVC divided not in the medio-lateral orientation, so cells are aligned","good","-","Foxf.slide2_image20.2020_02_06","orientation perturbed",FALSE,FALSE,TRUE
"Foxf.slide2_image21.2020_02_06","2020_02_06","Margaux Failla","Foxf","slide2_image21","yes",102,29.7,"-","yes","12.5","-","problem orientation","TVC cell alignment","one of the TVC divided not in the medio-lateral orientation, so cells are aligned","correct","-","Foxf.slide2_image21.2020_02_06","orientation perturbed",FALSE,FALSE,TRUE
"Foxf.slide2_image22.2020_02_06","2020_02_06","Margaux Failla","Foxf","slide2_image22","yes",95.1,24.2,"-","yes","13.3","-","problem orientation","TVC cell alignment","one of the TVC divided not in the medio-lateral orientation, so cells are aligned","good","-","Foxf.slide2_image22.2020_02_06","orientation perturbed",FALSE,FALSE,TRUE
"Foxf.slide2_image25_left.2020_02_06","2020_02_06","Margaux Failla","Foxf","slide2_image25_left","yes",120,37.8,"-","yes","9.27","-","problem orientation","TVC cell alignment","the 2 TVCs divided not in the medio-lateral orientation, all cells are aligned","correct","-","Foxf.slide2_image25_left.2020_02_06","orientation perturbed",FALSE,FALSE,TRUE
"Foxf.slide2_image26.2020_02_06","2020_02_06","Margaux Failla","Foxf","slide2_image26","yes",84.3,36.6,"-","yes","42.7","-","problem orientation","TVC cell alignment","one of the TVC divided not in the medio-lateral orientation, so cells are aligned","correct","-","Foxf.slide2_image26.2020_02_06","orientation perturbed",FALSE,FALSE,TRUE
"Foxf.slide2_image27_left.2020_02_06","2020_02_06","Margaux Failla","Foxf","slide2_image27_left","yes",105,29.1,"-","yes","14.5","-","problem orientation","TVC cell alignment","the 2 TVCs divided not in the medio-lateral orientation, all cells are aligned","not good","-","Foxf.slide2_image27_left.2020_02_06","orientation perturbed",FALSE,FALSE,TRUE
"Foxf.slide2_image28.2020_02_06","2020_02_06","Margaux Failla","Foxf","slide2_image28","yes",115,20.6,"-","yes","15.2","-","problem orientation","TVC cell alignment","the 2 TVCs divided not in the medio-lateral orientation, all cells are aligned","not good","-","Foxf.slide2_image28.2020_02_06","orientation perturbed",FALSE,FALSE,TRUE
"Foxf.slide2_image30_left.2020_02_06","2020_02_06","Margaux Failla","Foxf","slide2_image30_left","yes",90.3,26.4,"-","yes","27","-","problem orientation","TVC cell alignment","one of the TVC divided not in the medio-lateral orientation, so cells are aligned","good","-","Foxf.slide2_image30_left.2020_02_06","orientation perturbed",FALSE,FALSE,TRUE
"Foxf.slide2_image30_right.2020_02_06","2020_02_06","Margaux Failla","Foxf","slide2_image30_right","yes",90.3,26.4,"-","yes","25.1","-","problem orientation","TVC cell alignment","one of the TVC divided not in the medio-lateral orientation, so cells are aligned","correct","-","Foxf.slide2_image30_right.2020_02_06","orientation perturbed",FALSE,FALSE,TRUE
"Foxf.slide2_image31_left.2020_02_06","2020_02_06","Margaux Failla","Foxf","slide2_image31_left","yes",80,25.9,"-","yes","22.7","-","problem orientation","TVC cell alignment","one of the TVC divided not in the medio-lateral orientation, so cells are aligned","not good","-","Foxf.slide2_image31_left.2020_02_06","orientation perturbed",FALSE,FALSE,TRUE
"Foxf.slide2_image32.2020_02_06","2020_02_06","Margaux Failla","Foxf","slide2_image32","yes",93.5,32.4,"-","yes","0","groups connected","problem migration and orientation","inhibited TVC migration / TVC cell alignment","the migration was not done completely, one of the TVC is still connected to the ATM and this TVC divided but not in the medio-lateral orientation, so cells are aligned","not good","-","Foxf.slide2_image32.2020_02_06","migration/orientation perturbed",TRUE,FALSE,TRUE
"Foxf.slide2_image4.2020_02_06","2020_02_06","Margaux Failla","Foxf","slide2_image4","yes",102,22.3,"-","yes","9.98","-","problem orientation","TVC cell alignment","one of the TVC divided not in the medio-lateral orientation, so cells are aligned","correct","-","Foxf.slide2_image4.2020_02_06","orientation perturbed",FALSE,FALSE,TRUE
"Foxf.slide2_image5.2020_02_06","2020_02_06","Margaux Failla","Foxf","slide2_image5","yes",94.3,17.3,"-","yes","24.3","-","problem orientation","TVC cell alignment","the 2 TVCs divided not in the medio-lateral orientation, all cells are aligned","good","-","Foxf.slide2_image5.2020_02_06","orientation perturbed",FALSE,FALSE,TRUE
"Foxf.slide2_image6.2020_02_06","2020_02_06","Margaux Failla","Foxf","slide2_image6","yes",80.8,22.6,"-","yes","21.1","-","problem orientation","TVC cell alignment","the 2 TVCs divided not in the medio-lateral orientation, all cells are aligned","good","-","Foxf.slide2_image6.2020_02_06","orientation perturbed",FALSE,FALSE,TRUE
"Foxf.slide2_image7.2020_02_06","2020_02_06","Margaux Failla","Foxf","slide2_image7","yes",120,35.5,"-","yes","30.5","-","problem orientation","TVC cell alignment","one of the TVC divided not in the medio-lateral orientation, so cells are aligned","good","-","Foxf.slide2_image7.2020_02_06","orientation perturbed",FALSE,FALSE,TRUE
"Foxf.slide2_image9.2020_02_06","2020_02_06","Margaux Failla","Foxf","slide2_image9","yes",86.4,36.8,"-","yes","27.3","-","problem orientation","TVC cell alignment","one of the TVC divided not in the medio-lateral orientation, so cells are aligned","correct","-","Foxf.slide2_image9.2020_02_06","orientation perturbed",FALSE,FALSE,TRUE
"FZD.slide1_image1_right.2020_11_04","2020_11_04","Margaux Failla","FZD","slide1_image1_right","yes",66.2,45.4,"-","yes","20.3","-","problem division","enhanced ATM division","one of the ATM divided in the tail","correct","-","FZD.slide1_image1_right.2020_11_04","division perturbed",FALSE,TRUE,FALSE
"FZD.slide1_image1.2020_11_05","2020_11_05","Margaux Failla","FZD","slide1_image1","yes",89,32.9,"-","yes","0","groups connected","problem migration","enhanced ATM migration","the 2 ATMs migrated with the TVCs in the trunk but one is still a bit in the tail","good","-","FZD.slide1_image1.2020_11_05","migration perturbed",TRUE,FALSE,FALSE
"FZD.slide1_image10_left.2020_11_04","2020_11_04","Margaux Failla","FZD","slide1_image10_left","yes",82.5,25.2,"-","yes","36","-","problem migration and division","inhibited TVC migration / inhibited TVC division","one of the TVCs didin't migrate and didn't divide, it stayed in the tail with the ATMs","good","-","FZD.slide1_image10_left.2020_11_04","migration/division perturbed",TRUE,TRUE,FALSE
"FZD.slide1_image10.2020_11_05","2020_11_05","Margaux Failla","FZD","slide1_image10","yes",86.3,42.2,"-","yes","9.87","-","problem migration","enhanced ATM migration","one of the ATM migrated with the TVCs in the trunk","good","-","FZD.slide1_image10.2020_11_05","migration perturbed",TRUE,FALSE,FALSE
"FZD.slide1_image12.2020_11_04","2020_11_04","Margaux Failla","FZD","slide1_image12","yes",88.3,32.4,"-","yes","11.7","-","problem migration and division","enhanced ATM migration / inhibited TVC division","the ATMs migrated a bit in the trunk; one of the TVCs didn't divide in the trunk (and a bit separated from the other TVCs)","correct","-","FZD.slide1_image12.2020_11_04","migration/division perturbed",TRUE,TRUE,FALSE
"FZD.slide1_image14.2020_11_05","2020_11_05","Margaux Failla","FZD","slide1_image14","yes",78.5,60,"-","yes","23.4","-","problem migration and division","enhanced ATM migration / enhanced ATM division","one of the ATM migrated and divided with the TVCs in the trunk","correct","-","FZD.slide1_image14.2020_11_05","migration/division perturbed",TRUE,TRUE,FALSE
"FZD.slide1_image15_left.2020_11_04","2020_11_04","Margaux Failla","FZD","slide1_image15_left","yes",80.2,30.2,"-","yes","0","groups connected","problem migration","enhanced ATM migration","one of the ATM migrated with the TVCs in the trunk, but still attached to the other ATM in the tail","correct","the segmentation doesn't follow correctly the signal of the membrane","FZD.slide1_image15_left.2020_11_04","migration perturbed",TRUE,FALSE,FALSE
"FZD.slide1_image16.2020_11_05","2020_11_05","Margaux Failla","FZD","slide1_image16","yes",93.5,47.2,"-","yes","35.5","-","problem migration and division","enhanced ATM migration / enhanced ATM division","one of the ATM migrated and divided with the TVCs in the trunk","correct","-","FZD.slide1_image16.2020_11_05","migration/division perturbed",TRUE,TRUE,FALSE
"FZD.slide1_image19_right.2020_11_05","2020_11_05","Margaux Failla","FZD","slide1_image19_right","yes",80.3,52.6,"-","yes","-","only one group in the trunk - no distance","problem migration and division","enhanced ATM migration / inhibited TVC division","the 2 ATMs migrated with the TVCs in the trunk; the 2 TVCs didn't divide in the trunk","good","-","FZD.slide1_image19_right.2020_11_05","migration/division perturbed",TRUE,TRUE,FALSE
"FZD.slide1_image21_right.2020_11_05","2020_11_05","Margaux Failla","FZD","slide1_image21_right","yes",79.8,45.2,"-","yes","41.8","-","problem migration","enhanced ATM migration","one of the ATM migrated with the TVCs in the trunk","not good","-","FZD.slide1_image21_right.2020_11_05","migration perturbed",TRUE,FALSE,FALSE
"FZD.slide1_image22.2020_11_05","2020_11_05","Margaux Failla","FZD","slide1_image22","yes",74.9,42.3,"-","yes","-","only one group in the trunk - no distance","problem migration and division","enhanced ATM migration / enhanced ATM division","the 2 ATMs migrated and one of them divided with the TVCs in the trunk","good","-","FZD.slide1_image22.2020_11_05","migration/division perturbed",TRUE,TRUE,FALSE
"FZD.slide1_image30_left.2020_11_04","2020_11_04","Margaux Failla","FZD","slide1_image30_left","yes",76.8,35.3,"-","yes","48.8","-","problem division","enhanced ATM division","one of the ATM divided in the tail","good","-","FZD.slide1_image30_left.2020_11_04","division perturbed",FALSE,TRUE,FALSE
"FZD.slide1_image4_left.2020_11_05","2020_11_05","Margaux Failla","FZD","slide1_image4_left","yes",64.5,42.7,"-","yes","19.7","-","problem migration","enhanced ATM migration","one of the ATM migrated with the TVCs in the trunk","correct","-","FZD.slide1_image4_left.2020_11_05","migration perturbed",TRUE,FALSE,FALSE
"FZD.slide1_image4.2020_11_04","2020_11_04","Margaux Failla","FZD","slide1_image4","yes",71.8,28,"-","yes","16.9","the distance should be shorter (missed a part of the membrane in the segmentation)","problem migration","enhanced ATM migration","one of the ATM migrated with the TVCs in the trunk","good","Missing a part of the membrane in the segmentation","FZD.slide1_image4.2020_11_04","migration perturbed",TRUE,FALSE,FALSE
"FZD.slide1_image9_right.2020_11_04","2020_11_04","Margaux Failla","FZD","slide1_image9_right","yes",74.4,27.2,"-","yes","22.4","-","problem division","inhibited TVC division","one of the TVCs didn't divide in the trunk","good","-","FZD.slide1_image9_right.2020_11_04","division perturbed",FALSE,TRUE,FALSE
"FZD.slide2_image1.2020_11_04","2020_11_04","Margaux Failla","FZD","slide2_image1","yes",62.4,37.5,"-","yes","-","only one group in the trunk - no distance","problem migration and division","enhanced ATM migration / enhanced ATM division","the 2 ATMs migrated and divided with the TVCs in the trunk","good","-","FZD.slide2_image1.2020_11_04","migration/division perturbed",TRUE,TRUE,FALSE
"FZD.slide2_image11.2020_11_04","2020_11_04","Margaux Failla","FZD","slide2_image11","yes",73.6,27.5,"-","yes","28","-","problem division","enhanced ATM division","one of the ATM divided in the tail","good","-","FZD.slide2_image11.2020_11_04","division perturbed",FALSE,TRUE,FALSE
"FZD.slide2_image15_right.2020_11_04","2020_11_04","Margaux Failla","FZD","slide2_image15_right","yes",83.8,37.6,"-","yes","21.2","-","problem division","enhanced ATM division","one of the ATM divided in the tail","good","-","FZD.slide2_image15_right.2020_11_04","division perturbed",FALSE,TRUE,FALSE
"FZD.slide2_image15.2020_11_05","2020_11_05","Margaux Failla","FZD","slide2_image15","yes",73.6,35,"-","yes","10","-","problem migration and division","inhibited TVC migration / inhibited TVC division","one of the TVC didn't migrate and didn't divide, it stayed in the tail with the ATMs; the other TVC migrated not completely in the trunk and started to divide but not completely (nuclei separated but membrane not divided); not seen in the segmentation","correct","TVC didn't divide completely but nuclei separated; so segmented as 2 cells","FZD.slide2_image15.2020_11_05","migration/division perturbed",TRUE,TRUE,FALSE
"FZD.slide2_image16.2020_11_05","2020_11_05","Margaux Failla","FZD","slide2_image16","yes",83.5,47.5,"-","yes","27.6","-","problem migration and division","enhanced ATM migration / enhanced ATM division","one of the ATM migrated and divided with the TVCs in the trunk","correct","-","FZD.slide2_image16.2020_11_05","migration/division perturbed",TRUE,TRUE,FALSE
"FZD.slide2_image17.2020_11_04","2020_11_04","Margaux Failla","FZD","slide2_image17","yes",91.3,37.7,"-","yes","31.4","-","problem division","enhanced ATM division","one of the ATM divided in the tail","not good","-","FZD.slide2_image17.2020_11_04","division perturbed",FALSE,TRUE,FALSE
"FZD.slide2_image18.2020_11_05","2020_11_05","Margaux Failla","FZD","slide2_image18","yes",88.9,55.4,"-","yes","1.26","groups should be connected","problem migration and division","enhanced ATM migration / inhibited TVC division","one of the ATM migrated with the TVCs in the trunk; the other ATM migrated a bit but still in the tail and connected to the other group but not seen in the segmentation; the 2 TVCs didn't divide in the trunk","correct","-","FZD.slide2_image18.2020_11_05","migration/division perturbed",TRUE,TRUE,FALSE
"FZD.slide2_image19.2020_11_05","2020_11_05","Margaux Failla","FZD","slide2_image19","yes",80.2,37.5,"-","yes","-","only one group in the trunk - no distance","problem migration and division","enhanced ATM migration / enhanced ATM division","the 2 ATMs migrated and one of them divided with the TVCs in the trunk","good","-","FZD.slide2_image19.2020_11_05","migration/division perturbed",TRUE,TRUE,FALSE
"FZD.slide2_image23.2020_11_05","2020_11_05","Margaux Failla","FZD","slide2_image23","yes",81.6,62.2,"-","yes","0","groups connected","problem migration","inhibited TVC migration","the TVCs didn't migrate enough and still connected to the ATMs in the tail","correct","-","FZD.slide2_image23.2020_11_05","migration perturbed",TRUE,FALSE,FALSE
"FZD.slide2_image25.2020_11_04","2020_11_04","Margaux Failla","FZD","slide2_image25","yes",91.8,27.4,"-","yes","32.9","-","problem migration and division","inhibited TVC migration / inhibited TVC division","one of the TVC didn't migrate and didn't divide, it stayed with the ATM in the tail","good","-","FZD.slide2_image25.2020_11_04","migration/division perturbed",TRUE,TRUE,FALSE
"FZD.slide2_image25.2020_11_05","2020_11_05","Margaux Failla","FZD","slide2_image25","yes",90.3,47.6,"-","yes","0","groups connected","problem migration and orientation","inhibited TVC migration / TVC cell alignment","the TVCs didn't migrate enough and still connected to the ATMs in the tail; one of the TVC divided not in the medio-lateral orientation, so cells are aligned","correct","-","FZD.slide2_image25.2020_11_05","migration/orientation perturbed",TRUE,FALSE,TRUE
"FZD.slide2_image27.2020_11_05","2020_11_05","Margaux Failla","FZD","slide2_image27","yes",86.3,62.5,"-","yes","13.7","-","problem migration","enhanced ATM migration","one of the ATM migrated with the TVCs in the trunk","correct","-","FZD.slide2_image27.2020_11_05","migration perturbed",TRUE,FALSE,FALSE
"FZD.slide2_image28_right.2020_11_05","2020_11_05","Margaux Failla","FZD","slide2_image28_right","yes",84,47.4,"-","yes","-","only one group in the trunk - no distance","problem migration and division","enhanced ATM migration / enhanced ATM division","the 2 ATMs migrated and divided with the TVCs in the trunk","good","-","FZD.slide2_image28_right.2020_11_05","migration/division perturbed",TRUE,TRUE,FALSE
"FZD.slide2_image32.2020_11_05","2020_11_05","Margaux Failla","FZD","slide2_image32","yes",95.1,42.7,"-","yes","22.4","-","problem migration","enhanced ATM migration","one of the ATM migrated with the TVCs in the trunk","good","-","FZD.slide2_image32.2020_11_05","migration perturbed",TRUE,FALSE,FALSE
"FZD.slide2_image36_left.2020_11_04","2020_11_04","Margaux Failla","FZD","slide2_image36_left","yes",74.3,25.2,"-","yes","35.1","-","problem division","enhanced ATM division","one of the ATM divided in the tail","good","-","FZD.slide2_image36_left.2020_11_04","division perturbed",FALSE,TRUE,FALSE
"FZD.slide2_image37.2020_11_04","2020_11_04","Margaux Failla","FZD","slide2_image37","yes",76.5,27.4,"-","yes","45.6","-","problem migration","inhibited TVC migration","one of the TVC didn't migrated but divided in the tail","good","the segmentation doesn't follow correctly the signal of the membrane","FZD.slide2_image37.2020_11_04","migration perturbed",TRUE,FALSE,FALSE
"FZD.slide2_image4.2020_11_05","2020_11_05","Margaux Failla","FZD","slide2_image4","yes",90.3,45,"-","yes","21.5","-","problem migration and division","enhanced ATM migration / enhanced ATM division","one of the ATM migrated and divided with the TVCs in the trunk","correct","-","FZD.slide2_image4.2020_11_05","migration/division perturbed",TRUE,TRUE,FALSE
"FZD.slide2_image40.2020_11_04","2020_11_04","Margaux Failla","FZD","slide2_image40","yes",88.3,30.6,"-","yes","30.3","-","problem migration","enhanced ATM migration","one of the ATMs migrated with the TVCs in the trunk","good","-","FZD.slide2_image40.2020_11_04","migration perturbed",TRUE,FALSE,FALSE
"FZD.slide2_image42.2020_11_04","2020_11_04","Margaux Failla","FZD","slide2_image42","yes",87.1,27.3,"-","yes","28.3","-","problem orientation","TVC cell alignment","one of the TVCs divided not in the medio-lateral orientation, so cells are a bit aligned","good","-","FZD.slide2_image42.2020_11_04","orientation perturbed",FALSE,FALSE,TRUE
"FZD.slide2_image7.2020_11_05","2020_11_05","Margaux Failla","FZD","slide2_image7","yes",85.8,70,"-","yes","24.8","-","problem division","enhanced ATM division","one of the ATM divided in the tail","not good","-","FZD.slide2_image7.2020_11_05","division perturbed",FALSE,TRUE,FALSE
"FZD.slide2_image9.2020_11_05","2020_11_05","Margaux Failla","FZD","slide2_image9","yes",80,42.4,"-","yes","1.32","-","problem migration","enhanced ATM migration","one of the ATM migrated with the TVCs in the trunk","good","-","FZD.slide2_image9.2020_11_05","migration perturbed",TRUE,FALSE,FALSE
"Gata.image1.2020_06_17.1","1","Yelena Bernadskaya","Gata","image1","yes",74,15.7,"-","yes","29","-","problem migration and division","enhanced ATM migration / enhanced ATM division","one of the ATM migrated and divided in the trunk with the TVCs","good","-","Gata.image1.2020_06_17","migration/division perturbed",TRUE,TRUE,FALSE
"Gata.image2_left.2020_06_17","2020_06_17","Yelena Bernadskaya","Gata","image2_left","yes",67.3,46.1,"-","yes","28.2","-","problem migration and orientation","inhibited TVC migration / TVC cell alignment","one of the TVC didn't migrate, it stayed in the tail and divided; the TVC in the trunk divided but not in the medio-lateral orientation","good","-","Gata.image2_left.2020_06_17","migration/orientation perturbed",TRUE,FALSE,TRUE
"Gata.image2.2020_06_17","2020_06_17","Yelena Bernadskaya","Gata","image2","yes",55.2,46.4,"-","yes","24.5","-","problem migration and division","inhibited TVC migration / inhibited TVC division","one of the TVC didn't migrate and didn't divide, it stayed in the tail with the ATMs","good","-","Gata.image2.2020_06_17","migration/division perturbed",TRUE,TRUE,FALSE
"Gata.image5.2020_06_17","2020_06_17","Yelena Bernadskaya","Gata","image5","yes",68.7,30.9,"-","yes","-","no distance - only one group in the tail","problem migration and orientation","inhibited TVC migration / TVC cell alignment","the 2 TVCs didn't migrate in the trunk, and they divided but not in the medio-lateral orientation, so all cells are aligned","good","-","Gata.image5.2020_06_17","migration/orientation perturbed",TRUE,FALSE,TRUE
"Gata.image5.2020_06_17.1","1","Yelena Bernadskaya","Gata","image5","yes",57,58.7,"-","yes","16.4","-","problem migration and division","enhanced ATM migration / enhanced ATM division","one of the ATM migrated and divided in the trunk with the TVCs","good","","Gata.image5.2020_06_17","migration/division perturbed",TRUE,TRUE,FALSE
"Gata.image6_right.2020_06_17","2020_06_17","Yelena Bernadskaya","Gata","image6_right","yes",44.7,35.2,"-","yes","6.08","-","problem migration and division","inhibited TVC migration / inhibited TVC division","one of the TVC didn't migrate enough in the trunk and it didn't divide (so TVCgroup in 2 parts)","good","Ambiguous phenotype between left and right","Gata.image6_right.2020_06_17","migration/division perturbed",TRUE,TRUE,FALSE
"Gata.image7_left.2020_06_17","2020_06_17","Yelena Bernadskaya","Gata","image7_left","yes",60.7,33,"-","yes","33.6","-","problem division","inhibited TVC division","one of the TVC didn't divide in the trunk","good","-","Gata.image7_left.2020_06_17","division perturbed",FALSE,TRUE,FALSE
"Gata.image7_right.2020_06_17","2020_06_17","Yelena Bernadskaya","Gata","image7_right","yes",50.2,14.6,"-","yes","29.9","-","problem migration","enhanced ATM migration","one of the ATM migrated in the trunk with the TVCs (and it starting to divide, but not seen because nuclei too close to each other so considered as one cell in the segmentation)","correct","-","Gata.image7_right.2020_06_17","migration perturbed",TRUE,FALSE,FALSE
"Gata.slide1_image12.2020_02_06","2020_02_06","Margaux Failla","Gata","slide1_image12","yes",115,29.7,"-","yes","31.6","-","problem division","inhibited TVC division","one of the TVC didn't divide in the trunk","good","-","Gata.slide1_image12.2020_02_06","division perturbed",FALSE,TRUE,FALSE
"Gata.slide1_image13.2020_02_06","2020_02_06","Margaux Failla","Gata","slide1_image13","yes",85.4,32,"-","yes","25.8","-","problem division","inhibited TVC division","the 2 TVCs didn't divide","good","-","Gata.slide1_image13.2020_02_06","division perturbed",FALSE,TRUE,FALSE
"Gata.slide1_image14_left.2020_02_06","2020_02_06","Margaux Failla","Gata","slide1_image14_left","yes",100,35.4,"-","yes","-","no distance - only one group in the trunk","problem migration and division","enhanced ATM migration / inhibited TVC division","the ATMs migrated with the TVCs in the trunk and the 2 TVCs didn't divide in the trunk","good","-","Gata.slide1_image14_left.2020_02_06","migration/division perturbed",TRUE,TRUE,FALSE
"Gata.slide1_image14_right.2020_02_06","2020_02_06","Margaux Failla","Gata","slide1_image14_right","yes",89.3,30.1,"-","yes","29.5","-","problem orientation","TVC cell alignment","the 2 TVCs divided not in the medio-lateral orientation, so cells are aligned","good","-","Gata.slide1_image14_right.2020_02_06","orientation perturbed",FALSE,FALSE,TRUE
"Gata.slide1_image16_right.2020_02_06","2020_02_06","Margaux Failla","Gata","slide1_image16_right","yes",110,22.3,"-","yes","16.4","-","problem division","inhibited TVC division","one of the TVC didn't divide in the trunk","good","-","Gata.slide1_image16_right.2020_02_06","division perturbed",FALSE,TRUE,FALSE
"Gata.slide1_image17.2020_02_06","2020_02_06","Margaux Failla","Gata","slide1_image17","yes",96.2,34.3,"-","yes","17.9","-","problem division","inhibited TVC division","the 2 TVCs didn't divide in the trunk","good","-","Gata.slide1_image17.2020_02_06","division perturbed",FALSE,TRUE,FALSE
"Gata.slide1_image18_right.2020_02_06","2020_02_06","Margaux Failla","Gata","slide1_image18_right","yes",79.8,20,"-","yes","22.6","-","problem division","inhibited TVC division","one of the TVC didn't divide in the trunk","good","Ambiguous phenotype between left and right","Gata.slide1_image18_right.2020_02_06","division perturbed",FALSE,TRUE,FALSE
"Gata.slide1_image19_left.2020_02_06","2020_02_06","Margaux Failla","Gata","slide1_image19_left","yes",124,30.2,"-","yes","17.3","-","problem division","inhibited TVC division","one of the TVC didn't divide in the trunk","good","-","Gata.slide1_image19_left.2020_02_06","division perturbed",FALSE,TRUE,FALSE
"Gata.slide1_image19_right.2020_02_06","2020_02_06","Margaux Failla","Gata","slide1_image19_right","yes",100,30.2,"-","yes","25.8","-","problem division","inhibited TVC division","the 2 TVCs didn't divide in the trunk","good","-","Gata.slide1_image19_right.2020_02_06","division perturbed",FALSE,TRUE,FALSE
"Gata.slide1_image20_left.2020_02_06","2020_02_06","Margaux Failla","Gata","slide1_image20_left","yes",95,24.7,"-","yes","0","groups connected","problem migration and division","inhibited TVC migration / inhibited TVC division","the 2 TVCs didn't migrate completely and didn't divide","good","-","Gata.slide1_image20_left.2020_02_06","migration/division perturbed",TRUE,TRUE,FALSE
"Gata.slide1_image20_right.2020_02_06","2020_02_06","Margaux Failla","Gata","slide1_image20_right","yes",95,20,"-","yes","11.1","-","problem division","inhibited TVC division","the 2 TVCs didn't divide in the trunk","correct","Segmentation not accurate for TVC","Gata.slide1_image20_right.2020_02_06","division perturbed",FALSE,TRUE,FALSE
"Gata.slide1_image5.2020_02_06","2020_02_06","Margaux Failla","Gata","slide1_image5","yes",78.7,30.6,"-","yes","42","-","problem division","inhibited TVC division","one of the TVC didn't divide in the trunk","good","-","Gata.slide1_image5.2020_02_06","division perturbed",FALSE,TRUE,FALSE
"Gata.slide1_image9.2020_02_06","2020_02_06","Margaux Failla","Gata","slide1_image9","yes",110,27.4,"-","yes","66.1","-","problem division","inhibited TVC division","the 2 TVCs didn't divide","correct","-","Gata.slide1_image9.2020_02_06","division perturbed",FALSE,TRUE,FALSE
"Gata.slide2_image1.2020_02_06","2020_02_06","Margaux Failla","Gata","slide2_image1","yes",75,30,"-","yes","0","groups connected","problem migration and division","inhibited TVC migration / inhibited TVC division","the 2 TVCs didn't migrate completely and one TVC didn't divide","good","-","Gata.slide2_image1.2020_02_06","migration/division perturbed",TRUE,TRUE,FALSE
"Gata.slide2_image11_left.2020_02_06","2020_02_06","Margaux Failla","Gata","slide2_image11_left","yes",100,25,"-","yes","15.6","-","problem division","inhibited TVC division","the 2 TVCs didn't divide in the trunk","good","-","Gata.slide2_image11_left.2020_02_06","division perturbed",FALSE,TRUE,FALSE
"Gata.slide2_image11_right.2020_02_06","2020_02_06","Margaux Failla","Gata","slide2_image11_right","yes",85,25,"-","yes","41.7","-","problem division","inhibited TVC division","one of the TVC didn't divide in the trunk","good","-","Gata.slide2_image11_right.2020_02_06","division perturbed",FALSE,TRUE,FALSE
"Gata.slide2_image12_right.2020_02_06","2020_02_06","Margaux Failla","Gata","slide2_image12_right","yes",92.8,30,"-","yes","34.5","-","problem division","inhibited TVC division","the 2 TVCs didn't divide in the trunk","good","-","Gata.slide2_image12_right.2020_02_06","division perturbed",FALSE,TRUE,FALSE
"Gata.slide2_image15_left.2020_02_06","2020_02_06","Margaux Failla","Gata","slide2_image15_left","yes",73.7,27.3,"-","yes","27","-","problem division","inhibited TVC division","one of the TVC didn't divide in the trunk","good","-","Gata.slide2_image15_left.2020_02_06","division perturbed",FALSE,TRUE,FALSE
"Gata.slide2_image17_left.2020_02_06","2020_02_06","Margaux Failla","Gata","slide2_image17_left","yes",110,27,"-","yes","5.28","-","problem migration and division","enhanced ATM migration / enhanced ATM division","one of the ATM migrated in the trunk and divided ","good","-","Gata.slide2_image17_left.2020_02_06","migration/division perturbed",TRUE,TRUE,FALSE
"Gata.slide2_image17_right.2020_02_06","2020_02_06","Margaux Failla","Gata","slide2_image17_right","yes",110,25,"-","yes","8.4","-","problem division","inhibited TVC division","the 2 TVCs didn't divide in the trunk","correct","-","Gata.slide2_image17_right.2020_02_06","division perturbed",FALSE,TRUE,FALSE
"Gata.slide2_image18_left.2020_02_06","2020_02_06","Margaux Failla","Gata","slide2_image18_left","yes",115,31.7,"-","yes","22.5","-","problem migration and division","enhanced ATM migration / inhibited TVC division","one of the ATM migrate in the trunk, and one of the TVC didn't divide in the trunk","correct","-","Gata.slide2_image18_left.2020_02_06","migration/division perturbed",TRUE,TRUE,FALSE
"Gata.slide2_image18_right.2020_02_06","2020_02_06","Margaux Failla","Gata","slide2_image18_right","yes",135,27,"-","yes","18.5","-","problem division","inhibited TVC division","one of the TVC didn't divide in the trunk","correct","-","Gata.slide2_image18_right.2020_02_06","division perturbed",FALSE,TRUE,FALSE
"Gata.slide2_image2_left.2020_02_06","2020_02_06","Margaux Failla","Gata","slide2_image2_left","yes",92.8,37.4,"-","yes","38.4","-","problem orientation","TVC cell alignment","the orientation of the division is not medio-lateral for one TVC, alignment of cells","good","-","Gata.slide2_image2_left.2020_02_06","orientation perturbed",FALSE,FALSE,TRUE
"Gata.slide2_image2_right.2020_02_06","2020_02_06","Margaux Failla","Gata","slide2_image2_right","yes",110,20,"-","yes","38.1","-","problem orientation","TVC cell alignment","the orientation of the division is not medio-lateral for one TVC, alignment of cells","not good","-","Gata.slide2_image2_right.2020_02_06","orientation perturbed",FALSE,FALSE,TRUE
"Gata.slide2_image20.2020_02_06","2020_02_06","Margaux Failla","Gata","slide2_image20","yes",93.3,38.5,"-","yes","21","-","problem division","inhibited TVC division","the 2 TVCs didn't divide in the trunk","good","-","Gata.slide2_image20.2020_02_06","division perturbed",FALSE,TRUE,FALSE
"Gata.slide2_image23.2020_02_06","2020_02_06","Margaux Failla","Gata","slide2_image23","yes",110,30,"-","yes","36.4","-","problem division","inhibited TVC division","one of the TVC didn't divide in the trunk","good","-","Gata.slide2_image23.2020_02_06","division perturbed",FALSE,TRUE,FALSE
"Gata.slide2_image3_left.2020_02_06","2020_02_06","Margaux Failla","Gata","slide2_image3_left","yes",100,50,"-","yes","23.4","-","problem orientation","TVC cell alignment","the orientation of the division is not medio-lateral for one TVC, alignment of cells","good","-","Gata.slide2_image3_left.2020_02_06","orientation perturbed",FALSE,FALSE,TRUE
"Gata.slide2_image6.2020_02_06","2020_02_06","Margaux Failla","Gata","slide2_image6","yes",110,32,"-","yes","10.1","-","problem migration and division","inhibited TVC migration / inhibited TVC division","the TVCs didn't migrate completely and one of the TVC didn't divide","good","-","Gata.slide2_image6.2020_02_06","migration/division perturbed",TRUE,TRUE,FALSE
"Gna.L.S.image1.2020_06_17","2020_06_17","Yelena Bernadskaya","Gna-L/S","image1","yes",36.9,11,"-","yes","43.9","-","problem migration","enhanced ATM migration","one of the ATM migrated in the trunk with the TVCs","good","-","Gna.L.S.image1.2020_06_17","migration perturbed",TRUE,FALSE,FALSE
"Gna.L.S.image13.2020_06_17","2020_06_17","Yelena Bernadskaya","Gna-L/S","image13","yes",16.4,9.56,"-","yes","31.8","-","problem migration and division","enhanced ATM migration / enhanced ATM division","one of the ATM migrated in the trunk and divided with the TVCs","correct","-","Gna.L.S.image13.2020_06_17","migration/division perturbed",TRUE,TRUE,FALSE
"Gna.L.S.image14_right.2020_06_17","2020_06_17","Yelena Bernadskaya","Gna-L/S","image14_right","yes",29.1,10.5,"-","yes","21","-","problem division","inhibited TVC division","one of the TVC didn't divide in the trunk","good","Don't see all the ATM cells (image not centered)","Gna.L.S.image14_right.2020_06_17","division perturbed",FALSE,TRUE,FALSE
"Gna.L.S.image16.2020_06_17","2020_06_17","Yelena Bernadskaya","Gna-L/S","image16","yes",19.4,5.92,"-","yes","-","no distance - only one group in the trunk","problem migration and division","enhanced ATM migration / enhanced ATM division","the 2 ATMs migrated in the trunk with the TVCs; and one of the ATM divided","correct","-","Gna.L.S.image16.2020_06_17","migration/division perturbed",TRUE,TRUE,FALSE
"Gna.L.S.image2.2020_06_17","2020_06_17","Yelena Bernadskaya","Gna-L/S","image2","yes",27.9,11,"-","yes","34.3","-","problem division","inhibited TVC division","one of the TVC didn't divide in the trunk","good","-","Gna.L.S.image2.2020_06_17","division perturbed",FALSE,TRUE,FALSE
"Gna.L.S.image20_right.2020_06_17","2020_06_17","Yelena Bernadskaya","Gna-L/S","image20_right","yes",17.6,6.54,"-","yes","25.3","-","problem migration and division","enhanced ATM migration / enhanced ATM division","one of the ATM migrated in the trunk and divided with the TVCs","correct","Ambiguous phenotype between left and right, difficult to identify the cells ","Gna.L.S.image20_right.2020_06_17","migration/division perturbed",TRUE,TRUE,FALSE
"Gna.L.S.image4_right.2020_06_17","2020_06_17","Yelena Bernadskaya","Gna-L/S","image4_right","yes",25.8,6.38,"-","yes","11.7","-","problem migration and division","enhanced ATM migration / enhanced ATM division","one of the ATM migrated in the trunk and divided with the TVCs","not good","Ambiguous phenotype, difficult to identify the cells","Gna.L.S.image4_right.2020_06_17","migration/division perturbed",TRUE,TRUE,FALSE
"Gna.L.S.image6_left.2020_06_17","2020_06_17","Yelena Bernadskaya","Gna-L/S","image6_left","yes",25.3,13.1,"-","yes","18.9","-","problem division","inhibited TVC division","one of the TVC didn't divide in the trunk","correct","-","Gna.L.S.image6_left.2020_06_17","division perturbed",FALSE,TRUE,FALSE
"Gna.L.S.image7.2020_06_17","2020_06_17","Yelena Bernadskaya","Gna-L/S","image7","yes",30,13.8,"-","yes","30","-","problem division","inhibited TVC division","one of the TVC didn't divide in the trunk","good","-","Gna.L.S.image7.2020_06_17","division perturbed",FALSE,TRUE,FALSE
"Gna.L.S.image8.2020_06_17","2020_06_17","Yelena Bernadskaya","Gna-L/S","image8","yes",41.7,10.4,"-","yes","30.1","-","problem migration and division","enhanced ATM migration / enhanced ATM division","one of the ATM migrated in the trunk and divided with the TVCs","good","-","Gna.L.S.image8.2020_06_17","migration/division perturbed",TRUE,TRUE,FALSE
"Gna.L.S.image9.2020_06_17","2020_06_17","Yelena Bernadskaya","Gna-L/S","image9","yes",46.7,11.7,"-","yes","1.27","one of the cell is separated from the group, but all the cells are in the trunk, so one TVC group only","problem migration and division","enhanced ATM migration / inhibited TVC division","the ATMs migrated in the trunk, they are still attached to one TVC; the 2 TVCs didn't divide in the trunk and they are separated","good","-","Gna.L.S.image9.2020_06_17","migration/division perturbed",TRUE,TRUE,FALSE
"Gna.L.S.slide1_image10.2020_10_07","2020_10_07","Margaux Failla","Gna-L/S","slide1_image10","yes",87.3,55.3,"-","yes","64","-","problem division","inhibited TVC division","one of the TVCs didn't divide in the trunk","good","-","Gna.L.S.slide1_image10.2020_10_07","division perturbed",FALSE,TRUE,FALSE
"Gna.L.S.slide1_image12.2020_10_07","2020_10_07","Margaux Failla","Gna-L/S","slide1_image12","yes",75.2,42.7,"-","yes","0","groups connected","problem migration and division","inhibited TVC migration / inhibited TVC division","the 2 TVCs didn't migrated completely, still attached to the ATMs and the 2 TVCs didn't divide","correct","-","Gna.L.S.slide1_image12.2020_10_07","migration/division perturbed",TRUE,TRUE,FALSE
"Gna.L.S.slide1_image19.2020_10_07","2020_10_07","Margaux Failla","Gna-L/S","slide1_image19","yes",82.7,40.5,"-","yes","21.5","-","problem division","inhibited TVC division","one of the TVCs didn't divide in the trunk","good","-","Gna.L.S.slide1_image19.2020_10_07","division perturbed",FALSE,TRUE,FALSE
"Gna.L.S.slide1_image22_left.2020_10_07","2020_10_07","Margaux Failla","Gna-L/S","slide1_image22_left","yes",95.5,37.8,"-","yes","36.8","-","problem division","inhibited TVC division","the 2 TVCs didn't divide in the trunk","good","-","Gna.L.S.slide1_image22_left.2020_10_07","division perturbed",FALSE,TRUE,FALSE
"Gna.L.S.slide1_image25.2020_10_07","2020_10_07","Margaux Failla","Gna-L/S","slide1_image25","yes",79.8,27.7,"-","yes","13.5","-","problem division","inhibited TVC division","one of the TVCs didn't divide in the trunk","good","-","Gna.L.S.slide1_image25.2020_10_07","division perturbed",FALSE,TRUE,FALSE
"Gna.L.S.slide1_image3.2020_10_07","2020_10_07","Margaux Failla","Gna-L/S","slide1_image3","yes",80.3,35,"-","yes","33.2","-","problem division","inhibited TVC division","one of the TVCs didn't divide in the trunk","good","-","Gna.L.S.slide1_image3.2020_10_07","division perturbed",FALSE,TRUE,FALSE
"Gna.L.S.slide1_image33.2020_10_07","2020_10_07","Margaux Failla","Gna-L/S","slide1_image33","yes",94,40,"-","yes","35.4","-","problem migration and division","inhibited TVC migration / inhibited TVC division","one of the TVCs didn't migrate and didn't divide, it stayed in the tail with the ATMs","correct","Segmentation doesn't reflect the correct signal","Gna.L.S.slide1_image33.2020_10_07","migration/division perturbed",TRUE,TRUE,FALSE
"Gna.L.S.slide1_image37_right.2020_10_07","2020_10_07","Margaux Failla","Gna-L/S","slide1_image37_right","yes",96.2,37.5,"-","yes","32.1","-","problem migration and division","inhibited TVC migration / inhibited TVC division","one of the TVCs didn't migrate and didn't divide, it stayed in the tail with the ATMs","good","-","Gna.L.S.slide1_image37_right.2020_10_07","migration/division perturbed",TRUE,TRUE,FALSE
"Gna.L.S.slide1_image4.2020_10_07","2020_10_07","Margaux Failla","Gna-L/S","slide1_image4","yes",75,35.2,"-","yes","38.6","-","problem division","inhibited TVC division","the 2 TVCs didn't divide in the trunk","not good","-","Gna.L.S.slide1_image4.2020_10_07","division perturbed",FALSE,TRUE,FALSE
"Gna.L.S.slide1_image40.2020_10_07","2020_10_07","Margaux Failla","Gna-L/S","slide1_image40","yes",78.5,40.5,"-","yes","0","groups connected","problem migration","enhanced ATM migration","one of the ATMs migrated with the TVCs in the trunk but not completely because still attached to the other ATM in the tail","correct","-","Gna.L.S.slide1_image40.2020_10_07","migration perturbed",TRUE,FALSE,FALSE
"Gna.L.S.slide1_image43.2020_10_07","2020_10_07","Margaux Failla","Gna-L/S","slide1_image43","yes",78.5,35.3,"-","yes","41.3","-","problem division","inhibited TVC division","the 2 TVCs didn't divide in the trunk (one TVC started to divide, but nuclei are still too close to each other and cells not separeted so not seen in the segmentation)","good","-","Gna.L.S.slide1_image43.2020_10_07","division perturbed",FALSE,TRUE,FALSE
"Gna.L.S.slide1_image45.2020_10_07","2020_10_07","Margaux Failla","Gna-L/S","slide1_image45","yes",83.3,47.9,"-","yes","8.82","-","problem division","inhibited TVC division","one of the TVCs didn't divide in the trunk","good","-","Gna.L.S.slide1_image45.2020_10_07","division perturbed",FALSE,TRUE,FALSE
"Gna.L.S.slide1_image5_right.2020_10_07","2020_10_07","Margaux Failla","Gna-L/S","slide1_image5_right","yes",77.3,37.6,"-","yes","25","-","problem division","inhibited TVC division","one of the TVCs didn't divide in the trunk","good","-","Gna.L.S.slide1_image5_right.2020_10_07","division perturbed",FALSE,TRUE,FALSE
"Gna.L.S.slide1_image52.2020_10_07","2020_10_07","Margaux Failla","Gna-L/S","slide1_image52","yes",102,45.3,"-","yes","27.2","-","problem migration and division","inhibited TVC migration / inhibited TVC division","one of the TVCs didn't migrate and didn't divide, it stayed in the tail with the ATMs","good","-","Gna.L.S.slide1_image52.2020_10_07","migration/division perturbed",TRUE,TRUE,FALSE
"Gna.L.S.slide1_image8_left.2020_10_07","2020_10_07","Margaux Failla","Gna-L/S","slide1_image8_left","yes",70.4,37.5,"-","yes","19.4","distance should be shorter, missing a part in the segmentation","problem migration and division","enhanced ATM migration / inhibited TVC division","the ATMs migrated a bit in the trunk; one of the TVCs didn't divide in the trunk","good","Ambigous phenotype between left and right","Gna.L.S.slide1_image8_left.2020_10_07","migration/division perturbed",TRUE,TRUE,FALSE
"Gna.L.S.slide1_image9.2020_10_07","2020_10_07","Margaux Failla","Gna-L/S","slide1_image9","yes",135,47.7,"-","yes","9.56","-","problem migration and division","inhibited TVC migration / inhibited TVC division","one of the TVCs didn't migrate and didn't divide, it stayed in the tail with the ATMs","correct","-","Gna.L.S.slide1_image9.2020_10_07","migration/division perturbed",TRUE,TRUE,FALSE
"Gna.L.S.slide2_image10.2020_10_07","2020_10_07","Margaux Failla","Gna-L/S","slide2_image10","yes",80.1,37.9,"-","yes","31.7","-","problem division","inhibited TVC division","the 2 TVCs didn't divide in the trunk","good","-","Gna.L.S.slide2_image10.2020_10_07","division perturbed",FALSE,TRUE,FALSE
"Gna.L.S.slide2_image14.2020_10_07","2020_10_07","Margaux Failla","Gna-L/S","slide2_image14","yes",81.9,27.5,"-","yes","0","groups connected","problem migration and division","enhanced ATM migration / inhibited TVC division","one of the ATMs migrated with the TVCs in the trunk but not completely because still attached to the other ATM in the tail; the 2 TVCs didn't divide in the trunk","good","-","Gna.L.S.slide2_image14.2020_10_07","migration/division perturbed",TRUE,TRUE,FALSE
"Gna.L.S.slide2_image21_right.2020_10_07","2020_10_07","Margaux Failla","Gna-L/S","slide2_image21_right","yes",87,30.3,"-","yes","30.7","-","problem division","inhibited TVC division","one of the TVCs didn't divide in the trunk","good","-","Gna.L.S.slide2_image21_right.2020_10_07","division perturbed",FALSE,TRUE,FALSE
"Gna.L.S.slide2_image28_left.2020_10_07","2020_10_07","Margaux Failla","Gna-L/S","slide2_image28_left","yes",75.1,30.3,"-","yes","38.8","-","problem division","inhibited TVC division","the 2 TVCs didn't divide in the trunk","good","-","Gna.L.S.slide2_image28_left.2020_10_07","division perturbed",FALSE,TRUE,FALSE
"Gna.L.S.slide2_image28_right.2020_10_07","2020_10_07","Margaux Failla","Gna-L/S","slide2_image28_right","yes",64.9,27.6,"-","yes","40.3","-","problem migration and division","enhanced ATM migration / inhibited TVC division","one of the ATMs migrated with the TVCs in the trunk; one of the TVCs started to divide but not completely separated (but not seen in the segmentation because nuclei far enough from each other); the other TVC didn't divide","correct","Ambigous phenotype","Gna.L.S.slide2_image28_right.2020_10_07","migration/division perturbed",TRUE,TRUE,FALSE
"Gna.L.S.slide2_image7.2020_10_07","2020_10_07","Margaux Failla","Gna-L/S","slide2_image7","yes",84.8,27.8,"-","yes","38.6","-","problem division","inhibited TVC division","one of the TVCs didn't divide in the trunk","correct","-","Gna.L.S.slide2_image7.2020_10_07","division perturbed",FALSE,TRUE,FALSE
"Gna.L.S.slide2_image9.2020_10_07","2020_10_07","Margaux Failla","Gna-L/S","slide2_image9","yes",71,35.3,"-","yes","20.2","-","problem migration and division","enhanced ATM migration / inhibited TVC division","one of the ATMs migrated with the TVCs in the trunk; the 2 TVCs didn't divide in the trunk","good","-","Gna.L.S.slide2_image9.2020_10_07","migration/division perturbed",TRUE,TRUE,FALSE
"Gna12.13.image1.2020_06_17","2020_06_17","Yelena Bernadskaya","Gna12/13","image1","yes",49.4,16.3,"-","yes","11.2","-","problem orientation","TVC cell alignment","one of the TVC divided but not in the medio-lateral orientation, so cells are aligned","good","-","Gna12.13.image1.2020_06_17","orientation perturbed",FALSE,FALSE,TRUE
"Gna12.13.image12_right.2020_01_10","2020_01_10","Margaux Failla","Gna12/13","image12_right","yes",110,36.6,"-","yes","31.8","-","problem division","enhanced ATM division","one of the ATM divided in the tail","correct","ambigous with the left side","Gna12.13.image12_right.2020_01_10","division perturbed",FALSE,TRUE,FALSE
"Gna12.13.image14_left.2020_06_17","2020_06_17","Yelena Bernadskaya","Gna12/13","image14_left","yes",11,13,"-","yes","18.3","-","problem migration","enhanced ATM migration","one of the ATM migrated in the trunk with the TVCs","good","-","Gna12.13.image14_left.2020_06_17","migration perturbed",TRUE,FALSE,FALSE
"Gna12.13.image14_right.2020_06_17","2020_06_17","Yelena Bernadskaya","Gna12/13","image14_right","yes",4.83,13,"-","yes","25.2","-","problem migration and division","enhanced ATM migration / enhanced ATM division","one of the ATM migrated in the trunk with the TVCs and divided","good","-","Gna12.13.image14_right.2020_06_17","migration/division perturbed",TRUE,TRUE,FALSE
"Gna12.13.image15_right.2020_06_17","2020_06_17","Yelena Bernadskaya","Gna12/13","image15_right","yes",22.7,16.6,"-","yes","4.97","-","problem migration","enhanced ATM migration","the ATMs migrated a bit in the trunk","good","-","Gna12.13.image15_right.2020_06_17","migration perturbed",TRUE,FALSE,FALSE
"Gna12.13.image2.2020_06_17","2020_06_17","Yelena Bernadskaya","Gna12/13","image2","yes",45.1,25,"-","yes","8.79","-","problem migration and division","enhanced ATM migration / enhanced ATM division","the ATMs migrated a bit in the trunk; and one of the ATM divided","good","-","Gna12.13.image2.2020_06_17","migration/division perturbed",TRUE,TRUE,FALSE
"Gna12.13.image3_left.2020_06_17","2020_06_17","Yelena Bernadskaya","Gna12/13","image3_left","yes",36,11.1,"-","yes","1.26","-","problem migration and division","enhanced ATM migration / inhibited TVC division","one of the ATM migrated in the trunk with the TVCs; and the 2 TVCs didn't divide in the trunk","correct","Ambiguous phenotype between left and right, difficult to identify the cells","Gna12.13.image3_left.2020_06_17","migration/division perturbed",TRUE,TRUE,FALSE
"Gna12.13.image6.2020_01_10","2020_01_10","Margaux Failla","Gna12/13","image6","yes",100,22,"-","yes","13.9","-","problem division","enhanced ATM division / enhanced TVC division","one of the sTVC did the second division and one of the ATM divided in the tail","correct","Ambigous phenotype: don't know if it's 1 or 2 sides (concidered here as 1)","Gna12.13.image6.2020_01_10","division perturbed",FALSE,TRUE,FALSE
"Gna12.13.image7.2020_01_10","2020_01_10","Margaux Failla","Gna12/13","image7","yes",83.6,26.6,"-","yes","0","groups connected","problem migration","enhanced ATM migration","one of the ATM migrated a little with TVCs but not completely so attached to the other ATM and to the TVCs","good","-","Gna12.13.image7.2020_01_10","migration perturbed",TRUE,FALSE,FALSE
"Gna12.13.image9.2020_01_10","2020_01_10","Margaux Failla","Gna12/13","image9","yes",80.8,38.8,"-","yes","0","groups connected","problem migration and oriantation","inhibited TVC migration / TVC cell alignment","the migration was not completed and one ATM is attached to the TVC; also one of the TVC divided not in the medio-lateral orientation, so cells are aligned ","correct","-","Gna12.13.image9.2020_01_10","migration perturbed",TRUE,FALSE,FALSE
"Gna12.13.slide1_image17.2020_10_06","2020_10_06","Margaux Failla","Gna12/13","slide1_image17","yes",76.4,47.6,"-","yes","0.928","-","problem migration and division","inhibited TVC migration / inhibited TVC division","the 2 TVCs didn't migrate enough, very close to the ATMs and they didn't divide in the trunk","correct","-","Gna12.13.slide1_image17.2020_10_06","migration/division perturbed",TRUE,TRUE,FALSE
"Gna12.13.slide1_image20.2020_10_06","2020_10_06","Margaux Failla","Gna12/13","slide1_image20","yes",85.8,35.2,"-","yes","38","-","problem orientation","TVC cell alignment","one of the TVCs divided but not in the medio-laterale orientation, so cells are a bit aligned","good","-","Gna12.13.slide1_image20.2020_10_06","orientation perturbed",FALSE,FALSE,TRUE
"Gna12.13.slide1_image21_left.2020_10_06","2020_10_06","Margaux Failla","Gna12/13","slide1_image21_left","yes",65,35.4,"-","yes","7.73","-","problem migration and division","enhanced ATM migration / enhanced ATM division","one of the ATMs migrated and started to divide in the trunk with the TVCs but not completely because cells not separated (nuclei are far enough to be considered as 2 cells in the segmentation)","good","-","Gna12.13.slide1_image21_left.2020_10_06","migration/division perturbed",TRUE,TRUE,FALSE
"Gna12.13.slide1_image30.2020_10_06","2020_10_06","Margaux Failla","Gna12/13","slide1_image30","yes",86,22.6,"-","yes","37.8","-","problem division","inhibited TVC division","the 2 TVCs didn't divide in the trunk","good","-","Gna12.13.slide1_image30.2020_10_06","division perturbed",FALSE,TRUE,FALSE
"Gna12.13.slide1_image38.2020_10_06","2020_10_06","Margaux Failla","Gna12/13","slide1_image38","yes",85.2,35,"-","yes","0","groups connected","problem migration","enhanced ATM migration","one of the ATMs migrated with the TVCs in the trunk but still connected to the other ATM in the tail","correct","Segmentation doesn't reflect the correct signal","Gna12.13.slide1_image38.2020_10_06","migration perturbed",TRUE,FALSE,FALSE
"Gna12.13.slide1_image39.2020_10_06","2020_10_06","Margaux Failla","Gna12/13","slide1_image39","yes",76.1,32.8,"-","yes","27.7","-","problem migration and division","enhanced ATM migration / enhanced ATM division","one of the ATMs migrated and divided with the TVCs in the trunk","correct","-","Gna12.13.slide1_image39.2020_10_06","migration/division perturbed",TRUE,TRUE,FALSE
"Gna12.13.slide2_image10.2020_10_06","2020_10_06","Margaux Failla","Gna12/13","slide2_image10","yes",71.5,25.2,"-","yes","39.2","-","problem division","enhanced ATM division","one of the ATMs divided in the tail","good","Segmentation doesn't reflect the correct signal","Gna12.13.slide2_image10.2020_10_06","division perturbed",FALSE,TRUE,FALSE
"Gna12.13.slide2_image18.2020_10_06","2020_10_06","Margaux Failla","Gna12/13","slide2_image18","yes",95.1,32.4,"-","yes","33.9","-","problem migration and division","inhibited TVC migration / inhibited TVC division","one of the TVCs didn't migrate and didn't divide, it stayed with the ATMs in the tail","correct","-","Gna12.13.slide2_image18.2020_10_06","migration/division perturbed",TRUE,TRUE,FALSE
"Gna12.13.slide2_image22.2020_10_06","2020_10_06","Margaux Failla","Gna12/13","slide2_image22","yes",78.3,30.3,"-","yes","27.9","-","problem division","enhanced ATM division","one of the ATMs divided in the tail","correct","Segmentation doesn't reflect the correct signal","Gna12.13.slide2_image22.2020_10_06","division perturbed",FALSE,TRUE,FALSE
"Gna12.13.slide2_image23.2020_10_06","2020_10_06","Margaux Failla","Gna12/13","slide2_image23","yes",87.3,37.7,"-","yes","36.2","-","problem orientation","TVC cell alignment","one of the TVCs divided but not in the medio-laterale orientation, so cells are a bit aligned","good","Segmentation doesn't reflect the correct signal","Gna12.13.slide2_image23.2020_10_06","orientation perturbed",FALSE,FALSE,TRUE
"Gna12.13.slide2_image28.2020_10_06","2020_10_06","Margaux Failla","Gna12/13","slide2_image28","yes",81,25.3,"-","yes","-","only one group in the trunk - no distance","problem migration","enhanced ATM migration","the 2 ATMs migrated with the TVCs in the trunk","good","-","Gna12.13.slide2_image28.2020_10_06","migration perturbed",TRUE,FALSE,FALSE
"Gna12.13.slide2_image29.2020_10_06","2020_10_06","Margaux Failla","Gna12/13","slide2_image29","yes",85,27.7,"-","yes","0","groups connected","problem migration and division","enhanced ATM migration / enhanced ATM division","the 2 ATMs migrated but not completely, one is still a bit in the tail but migrated in the trunk too; these 2 ATMs divided too","good","Segmentation doesn't reflect the correct signal","Gna12.13.slide2_image29.2020_10_06","migration/division perturbed",TRUE,TRUE,FALSE
"Gna12.13.slide2_image33_left.2020_10_06","2020_10_06","Margaux Failla","Gna12/13","slide2_image33_left","yes",95.1,27.3,"-","yes","0","groups connected","problem migration and division","enhanced ATM migration / enhanced ATM division","the 2 ATMs migrated but not completely, one is still a bit in the tail but migrated in the trunk too; the ATM, that completely migrated, divided in the trunk","good","Segmentation doesn't reflect the correct signal","Gna12.13.slide2_image33_left.2020_10_06","migration/division perturbed",TRUE,TRUE,FALSE
"Gna12.13.slide2_image4.2020_10_06","2020_10_06","Margaux Failla","Gna12/13","slide2_image4","yes",68,30.3,"-","yes","29.8","-","problem migration and division","enhanced ATM migration / inhibited TVC division","one of the ATMs migrated with the TVCs in the trunk; one of the TVCs didn't divide in the trunk","good","-","Gna12.13.slide2_image4.2020_10_06","migration/division perturbed",TRUE,TRUE,FALSE
"Gna12.13.slide2_image5.2020_10_06","2020_10_06","Margaux Failla","Gna12/13","slide2_image5","yes",69,55.5,"-","yes","40.4","-","problem migration and division","inhibited TVC migration / inhibited TVC division","one of the TVCs didn't migrate and didn't divide, it stayed in the tail with the ATMs","good","Segmentation doesn't reflect the correct signal","Gna12.13.slide2_image5.2020_10_06","migration/division perturbed",TRUE,TRUE,FALSE
"Gna12.13.slide2_image6.2020_10_06","2020_10_06","Margaux Failla","Gna12/13","slide2_image6","yes",66.8,22.4,"-","yes","-","only one group in the trunk - no distance","problem migration and division","enhanced ATM migration / enhanced ATM division","the 2 ATMs migrated and divided with the TVCs in the trunk","good","-","Gna12.13.slide2_image6.2020_10_06","migration/division perturbed",TRUE,TRUE,FALSE
"Hand.image1_right.2021_01_12","2021_01_12","Margaux Failla","Hand","image1_right","yes",75,30,"-","yes","30.7","-","problem division","inhbited TVC division","the 2 TVCs didn't divide in the trunk","good","-","Hand.image1_right.2021_01_12","division perturbed",FALSE,TRUE,FALSE
"Hand.image10.2021_01_12","2021_01_12","Margaux Failla","Hand","image10","yes",90.2,27.6,"-","yes","12.9","-","problem orientation","TVC cell alignment","one of the TVC divided not in the medio-laterale orientation, so cells are aligned","good","-","Hand.image10.2021_01_12","orientation perturbed",FALSE,FALSE,TRUE
"Hand.image11.2021_01_12","2021_01_12","Margaux Failla","Hand","image11","yes",95,30.3,"-","yes","18","-","problem orientation","TVC cell alignment","one of the TVC divided not in the medio-laterale orientation, so cells are aligned","good","-","Hand.image11.2021_01_12","orientation perturbed",FALSE,FALSE,TRUE
"Hand.image13.2021_01_12","2021_01_12","Margaux Failla","Hand","image13","yes",75.2,32.4,"-","yes","-","only one group in the trunk - no distance","problem migration and division","enhanced ATM migration / inhibited TVC division","the 2 ATMs migrated with the TVCs in the trunk; the 2 TVCs didn't divide in the trunk","good","-","Hand.image13.2021_01_12","migration/division perturbed",TRUE,TRUE,FALSE
"Hand.image17.2021_01_12","2021_01_12","Margaux Failla","Hand","image17","yes",74.6,25,"-","yes","-","only one group in the trunk - no distance","problem migration and division","enhanced ATM migration / inhibited TVC division","the 2 ATMs migrated with the TVCs in the trunk; the 2 TVCs didn't divide in the trunk","good","-","Hand.image17.2021_01_12","migration/division perturbed",TRUE,TRUE,FALSE
"Hand.image19.2021_01_12","2021_01_12","Margaux Failla","Hand","image19","yes",76.7,20.3,"-","yes","46","-","problem migration and division","enhanced ATM migration / inhibited TVC division","one of the ATM migrated with the TVCs in the trunk; the 2 TVCs didn't divide in the trunk","good","-","Hand.image19.2021_01_12","migration/division perturbed",TRUE,TRUE,FALSE
"Hand.image20.2021_01_12","2021_01_12","Margaux Failla","Hand","image20","yes",85.8,20,"-","yes","21.1","-","problem division","enhanced ATM division","one of the ATM divided in the tail","good","-","Hand.image20.2021_01_12","division perturbed",FALSE,TRUE,FALSE
"Hand.image21_right.2021_01_12","2021_01_12","Margaux Failla","Hand","image21_right","yes",80,40.3,"-","yes","25.4","-","problem division","inhibited TVC divsion","one of the TVC didn't divide in the trunk","good","-","Hand.image21_right.2021_01_12","division perturbed",FALSE,TRUE,FALSE
"Hand.image24_right.2021_01_12","2021_01_12","Margaux Failla","Hand","image24_right","yes",88.3,27,"-","yes","19.5","-","problem migration and division","enhanced ATM migration / inhibited TVC division","one of the ATM migrated with the TVCs in the trunk; one of the TVC didn't divide in the trunk","good","-","Hand.image24_right.2021_01_12","migration/division perturbed",TRUE,TRUE,FALSE
"Hand.image26_right.2021_01_12","2021_01_12","Margaux Failla","Hand","image26_right","yes",90.1,42.6,"-","yes","32.8","-","problem migration and division","enhanced ATM migration / enhanced ATM division","one of the ATM migrated and divided with the TVCs in the trunk","good","-","Hand.image26_right.2021_01_12","migration/division perturbed",TRUE,TRUE,FALSE
"Hand.image29_left.2021_01_12","2021_01_12","Margaux Failla","Hand","image29_left","yes",87.3,47.5,"-","yes","14.1","-","problem migration and division","inhibited TVC migration / inhibited TVC division","one of the TVC didn't migrate and didn't divide, it stayed with the ATMs in the tail","good","-","Hand.image29_left.2021_01_12","migration/division perturbed",TRUE,TRUE,FALSE
"Hand.image31_right.2021_01_12","2021_01_12","Margaux Failla","Hand","image31_right","yes",67.7,35.3,"-","yes","22.6","-","problem division","inhibited TVC division","the 2 TVCs didn't divide in the trunk","good","-","Hand.image31_right.2021_01_12","division perturbed",FALSE,TRUE,FALSE
"Hand.image33_right.2021_01_12","2021_01_12","Margaux Failla","Hand","image33_right","yes",91,35,"-","yes","22.7","-","problem migration and division","inhibited TVC migration / inhibited TVC division","one of the TVC didn't migrated and didn't divide, it stayed with the ATMs in the tail","good","-","Hand.image33_right.2021_01_12","migration/division perturbed",TRUE,TRUE,FALSE
"Hand.image35.2021_01_12","2021_01_12","Margaux Failla","Hand","image35","yes",86.8,30,"-","yes","0","groups connected","problem migration and division","enhanced ATM migration / enhanced ATM division / inhibited TVC division","one of the ATM divided and one of the cell migrated with the TVCs in the trunk but still attached to the other ATMs in the tail; one of the TVCs didn't divided in the trunk","good","Ambigous phenotype","Hand.image35.2021_01_12","migration/division perturbed",TRUE,TRUE,FALSE
"Hand.image38.2021_01_12","2021_01_12","Margaux Failla","Hand","image38","yes",70.4,32.7,"-","yes","43.4","-","problem division","inhibited TVC division","one of the TVC didn't divide in the trunk","good","-","Hand.image38.2021_01_12","division perturbed",FALSE,TRUE,FALSE
"Hand.image6_left.2021_01_12","2021_01_12","Margaux Failla","Hand","image6_left","yes",80,22.3,"-","yes","17.8","distance should be shorter - missing a part of the membrane in the segmentation","problem division","inhibited TVC division","the 2 TVCs didn't divide in the trunk","good","-","Hand.image6_left.2021_01_12","division perturbed",FALSE,TRUE,FALSE
"Hand.image6_right.2021_01_12","2021_01_12","Margaux Failla","Hand","image6_right","yes",85.1,22.5,"-","yes","13.7","-","problem division","inhibited TVC division","the 2 TVCs didn't divide in the trunk","good","-","Hand.image6_right.2021_01_12","division perturbed",FALSE,TRUE,FALSE
"Hand.image7_left.2021_01_12","2021_01_12","Margaux Failla","Hand","image7_left","yes",85.1,35,"-","yes","0","groups connected","problem migration and division","inhibited TVC migration / inhibited TVC division","the 2 TVCs didn't migrate enough, they are still attached to the ATMs in the tail and they didn't divide","good","-","Hand.image7_left.2021_01_12","migration/division perturbed",TRUE,TRUE,FALSE
"Hand.image8_right.2021_01_12","2021_01_12","Margaux Failla","Hand","image8_right","yes",81.2,35,"-","yes","30.7","-","problem division","inhibited TVC division","one of the TVC didn't divide in the trunk","good","-","Hand.image8_right.2021_01_12","division perturbed",FALSE,TRUE,FALSE
"Hand.slide1_image1_left.2021_01_06","2021_01_06","Margaux Failla","Hand","slide1_image1_left","yes",78.6,15.6,"-","yes","27.4","-","problem migration","enhanced ATM migration","one of the ATM migrated with the TVCs in the trunk","good","-","Hand.slide1_image1_left.2021_01_06","migration perturbed",TRUE,FALSE,FALSE
"Hand.slide1_image13.2021_01_06","2021_01_06","Margaux Failla","Hand","slide1_image13","yes",89,32.3,"-","yes","21.9","-","problem migration and division","inhibited TVC migration / inhibited TVC division","one of the TVC didn't migrate and didn't divide, it stayed in the tail with the ATMs","good","-","Hand.slide1_image13.2021_01_06","migration/division perturbed",TRUE,TRUE,FALSE
"Hand.slide1_image16_left.2021_01_06","2021_01_06","Margaux Failla","Hand","slide1_image16_left","yes",87.8,27.3,"-","yes","0","groups connected","problem migration, division and orientation","enhanced ATM migration / enhanced ATM division / TVC cell alignment","one of the ATM divided and migrated a bit with the TVCs in the trunk, but still attached to the other ATMs in the tail; one of the TVC divided not in the medio-laterale orientation so cells are aligned","good","Ambigous phenotype","Hand.slide1_image16_left.2021_01_06","migration/division/orientation perturbed",TRUE,TRUE,TRUE
"Hand.slide1_image19.2021_01_06","2021_01_06","Margaux Failla","Hand","slide1_image19","yes",72.7,42.2,"-","yes","15.4","-","problem migration","enhanced ATM migration","one of the ATM migrated with the TVCs in the trunk","good","-","Hand.slide1_image19.2021_01_06","migration perturbed",TRUE,FALSE,FALSE
"Hand.slide1_image20.2021_01_06","2021_01_06","Margaux Failla","Hand","slide1_image20","yes",80,32.8,"-","yes","13.3","-","problem migration","enhanced ATM migration","one of the ATM migrated with the TVCs in the trunk","good","-","Hand.slide1_image20.2021_01_06","migration perturbed",TRUE,FALSE,FALSE
"Hand.slide1_image21_left.2021_01_06","2021_01_06","Margaux Failla","Hand","slide1_image21_left","yes",77.5,22.3,"-","yes","33.9","-","problem migration and division","enhanced ATM migration / enhanced ATM division","one of the ATM migrated and divided with the TVCs in the trunk","good","-","Hand.slide1_image21_left.2021_01_06","migration/division perturbed",TRUE,TRUE,FALSE
"Hand.slide1_image23_left.2021_01_06","2021_01_06","Margaux Failla","Hand","slide1_image23_left","yes",84,36.1,"-","yes","0","groups connected","problem migration and division","inhibited TVC migration / inhibited TVC division","the 2 TVCs didn't migrate enough in the trunk, still attached to the ATMs in tha tail; the 2 TVCs didn't divide in the trunk","good","-","Hand.slide1_image23_left.2021_01_06","migration/division perturbed",TRUE,TRUE,FALSE
"Hand.slide1_image35.2021_01_06","2021_01_06","Margaux Failla","Hand","slide1_image35","yes",81.8,27.7,"-","yes","6.09","-","problem migration and division","enhanced ATM migration / inhibited TVC division","one of the ATM migrated with the TVCs in the trunk; one of the TVC didn't divide in the trunk","good","-","Hand.slide1_image35.2021_01_06","migration/division perturbed",TRUE,TRUE,FALSE
"Hand.slide1_image36_left.2021_01_06","2021_01_06","Margaux Failla","Hand","slide1_image36_left","yes",84,35.1,"-","yes","0","groups connected","problem migration and division","enhanced ATM migration / enhanced ATM division","one of the ATM migrated and divided with the TVCs in the trunk, but still connected to the other ATM in the tail but that migrated a bit","good","-","Hand.slide1_image36_left.2021_01_06","migration/division perturbed",TRUE,TRUE,FALSE
"Hand.slide1_image38_right.2021_01_06","2021_01_06","Margaux Failla","Hand","slide1_image38_right","yes",75.5,27.4,"-","yes","25.6","-","problem migration and division","enhanced ATM migration / enhanced ATM division","one of the ATM migrated and divided with the TVCs in the trunk","good","-","Hand.slide1_image38_right.2021_01_06","migration/division perturbed",TRUE,TRUE,FALSE
"Hand.slide1_image4_left.2021_01_06","2021_01_06","Margaux Failla","Hand","slide1_image4_left","yes",80.2,25.9,"-","yes","0","groups connected","problem migration and division","inhibited TVC migration / inhibited TVC division","the 2 TVCs didn't migrate enough, still attached to the ATMs in the tail; the 2 TVCs didn't divide","good","-","Hand.slide1_image4_left.2021_01_06","migration/division perturbed",TRUE,TRUE,FALSE
"Hand.slide1_image7.2021_01_06","2021_01_06","Margaux Failla","Hand","slide1_image7","yes",81.1,32.7,"-","yes","37.1","-","problem division","inhibited TVC division","one of the TVC didn't divide in the trunk","good","-","Hand.slide1_image7.2021_01_06","division perturbed",FALSE,TRUE,FALSE
"Hand.slide1_image9.2021_01_06","2021_01_06","Margaux Failla","Hand","slide1_image9","yes",89.3,25.1,"-","yes","18.3","-","problem migration and division","enhanced ATM migration / enhanced ATM division","one of the ATM migrated and divided with the TVCs in the trunk","good","-","Hand.slide1_image9.2021_01_06","migration/division perturbed",TRUE,TRUE,FALSE
"Hand.slide2_image12.2021_01_06","2021_01_06","Margaux Failla","Hand","slide2_image12","yes",89.3,29.9,"-","yes","30.7","-","problem orientation","TVC cell alignment","one of the TVC divided not in the medio-laterale orientation, so cells are aligned","good","-","Hand.slide2_image12.2021_01_06","orientation perturbed",FALSE,FALSE,TRUE
"Hand.slide2_image18.2021_01_06","2021_01_06","Margaux Failla","Hand","slide2_image18","yes",92.6,35.2,"-","yes","8.94","-","problem migration and division","enhanced ATM migration / inhibited TVC division","one of the ATM migrated a bit in the trunk but still attached to the other ATM in the tail; one of the TVC didn't divide in the trunk","good","-","Hand.slide2_image18.2021_01_06","migration/division perturbed",TRUE,TRUE,FALSE
"Hand.slide2_image19_left.2021_01_06","2021_01_06","Margaux Failla","Hand","slide2_image19_left","yes",70.1,25.9,"-","yes","21.6","-","problem orientation","TVC cell alignment","the 2 TVCs divided not in the medio-laterale orientation, so cells are a bit aligned","correct","-","Hand.slide2_image19_left.2021_01_06","orientation perturbed",FALSE,FALSE,TRUE
"Hand.slide2_image19_right.2021_01_06","2021_01_06","Margaux Failla","Hand","slide2_image19_right","yes",82.8,30.2,"-","yes","0","groups connected","problem migration and orientation","enhanced ATM migration / TVC cell alignment","one of the ATM migrated with the TVC in the trunk, but still attached to the other ATM in the tail; the 2 TVCs divided not in the medio-laterale orientation, so cells are a bit aligned","good","-","Hand.slide2_image19_right.2021_01_06","migration/orientation perturbed",TRUE,FALSE,TRUE
"Hand.slide2_image20.2021_01_06","2021_01_06","Margaux Failla","Hand","slide2_image20","yes",101,32.6,"-","yes","25.8","-","problem migration and division","inhibited TVC migration / inhibited TVC division","one of the TVC didn't migrate and didn't divide, it stayed with the ATMs in the tail","correct","-","Hand.slide2_image20.2021_01_06","migration/division perturbed",TRUE,TRUE,FALSE
"Hand.slide2_image3_left.2021_01_06","2021_01_06","Margaux Failla","Hand","slide2_image3_left","yes",82.6,35.4,"-","yes","33.2","-","problem orientation","TVC cell alignment","one of the TVC divided not in the medio-laterale orientation so cells are a bit aligned","good","-","Hand.slide2_image3_left.2021_01_06","orientation perturbed",FALSE,FALSE,TRUE
"Hand.slide2_image30.2021_01_06","2021_01_06","Margaux Failla","Hand","slide2_image30","yes",70.1,32.5,"-","yes","0","groups connected","problem migration","enhanced ATM migration","one of the ATM migrated with the TVCs in the trunk, but still attached to the other ATM in the tail","not good","-","Hand.slide2_image30.2021_01_06","migration perturbed",TRUE,FALSE,FALSE
"Hand.slide2_image36_left.2021_01_06","2021_01_06","Margaux Failla","Hand","slide2_image36_left","yes",85,22.3,"-","yes","21.7","-","problem migration and division","enhanced ATM migration / enhanced ATM division","one of the ATM migrated and divided with the TVCs in the trunk","good","-","Hand.slide2_image36_left.2021_01_06","migration/division perturbed",TRUE,TRUE,FALSE
"Hand.slide2_image4.2021_01_06","2021_01_06","Margaux Failla","Hand","slide2_image4","yes",70.6,32.4,"-","yes","17.1","-","problem division and orientation","enhanced ATM division / TVC cell alignment","one of the ATM divided in the tail; one of the TVC divided not in the medio-laterale orientation so cells are a bit aligned","good","-","Hand.slide2_image4.2021_01_06","division/orientation perturbed",FALSE,TRUE,TRUE
"Hand.slide2_image44.2021_01_06","2021_01_06","Margaux Failla","Hand","slide2_image44","yes",82,27.5,"-","yes","36","-","problem migration and division","enhanced ATM migration / enhanced ATM division","one of the ATM migrated and divided with the TVCs in the trunk","good","-","Hand.slide2_image44.2021_01_06","migration/division perturbed",TRUE,TRUE,FALSE
"Hand.slide2_image45_right.2021_01_06","2021_01_06","Margaux Failla","Hand","slide2_image45_right","yes",92.3,35.2,"-","yes","23.3","-","problem migration and division","inhibited TVC migration / inhibited TVC division","one of the TVC didn't migrate and didn't divide, it stayed with the ATMs in the tail","good","-","Hand.slide2_image45_right.2021_01_06","migration/division perturbed",TRUE,TRUE,FALSE
"Hand.slide2_image47_right.2021_01_06","2021_01_06","Margaux Failla","Hand","slide2_image47_right","yes",77.3,27.2,"-","yes","17.1","-","problem migration and division","enhanced ATM migration / enhanced ATM division","one of the ATM migrated and divided with the TVCs in the trunk","good","-","Hand.slide2_image47_right.2021_01_06","migration/division perturbed",TRUE,TRUE,FALSE
"Hand.slide2_image7_left.2021_01_06","2021_01_06","Margaux Failla","Hand","slide2_image7_left","yes",87.6,30.3,"-","yes","-","only one group in the trunk - no distance","problem migration and division","enhanced ATM migration / inhibited TVC division","the 2 ATMs migrated with the TVCs in the trunk; the 2 TVCs didn't divided in the trunk","good","-","Hand.slide2_image7_left.2021_01_06","migration/division perturbed",TRUE,TRUE,FALSE
"Handr.image1_left.2021_01_12","2021_01_12","Margaux Failla","Handr","image1_left","yes",80.6,45.2,"-","yes","0","groups connected","problem migration, division and orientation","enhanced ATM division / inhibited TVC migration / TVC cell alignment","one of the ATM divided in the tail; the 2 TVCs didn't migrate enough, still attached to the ATMs in the tail; the TVCs divided not in the medio-laterale orientation, so cells are a bit aligned","good","-","Handr.image1_left.2021_01_12","migration/division/orientation perturbed",TRUE,TRUE,TRUE
"Handr.image1_right.2021_01_12","2021_01_12","Margaux Failla","Handr","image1_right","yes",80.6,37.4,"-","yes","0","groups connected","problem migration, division and orientation","enhanced ATM division / inhibited TVC migration / TVC cell alignment","the 2 ATMs divided in the tail; the 2 TVCs didn't migrate enough, still attached to the ATMs in the tail; the TVCs divided not in the medio-laterale orientation, so cells are a bit aligned","good","-","Handr.image1_right.2021_01_12","migration/division/orientation perturbed",TRUE,TRUE,TRUE
"Handr.image11_left.2021_01_12","2021_01_12","Margaux Failla","Handr","image11_left","yes",77.5,37.4,"-","yes","20.2","-","problem migration","inhibted TVC division","one of the TVC didn't migrate but divided with the ATMs in the tail","good","-","Handr.image11_left.2021_01_12","migration perturbed",TRUE,FALSE,FALSE
"Handr.image11_right.2021_01_12","2021_01_12","Margaux Failla","Handr","image11_right","yes",27.2,27.3,"-","yes","23.7","-","problem orientation","TVC cell alignment","one of the TVC divided not in the medio-laterale orientation, so cells are a bit aligned","not good","-","Handr.image11_right.2021_01_12","orientation perturbed",FALSE,FALSE,TRUE
"Handr.image12.2021_01_12","2021_01_12","Margaux Failla","Handr","image12","yes",90.1,35.1,"-","yes","0","groups connected","problem migration and orientation","inhibited TVC migration / TVC cell alignment","the 2 TVCs didn't migrate enough in the trunk, they are still attached to the ATMs in the tail; one of the TVC divided not in the medio-laterale orientation, so cells are a bit aligned","good","-","Handr.image12.2021_01_12","migration/orientation perturbed",TRUE,FALSE,TRUE
"Handr.image13.2021_01_12","2021_01_12","Margaux Failla","Handr","image13","yes",87.8,27.5,"-","yes","0","groups connected","problem migration and orientation","inhibited TVC migration / TVC cell alignment","the 2 TVCs didn't migrate enough in the trunk, they are still attached to the ATMs in the tail; one of the TVC divided not in the medio-laterale orientation, so cells are a bit aligned","good","-","Handr.image13.2021_01_12","migration/orientation perturbed",TRUE,FALSE,TRUE
"Handr.image14_right.2021_01_12","2021_01_12","Margaux Failla","Handr","image14_right","yes",60.4,32.6,"-","yes","0","groups connected","problem migration and orientation","inhibited TVC migration / TVC cell alignment","the 2 TVCs didn't migrate enough in the trunk, they are still attached to the ATMs in the tail; the 2 TVCs divided not in the medio-laterale orientation, so cells are aligned","good","-","Handr.image14_right.2021_01_12","migration/orientation perturbed",TRUE,FALSE,TRUE
"Handr.image15_left.2021_01_12","2021_01_12","Margaux Failla","Handr","image15_left","yes",97.8,32.5,"-","yes","4.13","Problem getting 2 different distances","problem migration and orientation","inhibited TVC migration / TVC cell alignment","the 2 TVCs didn't migrate enough in the trunk, they are very close to the ATMs in the tail; one of the TVC divided not in the medio-laterale orientation, so cells are a bit aligned","good","-","Handr.image15_left.2021_01_12","migration/orientation perturbed",TRUE,FALSE,TRUE
"Handr.image15_right.2021_01_12","2021_01_12","Margaux Failla","Handr","image15_right","yes",92,32.5,"-","yes","0","groups connected","problem migration","inhibited TVC migration","the 2 TVCs didn't migrate enough in the trunk, they are still attached to the ATMs in the tail","good","-","Handr.image15_right.2021_01_12","migration perturbed",TRUE,FALSE,FALSE
"Handr.image20.2021_01_12","2021_01_12","Margaux Failla","Handr","image20","yes",90.2,25.9,"-","yes","0","groups connected","problem migration and orientation","inhibited TVC migration / TVC cell alignment","the 2 TVCs didn't migrate enough in the trunk, they are still attached to the ATMs in the tail; one of the TVC divided not in the medio-laterale orientation, so cells are a bit aligned","good","-","Handr.image20.2021_01_12","migration/orientation perturbed",TRUE,FALSE,TRUE
"Handr.image23_left.2021_01_12","2021_01_12","Margaux Failla","Handr","image23_left","yes",77.7,35.2,"-","yes","7.85","-","problem orientation","TVC cell alignment","the 2 TVCs divided not in the medio-laterale orientation, so cells are aligned","correct","-","Handr.image23_left.2021_01_12","orientation perturbed",FALSE,FALSE,TRUE
"Handr.image23_right.2021_01_12","2021_01_12","Margaux Failla","Handr","image23_right","yes",77.7,35.2,"-","yes","0","groups connected","problem migration and division","inhibited TVC migration / inhibited TVC division","one of the TVC didn't migrate enough and didn't divide, it still attached to the ATMs in the tail but also attached to the other TVCs in the trunk","correct","-","Handr.image23_right.2021_01_12","migration/division perturbed",TRUE,TRUE,FALSE
"Handr.image25_left.2021_01_12","2021_01_12","Margaux Failla","Handr","image25_left","yes",87.8,40.1,"-","yes","13.9","-","problem orientation","TVC cell alignment","one of the TVC divided not in the medio-laterale orientation, so cells are a bit aligned","good","-","Handr.image25_left.2021_01_12","orientation perturbed",FALSE,FALSE,TRUE
"Handr.image25_right.2021_01_12","2021_01_12","Margaux Failla","Handr","image25_right","yes",87.8,42.5,"-","yes","0","groups connected","problem migration and orientation","inhibited TVC migration / TVC cell alignment","the 2 TVCs didn't migrate enough far in the trunk, so still attached to the ATMs in the tail; one of the TVC divided not in the medio-laterale orientation, so cells are a bit aligned","good","-","Handr.image25_right.2021_01_12","migration/orientation perturbed",TRUE,FALSE,TRUE
"Handr.image26.2021_01_12","2021_01_12","Margaux Failla","Handr","image26","yes",84.8,58.4,"-","yes","3.85","-","problem migration","inhibited TVC migration","one of the TVC didn't migrate but divided with the ATMs in the tail","correct","-","Handr.image26.2021_01_12","migration perturbed",TRUE,FALSE,FALSE
"Handr.image3.2021_01_12","2021_01_12","Margaux Failla","Handr","image3","yes",89.5,62.8,"-","yes","0","groups connected","problem migration and division","enhanced ATM migration / enhanced ATM division","one of the ATM divided and one of the cell migrated with the TVCs but still attached to the other ATMs in the tail","good","-","Handr.image3.2021_01_12","migration/division perturbed",TRUE,TRUE,FALSE
"Handr.image30.2021_01_12","2021_01_12","Margaux Failla","Handr","image30","yes",86.3,25.4,"-","yes","0","groups connected","problem migration and orientation","inhibited TVC migration / TVC cell alignment","the 2 TVCs didn't migrate enough, still attached to the ATMs in the tail; one of the TVC divided not in the medio-laterale orientation, so cells are a bit aligned","good","-","Handr.image30.2021_01_12","migration/orientation perturbed",TRUE,FALSE,TRUE
"Handr.image34_left.2021_01_12","2021_01_12","Margaux Failla","Handr","image34_left","yes",83.3,55.2,"-","yes","0","groups connected","problem migration and orientation","inhibited TVC migration / TVC cell alignment","the 2 TVCs didn't migrate enough far in the trunk, so still attached to the ATMs in the tail; one of the TVC divided not in the medio-laterale orientation, so cells are a bit aligned","correct","-","Handr.image34_left.2021_01_12","migration/orientation perturbed",TRUE,FALSE,TRUE
"Handr.image34_right.2021_01_12","2021_01_12","Margaux Failla","Handr","image34_right","yes",83.3,55.2,"-","yes","0","groups connected","problem migration and orientation","inhibited TVC migration / TVC cell alignment","the 2 TVCs didn't migrate enough far in the trunk, so still attached to the ATMs in the tail; the 2 TVCs divided not in the medio-laterale orientation, so cells are aligned","good","-","Handr.image34_right.2021_01_12","migration/orientation perturbed",TRUE,FALSE,TRUE
"Handr.image36_left.2021_01_12","2021_01_12","Margaux Failla","Handr","image36_left","yes",89.5,35.5,"-","yes","12.6","-","problem orientation","TVC cell alignment","one of the TVC divided not in the medio-laterale orientation, so cells are a bit aligned","good","-","Handr.image36_left.2021_01_12","orientation perturbed",FALSE,FALSE,TRUE
"Handr.image37_right.2021_01_12","2021_01_12","Margaux Failla","Handr","image37_right","yes",90.3,32.6,"-","yes","0","groups connected","problem migration","inhibited TVC migration","the 2 TVCs didn't migrate enough, still attached to the ATMs in the tail","good","-","Handr.image37_right.2021_01_12","migration perturbed",TRUE,FALSE,FALSE
"Handr.image38.2021_01_12","2021_01_12","Margaux Failla","Handr","image38","yes",91,30.3,"-","yes","2.44","groups should be connected (missing a part in segmentation)","problem migration and orientation","inhibited TVC migration / TVC cell alignment","the 2 TVCs didn't migrate enough far in the trunk, so still attached to the ATMs in the tail (not seen in the segmentation); the 2 TVCs divided not in the medio-laterale orientation, so cells are aligned","good","-","Handr.image38.2021_01_12","migration/orientation perturbed",TRUE,FALSE,TRUE
"Handr.image39_right.2021_01_12","2021_01_12","Margaux Failla","Handr","image39_right","yes",87.5,32.3,"-","yes","0","groups connected","problem migration and orientation","inhibited TVC migration / TVC cell alignment","the 2 TVCs didn't migrate enough far in the trunk, so still attached to the ATMs in the tail and one of the TVC is grouped with the ATMs; one of the TVC divided not in the medio-laterale orientation, so cells are a bit aligned","good","Ambigous phenotype","Handr.image39_right.2021_01_12","migration/orientation perturbed",TRUE,FALSE,TRUE
"Handr.image40.2021_01_12","2021_01_12","Margaux Failla","Handr","image40","yes",87.8,22.7,"-","yes","0","groups connected","problem migration","inhibited TVC migration","the 2 TVCs didn't migrate enough far in the trunk, so still attached to the ATMs in the tail","good","-","Handr.image40.2021_01_12","migration perturbed",TRUE,FALSE,FALSE
"Handr.image5_right.2021_01_12","2021_01_12","Margaux Failla","Handr","image5_right","yes",72.2,30,"-","yes","18.7","-","problem orientation","TVC cell alignment","one of the TVC divided not in the medio-laterale orientation, so cells are a bit aligned","good","-","Handr.image5_right.2021_01_12","orientation perturbed",FALSE,FALSE,TRUE
"Handr.image6.2021_01_12","2021_01_12","Margaux Failla","Handr","image6","yes",90.2,37.5,"-","yes","0","groups connected","problem migration, division and orientation","enhanced ATM migration / enhanced ATM division / TVC cell alignment","one of the ATM divided and one of the the cell migrated with the TVCs in the trunk but still attached to the other ATMs in the tail; one of the TVC divided not in the medio-laterale orientation, so cells are a bit aligned","good","Ambigous phenotype","Handr.image6.2021_01_12","migration/division/orientation perturbed",TRUE,TRUE,TRUE
"Handr.image7.2021_01_12","2021_01_12","Margaux Failla","Handr","image7","yes",95,55.3,"-","yes","0","groups connected","problem migration and orientation","enhanced ATM migration / TVC cell alignment","the ATMs migrated a bit in the trunk and attached to the TVCs in the trunk but still in the tail; the 2 TVCs divided not in the medio-laterale orientation, so cells are aligned","correct","Ambigous phenotype","Handr.image7.2021_01_12","migration/orientation perturbed",TRUE,FALSE,TRUE
"Handr.image9.2021_01_12","2021_01_12","Margaux Failla","Handr","image9","yes",68.1,37.7,"-","yes","0","groups connected","problem migration and orientation","inhibited TVC migration / TVC cell alignment","the 2 TVCs didn't migrate enough in the trunk, they are still attached to the ATMs in the tail; the 2 TVCs divided not in the medio-laterale orientation, so cells are aligned","good","-","Handr.image9.2021_01_12","migration/orientation perturbed",TRUE,FALSE,TRUE
"Handr.slide1_image12.2021_01_06","2021_01_06","Margaux Failla","Handr","slide1_image12","yes",76.8,30,"-","yes","12.8","-","problem orientation","TVC cell alignment","one of the TVC divided not in the medio-laterale orientation, so cells are aligned","good","-","Handr.slide1_image12.2021_01_06","orientation perturbed",FALSE,FALSE,TRUE
"Handr.slide1_image15_right.2021_01_06","2021_01_06","Margaux Failla","Handr","slide1_image15_right","yes",93.3,40.4,"-","yes","15.9","-","problem migration and division","inhibited TVC migration / inhibited TVC division","one of the TVC didn't migrate and didn't divide, it stayed with the ATMs in the tail","good","-","Handr.slide1_image15_right.2021_01_06","migration/division perturbed",TRUE,TRUE,FALSE
"Handr.slide1_image18.2021_01_06","2021_01_06","Margaux Failla","Handr","slide1_image18","yes",82.3,27.2,"-","yes","0","groups connected","problem migration and orientation","inhibited TVC migration / TVC cell alignment","the 2 TVCs didn't migrated enough, so still attached to the ATMs in the tail; one of the TVC divided not in the medio-laterale orientation, so cells are aligned","good","-","Handr.slide1_image18.2021_01_06","migration/orientation perturbed",TRUE,FALSE,TRUE
"Handr.slide1_image19_right.2021_01_06","2021_01_06","Margaux Failla","Handr","slide1_image19_right","yes",72.5,22.1,"-","yes","0","groups connected","problem migration and orientation","inhibited TVC migration / TVC cell alignment","the 2 TVCs didn't migrated enough, so still attached to the ATMs in the tail; the 2 TVCs divided not in the medio-laterale orientation, so cells are aligned","good","-","Handr.slide1_image19_right.2021_01_06","migration/orientation perturbed",TRUE,FALSE,TRUE
"Handr.slide1_image2.2021_01_06","2021_01_06","Margaux Failla","Handr","slide1_image2","yes",87,25.4,"-","yes","0","groups connected","problem migration and orientation","inhibited TVC migration / TVC cell alignment","the 2 TVCs didn't migrated enough, so still attached to the ATMs in the tail; one of the TVC divided not in the medio-laterale orientation, so cells are aligned","good","-","Handr.slide1_image2.2021_01_06","migration/orientation perturbed",TRUE,FALSE,TRUE
"Handr.slide1_image26.2021_01_06","2021_01_06","Margaux Failla","Handr","slide1_image26","yes",93.5,35.3,"-","yes","42.1","-","problem orientation","TVC cell alignment","one of the TVC divided not in the medio-laterale orientation, so cells are aligned","good","-","Handr.slide1_image26.2021_01_06","orientation perturbed",FALSE,FALSE,TRUE
"Handr.slide1_image29.2021_01_06","2021_01_06","Margaux Failla","Handr","slide1_image29","yes",88.3,25.5,"-","yes","8.93","-","problem division","inhibited TVC division","one of the TVC didn't divide in the trunk","good","-","Handr.slide1_image29.2021_01_06","division perturbed",FALSE,TRUE,FALSE
"Handr.slide1_image3.2021_01_06","2021_01_06","Margaux Failla","Handr","slide1_image3","yes",63.8,17.7,"-","yes","0","groups connected","problem migration and orientation","inhibited TVC migration / TVC cell alignment","the 2 TVCs didn't migrated enough, so still attached to the ATMs in the tail; one of the TVC divided not in the medio-laterale orientation, so cells are aligned","good","-","Handr.slide1_image3.2021_01_06","migration/orientation perturbed",TRUE,FALSE,TRUE
"Handr.slide1_image30.2021_01_06","2021_01_06","Margaux Failla","Handr","slide1_image30","yes",90.5,25.8,"-","yes","0","groups connected","problem migration and orientation","inhibited TVC migration / TVC cell alignment","the 2 TVCs didn't migrated enough, so still attached to the ATMs in the tail; one of the TVC divided not in the medio-laterale orientation, so cells are aligned","good","-","Handr.slide1_image30.2021_01_06","migration/orientation perturbed",TRUE,FALSE,TRUE
"Handr.slide1_image31.2021_01_06","2021_01_06","Margaux Failla","Handr","slide1_image31","yes",75.8,25.2,"-","yes","0","groups connected","problem migration and division","enhanced ATM migration / enhanced ATM division / inhibited TVC division","one of the ATM divided and one of the cell migrated with the TVCs in the trunk, but still attached to the other ATM in the tail; one of the TVC didn't divide in the trunk","good","Ambigous phenotype","Handr.slide1_image31.2021_01_06","migration/division perturbed",TRUE,TRUE,FALSE
"Handr.slide1_image36.2021_01_06","2021_01_06","Margaux Failla","Handr","slide1_image36","yes",83.8,30.4,"-","yes","0","groups connected","problem migration and orientation","inhibited TVC migration / TVC cell alignment","the 2 TVCs didn't migrated enough, so still attached to the ATMs in the tail; one of the TVC divided not in the medio-laterale orientation, so cells are aligned","good","-","Handr.slide1_image36.2021_01_06","migration/orientation perturbed",TRUE,FALSE,TRUE
"Handr.slide1_image37.2021_01_06","2021_01_06","Margaux Failla","Handr","slide1_image37","yes",78.3,42.6,"-","yes","0","groups connected","problem migration and orientation","inhibited TVC migration / TVC cell alignment","the 2 TVCs didn't migrated enough, so still attached to the ATMs in the tail; one of the TVC divided not in the medio-laterale orientation, so cells are aligned","good","-","Handr.slide1_image37.2021_01_06","migration/orientation perturbed",TRUE,FALSE,TRUE
"Handr.slide1_image44.2021_01_06","2021_01_06","Margaux Failla","Handr","slide1_image44","yes",89.8,22.4,"-","yes","0","groups connected","problem migration and orientation","inhibited TVC migration / TVC cell alignment","one of the TVC didn't migrated enough, so still attached to the ATMs in the tail but also attached to the other TVC in the trunk; the 2 TVCs divided not in the medio-laterale orientation, so cells are aligned","correct","-","Handr.slide1_image44.2021_01_06","migration/orientation perturbed",TRUE,FALSE,TRUE
"Handr.slide1_image5.2021_01_06","2021_01_06","Margaux Failla","Handr","slide1_image5","yes",91,32.3,"-","yes","16.3","-","problem orientation","TVC cell alignment","one of the TVC divided not in the medio-laterale orientation, so cells are aligned","good","-","Handr.slide1_image5.2021_01_06","orientation perturbed",FALSE,FALSE,TRUE
"Handr.slide1_image51.2021_01_06","2021_01_06","Margaux Failla","Handr","slide1_image51","yes",82.5,30.1,"-","yes","8.22","-","problem orientation","TVC cell alignment","one of the TVC divided not in the medio-laterale orientation, so cells are a bit aligned","good","-","Handr.slide1_image51.2021_01_06","orientation perturbed",FALSE,FALSE,TRUE
"Handr.slide1_image56.2021_01_06","2021_01_06","Margaux Failla","Handr","slide1_image56","yes",70.1,27.4,"-","yes","3.52","-","problem migration and orientation","inhibited TVC migration / TVC cell alignment","the 2 TVCs didn't migrate far; the 2 TVCs divided not in the medio-laterale orientation, so cells are a bit aligned","good","-","Handr.slide1_image56.2021_01_06","migration/orientation perturbed",TRUE,FALSE,TRUE
"Handr.slide1_image7.2021_01_06","2021_01_06","Margaux Failla","Handr","slide1_image7","yes",91.3,35,"-","yes","27.7","-","problem orientation","TVC cell alignment","one of the TVC divided not in the medio-laterale orientation, so cells are aligned","good","-","Handr.slide1_image7.2021_01_06","orientation perturbed",FALSE,FALSE,TRUE
"Handr.slide1_image8.2021_01_06","2021_01_06","Margaux Failla","Handr","slide1_image8","yes",73.6,30.1,"-","yes","0","groups connected","problem migration and orientation","inhibited TVC migration / TVC cell alignment","the 2 TVCs didn't migrated enough, so still attached to the ATMs in the tail; one of the TVC divided not in the medio-laterale orientation, so cells are aligned","good","-","Handr.slide1_image8.2021_01_06","migration/orientation perturbed",TRUE,FALSE,TRUE
"Handr.slide2_image1.2021_01_06","2021_01_06","Margaux Failla","Handr","slide2_image1","yes",89.5,42.5,"-","yes","8","-","problem migration","inhibited TVC migration","one of the TVC didn't migrate but divided, it stayed with the ATMs in the tail; the TVC that migrated didn't migrate far","good","-","Handr.slide2_image1.2021_01_06","migration perturbed",TRUE,FALSE,FALSE
"Handr.slide2_image11.2021_01_06","2021_01_06","Margaux Failla","Handr","slide2_image11","yes",72.5,50.4,"-","yes","9.15","-","problem migration","inhibited TVC migration","one of the TVC didn't migrate but divided in the tail with the ATMs; the other TVC didn't migrate far","correct","-","Handr.slide2_image11.2021_01_06","migration perturbed",TRUE,FALSE,FALSE
"Handr.slide2_image12.2021_01_06","2021_01_06","Margaux Failla","Handr","slide2_image12","yes",78.4,27.6,"-","yes","0","groups connected","problem migration, orientation and division","inhibited TVC migration / TVC cell alignment / enhanced TVC division","one of the TVC didn't migrate enough, still attached to the ATMs in the tail and also attached to the other TVC in the trunk; the other TVC migrated not too far; one of the TVC divided not in the medio-laterale orientation, so cells are a bit aligned; one of the TVC divided for the second division","good","-","Handr.slide2_image12.2021_01_06","migration/division/orientation perturbed",TRUE,TRUE,TRUE
"Handr.slide2_image16.2021_01_06","2021_01_06","Margaux Failla","Handr","slide2_image16","yes",82.5,30.3,"-","yes","0","groups connected","problem migration and orientation","inhibited TVC migration / TVC cell alignment","the 2 TVCs didn't migrate enough, still attached to the ATMs in the tail; one of the TVC divided not in the medio-laterale orientation, so cells are a bit aligned","good","-","Handr.slide2_image16.2021_01_06","migration/orientation perturbed",TRUE,FALSE,TRUE
"Handr.slide2_image17_right.2021_01_06","2021_01_06","Margaux Failla","Handr","slide2_image17_right","yes",75.5,47.7,"-","yes","4.2","-","problem migration","inhibited TVC migration","one of the TVC didn't migrate enough but divided, still attached to the ATM in the tail","correct","-","Handr.slide2_image17_right.2021_01_06","migration perturbed",TRUE,FALSE,FALSE
"Handr.slide2_image21_left.2021_01_06","2021_01_06","Margaux Failla","Handr","slide2_image21_left","yes",80.2,30.8,"-","yes","8.7","-","problem orientation","TVC cell alignment","one of the TVC divided not in the medio-laterale orientation, so cells are a bit aligned","good","-","Handr.slide2_image21_left.2021_01_06","orientation perturbed",FALSE,FALSE,TRUE
"Handr.slide2_image21_right.2021_01_06","2021_01_06","Margaux Failla","Handr","slide2_image21_right","yes",92.8,32.5,"-","yes","28","-","problem division","inhibited TVC division","the 2 TVCs didn't divide in the trunk","good","-","Handr.slide2_image21_right.2021_01_06","division perturbed",FALSE,TRUE,FALSE
"Handr.slide2_image23.2021_01_06","2021_01_06","Margaux Failla","Handr","slide2_image23","yes",75.5,30.8,"-","yes","0","groups connected","problem migration and orientation","inhibited TVC migration / TVC cell alignment","the 2 TVCs didn't migrate enough, still attached to the ATMs in the tail; one of the TVC divided not in the medio-laterale orientation, so cells are a bit aligned","good","-","Handr.slide2_image23.2021_01_06","migration/orientation perturbed",TRUE,FALSE,TRUE
"Handr.slide2_image5_left.2021_01_06","2021_01_06","Margaux Failla","Handr","slide2_image5_left","yes",75.5,35,"-","yes","0","groups connected","problem migration and orientation","inhibited TVC migration / TVC cell alignment","one of the TVC didn't migrate enough, still attached to the ATMs in the tail and also attached to the other TVC in the trunk; one of the TVC divided not in the medio-laterale orientation, so cells are a bit aligned","good","-","Handr.slide2_image5_left.2021_01_06","migration/orientation perturbed",TRUE,FALSE,TRUE
"Handr.slide2_image5_right.2021_01_06","2021_01_06","Margaux Failla","Handr","slide2_image5_right","yes",95.1,35,"-","yes","30.1","-","problem migration","inhibited TVC migration","one of the TVC didn't migrate but divided in the tail with the ATMs","good","-","Handr.slide2_image5_right.2021_01_06","migration perturbed",TRUE,FALSE,FALSE
"Handr.slide2_image9.2021_01_06","2021_01_06","Margaux Failla","Handr","slide2_image9","yes",80.2,57.4,"-","yes","31.4","-","problem migration","inhibited TVC migration","one of the TVC didn't migrate but divided in the tail with the ATMs","correct","-","Handr.slide2_image9.2021_01_06","migration perturbed",TRUE,FALSE,FALSE
"MRF.image12.2021_01_12","2021_01_12","Margaux Failla","MRF","image12","yes",79.8,45.3,"-","yes","-","only one group in the trunk - no distance","problem migration and division","enhanced ATM migration / inhibited TVC division","the 2 ATMs migrated with the TVCs in the trunk; the 2 TVCs didn't divide in the trunk","good","-","MRF.image12.2021_01_12","migration/division perturbed",TRUE,TRUE,FALSE
"MRF.image13_left.2021_01_12","2021_01_12","Margaux Failla","MRF","image13_left","yes",80.1,32.5,"-","yes","0","groups connected","problem migration and division","enhanced ATM migration / enhanced ATM division","one of the ATM migrated a bit in the trunk with the TVCs but still attached to the other ATMs in the tail; the ATM in the tail divided","good","-","MRF.image13_left.2021_01_12","migration/division perturbed",TRUE,TRUE,FALSE
"MRF.image13_right.2021_01_12","2021_01_12","Margaux Failla","MRF","image13_right","yes",75.1,22.7,"-","yes","0","groups connected","problem migration and division","enhanced ATM migration / enhanced ATM division","one of the ATM migrated a bit in the trunk with the TVCs but still attached to the other ATMs in the tail; the 2 ATMs divided (one of them didn't divide completely, but not seen in the segmentation, nuclei enough far from each other)","good","-","MRF.image13_right.2021_01_12","migration/division perturbed",TRUE,TRUE,FALSE
"MRF.image15.2021_01_12","2021_01_12","Margaux Failla","MRF","image15","yes",72,35,"-","yes","4.09","-","problem migration and division","enhanced ATM migration / inhibited TVC division","one of the ATM migrated with the TVCs in the trunk and the other ATM migrated a bit but not attached to the other ATM; one of the TVC didn't divide in the trunk","good","-","MRF.image15.2021_01_12","migration/division perturbed",TRUE,TRUE,FALSE
"MRF.image16.2021_01_12","2021_01_12","Margaux Failla","MRF","image16","yes",65,37.3,"-","yes","0","groups connected","problem migration and division","enhanced ATM migration / inhibited TVC division","one of the ATM migrated in the trunk with the TVCs but still attached to the other ATM in the tail; one of the TVC didn't divide in the trunk","good","Segmentation doesn't follow the membrane signal","MRF.image16.2021_01_12","migration/division perturbed",TRUE,TRUE,FALSE
"MRF.image2_right.2021_01_12","2021_01_12","Margaux Failla","MRF","image2_right","yes",80.4,42.2,"-","yes","0","groups connected","problem migration and division","enhanced ATM migration / inhibited TVC division","one of the ATM migrated with the TVCs in the trunk, but still attached to the other ATM in the tail; one of the TVC didn't divide in the trunk","good","-","MRF.image2_right.2021_01_12","migration/division perturbed",TRUE,TRUE,FALSE
"MRF.image20.2021_01_12","2021_01_12","Margaux Failla","MRF","image20","yes",75.6,30.4,"-","yes","-","only one group in the trunk - no distance","problem migration and division","enhanced ATM migration / enhanced ATM division","the 2 ATMs migrated with the TVCs in the trunk and one of the ATM divided","good","-","MRF.image20.2021_01_12","migration/division perturbed",TRUE,TRUE,FALSE
"MRF.image21_left.2021_01_12","2021_01_12","Margaux Failla","MRF","image21_left","yes",92.5,35.5,"-","yes","7.62","-","problem migration","enhanced ATM migration","the 2 ATMs migrated a bit in the trunk but still localized in the tail","good","-","MRF.image21_left.2021_01_12","migration perturbed",TRUE,FALSE,FALSE
"MRF.image21_right.2021_01_12","2021_01_12","Margaux Failla","MRF","image21_right","yes",92.5,42.3,"-","yes","0.913","-","problem migration","enhanced ATM migration","the 2 ATMs migrated a bit in the trunk but still localized in the tail","good","-","MRF.image21_right.2021_01_12","migration perturbed",TRUE,FALSE,FALSE
"MRF.image22_left.2021_01_12","2021_01_12","Margaux Failla","MRF","image22_left","yes",91.8,40.1,"-","yes","0","groups connected","problem migration and division","enhanced ATM migration / enhanced ATM division","the 2 ATMs migrated with the TVCs in the trunk, and one of the ATM divided","good","-","MRF.image22_left.2021_01_12","migration/division perturbed",TRUE,TRUE,FALSE
"MRF.image24.2021_01_12","2021_01_12","Margaux Failla","MRF","image24","yes",76.6,35.3,"-","yes","10.2","-","problem migration and division","enhanced ATM migration / inhibited TVC division","the 2 ATMs migrated a bit in the trunk; the 2 TVCs didn't divide in the trunk","good","-","MRF.image24.2021_01_12","migration/division perturbed",TRUE,TRUE,FALSE
"MRF.image26.2021_01_12","2021_01_12","Margaux Failla","MRF","image26","yes",92,35.1,"-","yes","0","groups connected","problem migration and divisoon","enhanced ATM migration / enhanced ATM division","one of the ATM migrated with the TVCs in the trunk and divided but still attached to the other ATM in the tail","good","-","MRF.image26.2021_01_12","migration perturbed",TRUE,FALSE,FALSE
"MRF.image27.2021_01_12","2021_01_12","Margaux Failla","MRF","image27","yes",74.1,30,"-","yes","-","only one group in the trunk - no distance","problem migration and division","enhanced ATM migration / enhanced ATM division","the 2 ATMs migrated with the TVCs in the trunk and one of the ATM divided","good","-","MRF.image27.2021_01_12","migration/division perturbed",TRUE,TRUE,FALSE
"MRF.image3.2021_01_12","2021_01_12","Margaux Failla","MRF","image3","yes",78.9,37.6,"-","yes","0","groups connected","problem migration and division","enhanced ATM division / inhibited TVC migration / inhibited TVC division","the 2 ATMs divided in the tail; the 2 TVCs didn't migrate enough in the trunk and still attached to the ATMs in the tail; one of the TVC didn't divide in the trunk","good","-","MRF.image3.2021_01_12","migration/division perturbed",TRUE,TRUE,FALSE
"MRF.image30_left.2021_01_12","2021_01_12","Margaux Failla","MRF","image30_left","yes",75,30.4,"-","yes","0","groups connected","problem migration and division","enhanced ATM migration / enhanced ATM division / inhibited TVC division","the 2 ATMs migrated a bit in the trunk with the TVCs but still in the tail; one of the ATM divided and one of the TVC didn't divide","good","Ambigous phenotype","MRF.image30_left.2021_01_12","migration/division perturbed",TRUE,TRUE,FALSE
"MRF.image30_right.2021_01_12","2021_01_12","Margaux Failla","MRF","image30_right","yes",92.3,35.3,"-","yes","0","groups connected","problem migration and division","enhanced ATM migration / inhibited TVC division","the 2 ATMs migrated a bit in the trunk with the TVCs but still in the tail; the 2 TVCs didn't divide in the trunk","good","-","MRF.image30_right.2021_01_12","migration/division perturbed",TRUE,TRUE,FALSE
"MRF.image31_right.2021_01_12","2021_01_12","Margaux Failla","MRF","image31_right","yes",70.4,47.3,"-","yes","0","groups connected","problem migration and division","enhanced ATM migration / enhanced ATM division","one of the ATMs divided and one of the cells migrated with the TVCs in the trunk, but still attached to the other ATMs; the other ATM also divided in the tail","good","-","MRF.image31_right.2021_01_12","migration/division perturbed",TRUE,TRUE,FALSE
"MRF.image33_right.2021_01_12","2021_01_12","Margaux Failla","MRF","image33_right","yes",79.3,38.4,"-","yes","-","only one group in the trunk - no distance","problem migration and division","enhanced ATM migration / inhibited TVC divison","the 2 ATMs migrated with the TVCs in the trunk; and one of the TVC didn't divide","good","-","MRF.image33_right.2021_01_12","migration/division perturbed",TRUE,TRUE,FALSE
"MRF.image35.2021_01_12","2021_01_12","Margaux Failla","MRF","image35","yes",99.5,55.1,"-","yes","0","groups connected","problem migration and division","inhibited TVC migration / inhibited TVC division","the 2 TVCs didn't migrate enough, they are still attached to the ATMs in the tail; and the 2 TVCs didn't divide","good","-","MRF.image35.2021_01_12","migration/division perturbed",TRUE,TRUE,FALSE
"MRF.image36_left.2021_01_12","2021_01_12","Margaux Failla","MRF","image36_left","yes",82.3,25,"-","yes","0","groups connected","problem migration and division","enhanced ATM migration / inhibited TVC division","one of the ATM migrated with the TVCs in the trunk but still attached to the other ATM in the tail; one of the TVC didn't divide in the trunk","good","-","MRF.image36_left.2021_01_12","migration/division perturbed",TRUE,TRUE,FALSE
"MRF.image36_right.2021_01_12","2021_01_12","Margaux Failla","MRF","image36_right","yes",82.3,30.9,"-","yes","0","groups connected","problem migration and division","inhibited TVC migration / inhibited TVC division ","the TVCs didn't migrate enough in the trunk, they are still attached to the ATMs in the tail; one of the TVC didn't divide in the trunk","good","-","MRF.image36_right.2021_01_12","migration/division perturbed",TRUE,TRUE,FALSE
"MRF.image38_left.2021_01_12","2021_01_12","Margaux Failla","MRF","image38_left","yes",90,40.1,"-","yes","-","only one group in the trunk - no distance","problem migration and division","enhanced ATM migration / enhanced TVC division","the 2 ATMs migrated with the TVCs in the trunk; the 2 TVCs started the second division but not seen in the segmentation (nuclei too close to each other, so considered as the same cell)","correct","-","MRF.image38_left.2021_01_12","migration/division perturbed",TRUE,TRUE,FALSE
"MRF.image38_right.2021_01_12","2021_01_12","Margaux Failla","MRF","image38_right","yes",77.6,35.2,"-","yes","0","groups connected","problem migration and division","enhanced ATM migration / enhanced ATM division","one of the ATM divided and one of the cells migrated with the TVCs in the trunk but still attached with the other ATM in the tail: the other ATM also divided in the tail","good","-","MRF.image38_right.2021_01_12","migration/division perturbed",TRUE,TRUE,FALSE
"MRF.image4_left.2021_01_12","2021_01_12","Margaux Failla","MRF","image4_left","yes",93.8,22.6,"-","yes","-","only one group in the trunk - no distance","problem migration and division","enhanced ATM migration / inhibited TVC division","the 2 ATMs migrated with the TVCs in the trunk; one of the TVC didn't divide in the trunk","correct","-","MRF.image4_left.2021_01_12","migration/division perturbed",TRUE,TRUE,FALSE
"MRF.image4_right.2021_01_12","2021_01_12","Margaux Failla","MRF","image4_right","yes",93.8,35.3,"-","yes","-","only one group in the trunk - no distance","problem migration and division","enhanced ATM migration / inhibited TVC division","the 2 ATMs migrated with the TVCs in the trunk; one of the TVC didn't divide in the trunk","good","-","MRF.image4_right.2021_01_12","migration/division perturbed",TRUE,TRUE,FALSE
"MRF.image6.2021_01_12","2021_01_12","Margaux Failla","MRF","image6","yes",85.3,27.5,"-","yes","-","only one group in the trunk - no distance","problem migration","enhanced ATM migration","the 2 ATMs migrated with the TVCs in the trunk","good","-","MRF.image6.2021_01_12","migration perturbed",TRUE,FALSE,FALSE
"MRF.image7_left.2021_01_12","2021_01_12","Margaux Failla","MRF","image7_left","yes",69.1,32.4,"-","yes","0","groups connected","problem migration and division","enhanced ATM division / inhibited TVC migration / inhibited TVC division","one of the ATM divided in the tail; the 2 TVCs didn't migrate enough and they are still attached to the ATMs in the tail; the 2 TVCs didn't divide in the trunk","good","-","MRF.image7_left.2021_01_12","migration/division perturbed",TRUE,TRUE,FALSE
"MRF.image9_left.2021_01_12","2021_01_12","Margaux Failla","MRF","image9_left","yes",92.6,30.3,"-","yes","0","groups connected","problem migration and division","enhanced ATM migration / enhanced ATM division","the 2 ATMs migrated a bit in the trunk and attached to the TVCs but still a bit in the tail; the 2 ATMs divided","good","-","MRF.image9_left.2021_01_12","migration/division perturbed",TRUE,TRUE,FALSE
"MRF.slide1_image11.2021_01_06","2021_01_06","Margaux Failla","MRF","slide1_image11","yes",76.3,27.3,"-","yes","-","only one group in the trunk - no distance","problem migration and division","enhanced ATM migration / inhibited TVC division","the 2 ATMs migrated with the TVCs in the trunk; one of the TVC didn't divide","good","-","MRF.slide1_image11.2021_01_06","migration/division perturbed",TRUE,TRUE,FALSE
"MRF.slide1_image12.2021_01_06","2021_01_06","Margaux Failla","MRF","slide1_image12","yes",78.3,40.3,"-","yes","0","groups connected","problem migration and division","enhanced ATM migration / enhanced ATM division","one of the ATM divided and one of the cell migrated with the TVCs in the trunk, but still attached to the other ATMs in the tail","good","-","MRF.slide1_image12.2021_01_06","migration/division perturbed",TRUE,TRUE,FALSE
"MRF.slide1_image13.2021_01_06","2021_01_06","Margaux Failla","MRF","slide1_image13","yes",84,25.3,"-","yes","58.1","-","problem division","enhanced ATM division","one of the ATM divided in the tail","good","-","MRF.slide1_image13.2021_01_06","division perturbed",FALSE,TRUE,FALSE
"MRF.slide1_image19.2021_01_06","2021_01_06","Margaux Failla","MRF","slide1_image19","yes",70.9,30.1,"-","yes","-","only one group in the trunk - no distance","problem migration and division","enhanced ATM migration / enhanced ATM division","the 2 ATMs migrated and divided with the TVCs in the trunk","good","-","MRF.slide1_image19.2021_01_06","migration/division perturbed",TRUE,TRUE,FALSE
"MRF.slide1_image20.2021_01_06","2021_01_06","Margaux Failla","MRF","slide1_image20","yes",77.8,32.8,"-","yes","0","groups connected","problem migration and division","enhanced ATM migration / enhanced ATM division","one of the ATM migrated and divided with the TVCs in the trunk, but still attached to the other ATMs in the tail","good","-","MRF.slide1_image20.2021_01_06","migration/division perturbed",TRUE,TRUE,FALSE
"MRF.slide1_image23.2021_01_06","2021_01_06","Margaux Failla","MRF","slide1_image23","yes",73,32.2,"-","yes","14.9","-","problem division","enhanced ATM division","the 2 ATMs divided in the tail","good","-","MRF.slide1_image23.2021_01_06","division perturbed",FALSE,TRUE,FALSE
"MRF.slide1_image24.2021_01_06","2021_01_06","Margaux Failla","MRF","slide1_image24","yes",74.7,35,"-","yes","6.77","-","problem migration and division","enhanced ATM migration / enhanced ATM division","one of the ATM migrated and divided with the TVCs in the trunk; the other ATM divided in the tail","good","-","MRF.slide1_image24.2021_01_06","migration/division perturbed",TRUE,TRUE,FALSE
"MRF.slide1_image27.2021_01_06","2021_01_06","Margaux Failla","MRF","slide1_image27","yes",76,32.8,"-","yes","23","-","problem division","enhanced ATM division","the 2 ATMs divided in the tail","good","-","MRF.slide1_image27.2021_01_06","division perturbed",FALSE,TRUE,FALSE
"MRF.slide1_image29.2021_01_06","2021_01_06","Margaux Failla","MRF","slide1_image29","yes",82.5,27.1,"-","yes","0","groups connected","problem migration and division","enhanced ATM migration / enhanced ATM division","one of the ATM migrated and divided with the TVCs in the trunk, but still attached to the other ATM in the tail; the other ATM divided in the tail","good","-","MRF.slide1_image29.2021_01_06","migration/division perturbed",TRUE,TRUE,FALSE
"MRF.slide1_image3_left.2021_01_06","2021_01_06","Margaux Failla","MRF","slide1_image3_left","yes",69.6,25.3,"-","yes","-","only one group in the trunk - no distance","problem migration and division","enhanced ATM migration / inhibited TVC division","the 2 ATMs migrated with the TVCs in the trunk; one of the TVC didn't divide in the trunk","good","-","MRF.slide1_image3_left.2021_01_06","migration/division perturbed",TRUE,TRUE,FALSE
"MRF.slide1_image3_right.2021_01_06","2021_01_06","Margaux Failla","MRF","slide1_image3_right","yes",65.1,25.3,"-","yes","10.2","-","problem migration and division","enhanced ATM migration / enhanced ATM division","one of the ATM divided in the tail; the other ATM migrated with the TVCs in the trunk","good","-","MRF.slide1_image3_right.2021_01_06","migration/division perturbed",TRUE,TRUE,FALSE
"MRF.slide1_image31.2021_01_06","2021_01_06","Margaux Failla","MRF","slide1_image31","yes",94.8,42.6,"-","yes","17.8","-","problem division","enhanced ATM division","one of the ATM divided in the tail","good","-","MRF.slide1_image31.2021_01_06","division perturbed",FALSE,TRUE,FALSE
"MRF.slide1_image32.2021_01_06","2021_01_06","Margaux Failla","MRF","slide1_image32","yes",91.8,35.4,"-","yes","10.7","-","problem migration and division","enhanced ATM migration / enhanced ATM division","one of the ATM migrated a bit and divided but still with the other ATM in the tail","good","-","MRF.slide1_image32.2021_01_06","migration/division perturbed",TRUE,TRUE,FALSE
"MRF.slide1_image33.2021_01_06","2021_01_06","Margaux Failla","MRF","slide1_image33","yes",87.4,32.3,"-","yes","-","only one group in the trunk - no distance","problem migration and division","enhanced ATM migration / inhibted TVC division","the 2 ATMs migrated with the TVCs in the trunk; the 2 TVCs didn't divide in the trunk","good","-","MRF.slide1_image33.2021_01_06","migration/division perturbed",TRUE,TRUE,FALSE
"MRF.slide1_image40.2021_01_06","2021_01_06","Margaux Failla","MRF","slide1_image40","yes",67.8,37.5,"-","yes","0","groups connected","problem migration and division","enhanced ATM migration / enhanced ATM division","one of the ATM migrated and divided with the TVCs in the trunk, but still attached to the other ATM in the tail","good","-","MRF.slide1_image40.2021_01_06","migration/division perturbed",TRUE,TRUE,FALSE
"MRF.slide1_image46.2021_01_06","2021_01_06","Margaux Failla","MRF","slide1_image46","yes",84.8,40.5,"-","yes","11.1","-","problem division","enhanced ATM division","the 2 ATMs divided in the tail","good","-","MRF.slide1_image46.2021_01_06","division perturbed",FALSE,TRUE,FALSE
"MRF.slide1_image5.2021_01_06","2021_01_06","Margaux Failla","MRF","slide1_image5","yes",83,25.1,"-","yes","0","groups connected","problem migration and division","enhanced ATM migration / inhibited TVC division","one of the ATM migrated with the TVCs in the trunk but still attached to the other ATM in the tail; the 2 TVCs didn't divide in the trunk","good","-","MRF.slide1_image5.2021_01_06","migration/division perturbed",TRUE,TRUE,FALSE
"MRF.slide1_image6.2021_01_06","2021_01_06","Margaux Failla","MRF","slide1_image6","yes",80.8,25.4,"-","yes","10.6","-","problem division","enhanced ATM division / inhibited TVC division","the 2 ATMs divided in the tail; one of the TVC didn't divide in the trunk","good","-","MRF.slide1_image6.2021_01_06","division perturbed",FALSE,TRUE,FALSE
"MRF.slide1_image7.2021_01_06","2021_01_06","Margaux Failla","MRF","slide1_image7","yes",77.7,27.6,"-","yes","39.2","-","problem division","enhanced ATM division","the 2 ATMs divided in the tail","good","-","MRF.slide1_image7.2021_01_06","division perturbed",FALSE,TRUE,FALSE
"MRF.slide1_image9.2021_01_06","2021_01_06","Margaux Failla","MRF","slide1_image9","yes",76.8,27.7,"-","yes","-","only one group in the trunk - no distance","problem migration and division","enhanced ATM migration / enhanced ATM division","the 2 ATMs migrated with the TVCs in the trunk; one of the ATM divided in the trunk","good","-","MRF.slide1_image9.2021_01_06","migration/division perturbed",TRUE,TRUE,FALSE
"MRF.slide2_image1_left.2021_01_06","2021_01_06","Margaux Failla","MRF","slide2_image1_left","yes",90.2,37.4,"-","yes","0","groups connected","problem migration and division","enhanced ATM migration / enhanced ATM division","one of the ATM migrated and divided with the TVCs in the trunk, but still attached to the other ATM in the tail; the other ATM divided in the tail","good","-","MRF.slide2_image1_left.2021_01_06","migration/division perturbed",TRUE,TRUE,FALSE
"MRF.slide2_image1_right.2021_01_06","2021_01_06","Margaux Failla","MRF","slide2_image1_right","yes",75.4,37.4,"-","yes","-","only one group in the trunk - no distance","problem migration and division","enhanced ATM migration / enhanced ATM division","the 2 ATMs migrated and divided with the TVCs in the trunk","good","-","MRF.slide2_image1_right.2021_01_06","migration/division perturbed",TRUE,TRUE,FALSE
"MRF.slide2_image14.2021_01_06","2021_01_06","Margaux Failla","MRF","slide2_image14","yes",78.6,25.4,"-","yes","-","only one group in the trunk - no distance","problem migration and division","enhanced ATM migration / enhanced ATM division","the 2 ATMs migrated and divided with the TVCs in the trunk","good","-","MRF.slide2_image14.2021_01_06","migration/division perturbed",TRUE,TRUE,FALSE
"MRF.slide2_image15.2021_01_06","2021_01_06","Margaux Failla","MRF","slide2_image15","yes",87.3,22.2,"-","yes","30","-","problem division","enhanced ATM division","one of the ATM divided in the tail","good","-","MRF.slide2_image15.2021_01_06","division perturbed",FALSE,TRUE,FALSE
"MRF.slide2_image16.2021_01_06","2021_01_06","Margaux Failla","MRF","slide2_image16","yes",78.4,25,"-","yes","-","only one group in the trunk - no distance","problem migration and division","enhanced ATM migration / enhanced ATM division","the 2 ATMs migrated and divided with the TVCs in the trunk","good","-","MRF.slide2_image16.2021_01_06","migration/division perturbed",TRUE,TRUE,FALSE
"MRF.slide2_image20.2021_01_06","2021_01_06","Margaux Failla","MRF","slide2_image20","yes",90.5,25.4,"-","yes","-","only one group in the trunk - no distance","problem migration","enhanced ATM migration","the 2 ATMs migrated with the TVCs in the trunk","good","-","MRF.slide2_image20.2021_01_06","migration perturbed",TRUE,FALSE,FALSE
"MRF.slide2_image23.2021_01_06","2021_01_06","Margaux Failla","MRF","slide2_image23","yes",80.1,25.1,"-","yes","-","only one group in the trunk - no distance","problem migration and division","enhanced ATM migration / enhanced ATM division","the 2 ATMs migrated with the TVCs in the trunk and one of the ATM divided in the trunk","good","-","MRF.slide2_image23.2021_01_06","migration/division perturbed",TRUE,TRUE,FALSE
"MRF.slide2_image4.2021_01_06","2021_01_06","Margaux Failla","MRF","slide2_image4","yes",85.5,42.3,"-","yes","0","groups connected","problem migration and division","enhanced ATM migration / enhanced ATM division","one of the ATM migrated and divided with the TVCs in the trunk, but still attached to the other ATM in the tail; the other ATM migrated a bit but still in the tail","good","-","MRF.slide2_image4.2021_01_06","migration/division perturbed",TRUE,TRUE,FALSE
"MRF.slide2_image5.2021_01_06","2021_01_06","Margaux Failla","MRF","slide2_image5","yes",70.1,35.2,"-","yes","0","groups connected","problem migration and orientation","enhanced ATM migration / TVC cell alignment","one of the ATM migrated with the TVCs in the trunk, but still attached to the other ATM in the tail; the 2 TVCs divided not in the medio-laterale orientation, so cells are aligned","good","-","MRF.slide2_image5.2021_01_06","migration/orientation perturbed",TRUE,FALSE,TRUE
"MRF.slide2_image6.2021_01_06","2021_01_06","Margaux Failla","MRF","slide2_image6","yes",85,30.2,"-","yes","24.8","-","problem division","enhanced ATM division","the 2 ATMs divided in the tail","good","-","MRF.slide2_image6.2021_01_06","division perturbed",FALSE,TRUE,FALSE
"MRF.slide2_image8.2021_01_06","2021_01_06","Margaux Failla","MRF","slide2_image8","yes",75.1,32.3,"-","yes","10.6","-","problem division","enhanced ATM division","one of the ATM divided in the tail","good","-","MRF.slide2_image8.2021_01_06","division perturbed",FALSE,TRUE,FALSE
"NDE.image1.2020_06_17","2020_06_17","Yelena Bernadskaya","NDE","image1","yes",35,12.2,"-","yes","41.7","-","problem division","inhibited TVC division","one of the TVC didn't divide in the trunk","correct","-","NDE.image1.2020_06_17","division perturbed",FALSE,TRUE,FALSE
"NDE.image12.2020_06_17","2020_06_17","Yelena Bernadskaya","NDE","image12","yes",20.1,16.7,"-","yes","50.2","Distance should be shorter (part of cell not detected in the segmentation)","problem division","inhibited TVC division","the 2 TVCs didn't divided in the trunk","good","A big protrusion from the ATM has not been detected by the segmentation because too thin, so distance calculated is longer","NDE.image12.2020_06_17","division perturbed",FALSE,TRUE,FALSE
"NDE.image14.2020_06_17","2020_06_17","Yelena Bernadskaya","NDE","image14","yes",18.3,9.87,"-","yes","15.5","-","problem migration and division","enhanced ATM migration / enhanced ATM division","one of the ATM migrated in the trunk and divided with the TVCs","correct","-","NDE.image14.2020_06_17","migration/division perturbed",TRUE,TRUE,FALSE
"NDE.image17_left.2020_06_17","2020_06_17","Yelena Bernadskaya","NDE","image17_left","yes",20.6,14.9,"-","yes","24.6","-","problem orientation","TVC cell alignment","one of the TVC divided not in the medio-lateral orientation, so cells are aligned","good","-","NDE.image17_left.2020_06_17","orientation perturbed",FALSE,FALSE,TRUE
"NDE.image17_right.2020_06_17","2020_06_17","Yelena Bernadskaya","NDE","image17_right","yes",20.6,26.4,"-","yes","44.9","-","problem migration and division","inhibited TVC migration / inhibited TVC division","one of the TVC didn't migrate, it stayed in the tail and didn't divide; the other TVC that migrated in the trunk didn't divide","good","-","NDE.image17_right.2020_06_17","migration/division perturbed",TRUE,TRUE,FALSE
"NDE.image18.2020_06_17","2020_06_17","Yelena Bernadskaya","NDE","image18","yes",21.5,22.2,"-","yes","38.3","-","problem division","inhibited TVC division","the 2 TVCs didn't divided in the trunk","good","-","NDE.image18.2020_06_17","division perturbed",FALSE,TRUE,FALSE
"NDE.image3_right.2020_06_17","2020_06_17","Yelena Bernadskaya","NDE","image3_right","yes",25.3,10.6,"-","yes","17.1","-","problem migration and division","enhanced ATM migration / enhanced ATM division","one of the ATM migrated in the trunk and divided with the TVCs","good","-","NDE.image3_right.2020_06_17","migration/division perturbed",TRUE,TRUE,FALSE
"NDE.image9.2020_06_17","2020_06_17","Yelena Bernadskaya","NDE","image9","yes",15.7,14.9,"-","yes","13.2","-","problem division","inhibited TVC division","one of the TVC didn't divide in the trunk","good","-","NDE.image9.2020_06_17","division perturbed",FALSE,TRUE,FALSE
"Paxillin.image14_left.2020_07_14","2020_07_14","Yelena Bernadskaya","Paxillin","image14_left","yes",40.6,26.4,"-","yes","20.8","-","problem division (but not seen in segmentation, nuclei are far enough and so considered as 2 cells)","inhibited TVC division","one of the TVC divided but not completely (but not seen in segmentation, because nuclei are far enough and so considered as 2 cells)","good","the incomplete division is not seen in segmentation, because nuclei are far enough and so considered as 2 cells","Paxillin.image14_left.2020_07_14","division perturbed",FALSE,TRUE,FALSE
"Paxillin.image18_left.2020_07_14","2020_07_14","Yelena Bernadskaya","Paxillin","image18_left","yes",22.9,19.1,"-","yes","34.3","-","problem division","inhibited TVC division","one of the TVC didn't divide in the trunk","correct","Don't see all the ATM cells (image not centered)","Paxillin.image18_left.2020_07_14","division perturbed",FALSE,TRUE,FALSE
"Paxillin.image2.2020_07_14","2020_07_14","Yelena Bernadskaya","Paxillin","image2","yes",13.7,17.8,"-","yes","27.1","bad segmentation - distance should be longer","problem division and orientation","inhibited TVC division / TVC cell alignment","the 2 TVCs didn't divide in the trunk and they are not correctly oriented","not good","Don't see all the ATM cells (image not centered)","Paxillin.image2.2020_07_14","division/orientation perturbed",FALSE,TRUE,TRUE
"Paxillin.image20.2020_07_14","2020_07_14","Yelena Bernadskaya","Paxillin","image20","yes",20.5,15.4,"-","yes","35.5","-","problem division","inhibited TVC division","one of the TVC didn't divide in the trunk","good","-","Paxillin.image20.2020_07_14","division perturbed",FALSE,TRUE,FALSE
"Paxillin.image4.2020_07_14","2020_07_14","Yelena Bernadskaya","Paxillin","image4","yes",25.3,23.4,"-","yes","19.6","-","problem division","inhibited TVC division","one of the TVC didn't divide in the trunk","good","-","Paxillin.image4.2020_07_14","division perturbed",FALSE,TRUE,FALSE
"Paxillin.slide1_image1_right.2019_08_29","2019_08_29","Margaux Failla","Paxillin","slide1_image1_right","yes",110,32.3,"-","yes","8.48","normally the groups are connected","problem migration and division","enhanced ATM migration / enhanced ATM division / inhibited TVC division","one of the ATM migrated and divided in the trunk with the TVCs; one of the TVC didn't divide in the trunk","good","-","Paxillin.slide1_image1_right.2019_08_29","migration/division perturbed",TRUE,TRUE,FALSE
"Paxillin.slide1_image10.2019_08_29","2019_08_29","Margaux Failla","Paxillin","slide1_image10","yes",81,26,"-","yes","20","-","problem migration and division","enhanced ATM migration / enhanced ATM division","one of the ATM migrated and divided in the trunk with the TVCs","good","-","Paxillin.slide1_image10.2019_08_29","migration/division perturbed",TRUE,TRUE,FALSE
"Paxillin.slide1_image18.2019_08_29","2019_08_29","Margaux Failla","Paxillin","slide1_image18","yes",86.3,28,"-","yes","32.3","-","problem division","inhibited TVC division","the 2 TVCs didn't divide in the trunk","good","-","Paxillin.slide1_image18.2019_08_29","division perturbed",FALSE,TRUE,FALSE
"Paxillin.slide1_image25.2019_08_29","2019_08_29","Margaux Failla","Paxillin","slide1_image25","yes",69.4,23.4,"-","yes","28.2","-","problem division","inhibited TVC division","the 2 TVCs didn't divide in the trunk","good","-","Paxillin.slide1_image25.2019_08_29","division perturbed",FALSE,TRUE,FALSE
"Paxillin.slide1_image3_left.2019_08_29","2019_08_29","Margaux Failla","Paxillin","slide1_image3_left","yes",89.7,19.5,"-","yes","-","no distance - only one group in the trunk","problem migration","enhanced ATM migration","the 2 ATMs migrated in the trunk","good","-","Paxillin.slide1_image3_left.2019_08_29","migration perturbed",TRUE,FALSE,FALSE
"Paxillin.slide1_image3_right.2019_08_29","2019_08_29","Margaux Failla","Paxillin","slide1_image3_right","yes",89.7,15,"-","yes","1.59","-","problem migration and division","enhanced ATM migration / enhanced ATM division","one of the ATM migrated and divided in the trunk with the TVCs","good","-","Paxillin.slide1_image3_right.2019_08_29","migration/division perturbed",TRUE,TRUE,FALSE
"Paxillin.slide1_image30_right.2019_08_29","2019_08_29","Margaux Failla","Paxillin","slide1_image30_right","yes",64.9,23.2,"-","yes","25.1","-","problem migration and division","enhanced ATM migration / inhibited TVC division","one of the ATM migrated with the TVCs in the trunk; and one of the TVC didn't divide in the trunk","good","-","Paxillin.slide1_image30_right.2019_08_29","migration/division perturbed",TRUE,TRUE,FALSE
"Paxillin.slide1_image4.2019_08_29","2019_08_29","Margaux Failla","Paxillin","slide1_image4","yes",81.4,27,"-","yes","27.7","-","problem migration and division","enhanced ATM migration / inhibited TVC division","one of the ATM migrated with the TVCs in the trunk; the 2 TVCs didn't divide in the trunk","good","-","Paxillin.slide1_image4.2019_08_29","migration/division perturbed",TRUE,TRUE,FALSE
"Paxillin.slide1_image5.2019_08_29","2019_08_29","Margaux Failla","Paxillin","slide1_image5","yes",61.7,19,"-","yes","49.5","-","problem division","inhibited TVC division","the 2 TVCs didn't divide in the trunk","good","-","Paxillin.slide1_image5.2019_08_29","division perturbed",FALSE,TRUE,FALSE
"Paxillin.slide1_image6.2019_08_29","2019_08_29","Margaux Failla","Paxillin","slide1_image6","yes",72.7,16.7,"-","yes","34.2","-","problem division","inhibited TVC division","the 2 TVCs didn't divide in the trunk","good","-","Paxillin.slide1_image6.2019_08_29","division perturbed",FALSE,TRUE,FALSE
"Paxillin.slide1_image7.2019_08_29","2019_08_29","Margaux Failla","Paxillin","slide1_image7","yes",88.4,22.9,"-","yes","20.2","-","problem division","inhibited TVC division","the 2 TVCs didn't divide in the trunk","good","-","Paxillin.slide1_image7.2019_08_29","division perturbed",FALSE,TRUE,FALSE
"Paxillin.slide2_image1.2019_08_29","2019_08_29","Margaux Failla","Paxillin","slide2_image1","yes",125,46.9,"-","yes","28.1","-","problem orientation","TVC cell alignment","one of the TVC divided not in the medio-lateral orientation, so cells are aligned ","good","-","Paxillin.slide2_image1.2019_08_29","orientation perturbed",FALSE,FALSE,TRUE
"Paxillin.slide2_image15.2019_08_29","2019_08_29","Margaux Failla","Paxillin","slide2_image15","yes",86.7,26,"-","yes","26.6","-","problem division","inhibited TVC division","the 2 TVCs didn't divide in the trunk","good","-","Paxillin.slide2_image15.2019_08_29","division perturbed",FALSE,TRUE,FALSE
"Paxillin.slide2_image17.2019_08_29","2019_08_29","Margaux Failla","Paxillin","slide2_image17","yes",89.7,33.9,"-","yes","2.73","-","problem migration and orientation","enhanced ATM migration / TVC cell alignment","one of the ATM migrated but not completely, and the 2 TVCs divided but not in the medio-lateral orientation","good","-","Paxillin.slide2_image17.2019_08_29","migration/orientation perturbed",TRUE,FALSE,TRUE
"Paxillin.slide2_image18_left.2019_08_29","2019_08_29","Margaux Failla","Paxillin","slide2_image18_left","yes",106,27.8,"-","yes","32.7","-","problem division","inhibited TVC division","the 2 TVCs didn't divide in the trunk","good","-","Paxillin.slide2_image18_left.2019_08_29","division perturbed",FALSE,TRUE,FALSE
"Paxillin.slide2_image18_right.2019_08_29","2019_08_29","Margaux Failla","Paxillin","slide2_image18_right","yes",106,27.8,"-","yes","0","groups connected","problem migration and division","enhanced ATM migration / inhibited TVC division","the ATM migrated a bit in the trunk and still attached to the TVC; and the 2 TVCs didn't divide in the trunk","good","-","Paxillin.slide2_image18_right.2019_08_29","migration/division perturbed",TRUE,TRUE,FALSE
"Paxillin.slide2_image19.2019_08_29","2019_08_29","Margaux Failla","Paxillin","slide2_image19","yes",116,26.6,"-","yes","30.8","-","problem division","inhibited TVC division","one of the TVC didn't divide in the trunk","not good","-","Paxillin.slide2_image19.2019_08_29","division perturbed",FALSE,TRUE,FALSE
"Paxillin.slide2_image2_right.2019_08_29","2019_08_29","Margaux Failla","Paxillin","slide2_image2_right","yes",98.3,44,"-","yes","22.6","-","problem division","enhanced ATM division / inhibited TVC division","one of the ATM divided in the tail; the 2 TVCs didn't divide in the trunk","not good","-","Paxillin.slide2_image2_right.2019_08_29","division perturbed",FALSE,TRUE,FALSE
"Paxillin.slide2_image20.2019_08_29","2019_08_29","Margaux Failla","Paxillin","slide2_image20","yes",74.5,40.5,"-","yes","46.6","-","problem division","inhibited TVC division","one of the TVC didn't divide in the trunk","good","-","Paxillin.slide2_image20.2019_08_29","division perturbed",FALSE,TRUE,FALSE
"Paxillin.slide2_image21_right.2019_08_29","2019_08_29","Margaux Failla","Paxillin","slide2_image21_right","yes",64.8,29,"-","yes","25.7","-","problem migration and division","inhibited TVC migration / inhibited TVC division","one of the TVC didn't migrate, stayed in the tail and didn't divide","correct","-","Paxillin.slide2_image21_right.2019_08_29","migration/division perturbed",TRUE,TRUE,FALSE
"Paxillin.slide2_image23_left.2019_08_29","2019_08_29","Margaux Failla","Paxillin","slide2_image23_left","yes",72.4,39.1,"-","yes","13.3","-","problem division","inhibited TVC division","one of the TVC didn't divide in the trunk","good","-","Paxillin.slide2_image23_left.2019_08_29","division perturbed",FALSE,TRUE,FALSE
"Paxillin.slide2_image25.2019_08_29","2019_08_29","Margaux Failla","Paxillin","slide2_image25","yes",83.2,47,"-","yes","22.8","-","problem division","inhibited TVC division","one of the TVC didn't divide in the trunk","good","-","Paxillin.slide2_image25.2019_08_29","division perturbed",FALSE,TRUE,FALSE
"Paxillin.slide2_image26.2019_08_29","2019_08_29","Margaux Failla","Paxillin","slide2_image26","yes",95.2,47.3,"-","yes","0","groups connected","problem migration and division","enhanced ATM migration / inhibited TVC division","One of the ATM migrated but not completely because attached to the TVCs and still attached to the other ATM, and the 2 TVCs didn't divide in the trunk","correct","-","Paxillin.slide2_image26.2019_08_29","migration/division perturbed",TRUE,TRUE,FALSE
"Paxillin.slide2_image3.2019_08_29","2019_08_29","Margaux Failla","Paxillin","slide2_image3","yes",125,39,"-","yes","44","-","problem division","inhibited TVC division","one of the TVC didn't divide in the trunk","good","-","Paxillin.slide2_image3.2019_08_29","division perturbed",FALSE,TRUE,FALSE
"Paxillin.slide2_image7_left.2019_08_29","2019_08_29","Margaux Failla","Paxillin","slide2_image7_left","yes",80,30.2,"-","yes","20.7","-","problem migration","inhibited TVC migration","one of the TVC didn't migrate, stayed in the tail and divided","good","-","Paxillin.slide2_image7_left.2019_08_29","migration perturbed",TRUE,FALSE,FALSE
"Paxillin.slide2_image8_right.2019_08_29","2019_08_29","Margaux Failla","Paxillin","slide2_image8_right","yes",106,38.9,"-","yes","23.3","-","problem migration and division","inhibited TVC migration / inhibited TVC division","one of the TVC didn't migrate and didn't divide in the tail","good","-","Paxillin.slide2_image8_right.2019_08_29","migration/division perturbed",TRUE,TRUE,FALSE
"Paxillin.slide2_image9.2019_08_29","2019_08_29","Margaux Failla","Paxillin","slide2_image9","yes",100,46.4,"-","yes","20.1","-","problem orientation","TVC cell alignment","the 2 TVCs divided not in the medio-lateral orientation, so all cells are aligned","correct","-","Paxillin.slide2_image9.2019_08_29","orientation perturbed",FALSE,FALSE,TRUE
"Rab5.image1_left.2020_07_23","2020_07_23","Yelena Bernadskaya","Rab5","image1_left","yes",27.7,15,"-","yes","35.3","-","problem division","inhibited TVC division","the 2 TVCs didn't divide in the trunk","good","-","Rab5.image1_left.2020_07_23","division perturbed",FALSE,TRUE,FALSE
"Rab5.image10.2020_07_23","2020_07_23","Yelena Bernadskaya","Rab5","image10","yes",25,25.2,"-","yes","0","-","problem migration and division","enhanced ATM migration / inhibited TVC division","the 2 ATMs migrated with TVCs, still attached to the TVCs and the 2 TVCs didn't divide","correct","-","Rab5.image10.2020_07_23","migration/division perturbed",TRUE,TRUE,FALSE
"Rab5.image11.2020_07_23","2020_07_23","Yelena Bernadskaya","Rab5","image11","yes",32.6,14.5,"-","yes","26","-","problem migration and division","enhanced ATM division / enhanced ATM migration","one of the ATM divided and one of the cell migrated in the trunk with the TVCs","good","Ambiguous phenotype, difficult to identify the cells","Rab5.image11.2020_07_23","migration/division perturbed",TRUE,TRUE,FALSE
"Rab5.image12_left.2020_07_23","2020_07_23","Yelena Bernadskaya","Rab5","image12_left","yes",27.5,9.5,"-","yes","23","-","problem division","inhibited TVC division","the 2 TVCs didn't divide in the trunk","correct","Don't see all the ATM cells (image not centered)","Rab5.image12_left.2020_07_23","division perturbed",FALSE,TRUE,FALSE
"Rab5.image16_left.2020_07_14","2020_07_14","Yelena Bernadskaya","Rab5","image16_left","yes",21.8,30.7,"-","yes","48.5","-","problem division","inhibited TVC division","the 2 TVCs didn't divide in the trunk","correct","-","Rab5.image16_left.2020_07_14","division perturbed",FALSE,TRUE,FALSE
"Rab5.image16_left.2020_07_23","2020_07_23","Yelena Bernadskaya","Rab5","image16_left","yes",27.3,12.3,"-","yes","-","only one group in the trunk - no distance","problem migration and problem disposition TVC","enhanced ATM migration / problem disposition TVC","the 2 ATM migrated with the TVCs in the trunk and the TVCs are not correctly oriented with the other side","not good","Ambiguous phenotype between left and right","Rab5.image16_left.2020_07_23","migration perturbed",TRUE,FALSE,FALSE
"Rab5.image16_right.2020_07_23","2020_07_23","Yelena Bernadskaya","Rab5","image16_right","yes",27.3,17.6,"-","yes","9.89","-","problem migration","enhanced ATM migration","one of the ATM migrated with the TVCs in the trunk","correct","Ambiguous phenotype between left and right; missing a part of the segmentation not detected","Rab5.image16_right.2020_07_23","migration perturbed",TRUE,FALSE,FALSE
"Rab5.image17_left.2020_07_23","2020_07_23","Yelena Bernadskaya","Rab5","image17_left","yes",27.3,18.2,"-","yes","5.52","-","problem migration and division","enhanced ATM migration / inhibited TVC division","the ATMs group migrated a bit in the trunk, and one of the TVC didn't divide in the trunk","good","-","Rab5.image17_left.2020_07_23","migration/division perturbed",TRUE,TRUE,FALSE
"Rab5.image19_left.2020_07_23","2020_07_23","Yelena Bernadskaya","Rab5","image19_left","yes",27.3,22.7,"-","yes","42.9","-","problem division","inhibited TVC division","one of the TVC didn't divide in the trunk and the TVC that divided was not completed but not seen in the segmenation because nuclei far enough from each other so considered as 2 cells","good","the TVC that divided was not completed but not seen the segmentation because the nuclei are enough far from each other so considered as 2 cells","Rab5.image19_left.2020_07_23","division perturbed",FALSE,TRUE,FALSE
"Rab5.image2_left.2020_07_14","2020_07_14","Yelena Bernadskaya","Rab5","image2_left","yes",30.2,18.5,"-","yes","30.7","-","problem division","inhibited TVC division","one of the TVC didn't divide in the trunk","correct","-","Rab5.image2_left.2020_07_14","division perturbed",FALSE,TRUE,FALSE
"Rab5.image2.2020_07_23","2020_07_23","Yelena Bernadskaya","Rab5","image2","yes",30,19.2,"-","yes","41.4","-","problem division","inhibited TVC division","the 2 TVCs didn't divide in the trunk","good","-","Rab5.image2.2020_07_23","division perturbed",FALSE,TRUE,FALSE
"Rab5.image21_right.2020_07_23","2020_07_23","Yelena Bernadskaya","Rab5","image21_right","yes",25.2,17.8,"-","yes","0","groups connected","problem migration and division","enhanced ATM migration / enhanced ATM division / inhibited TVC division","one of the ATM divided and migrated and still attached to the other ATM that migrated a bit; and one of the TVC didn't divide completely but not seen in the segmentation because nuclei are far enough to each other so considered as 2 cells","good","One of the TVC didn't divide completely but not seen in the segmentation because nuclei are far enough to each other so considered as 2 cells","Rab5.image21_right.2020_07_23","migration/division perturbed",TRUE,TRUE,FALSE
"Rab5.image5_left.2020_07_23","2020_07_23","Yelena Bernadskaya","Rab5","image5_left","yes",30.1,20.1,"-","yes","21.2","-","problem division","inhibited TVC division","one of the TVC didn't divide in the trunk","good","-","Rab5.image5_left.2020_07_23","division perturbed",FALSE,TRUE,FALSE
"Rab5.image6_left.2020_07_23","2020_07_23","Yelena Bernadskaya","Rab5","image6_left","yes",25.1,10.7,"-","yes","0","groups connected","problem migration, division and orientation","inhibited TVC migration / inhibited TVC division / TVC cell alignment","the TVCs group didn't migrate enough and didn't separate from the ATMs group; one of the TVC didn't divide in the trunk and the TVC that divided is not in the medio-lateral orientation, so cells aligned","correct","Ambiguous phenotype between left and right","Rab5.image6_left.2020_07_23","migration/division/orientation perturbed",TRUE,TRUE,TRUE
"Rab5.image6_right.2020_07_23","2020_07_23","Yelena Bernadskaya","Rab5","image6_right","yes",25.1,10.7,"-","yes","-","only one group in the trunk - no distance","problem migration and division","enhanced ATM migration / inhibited TVC division","the 2 ATMs migrated in the trunk with the TVCs, and the 2 TVCs didn't divide in the trunk","good","Ambiguous phenotype between left and right","Rab5.image6_right.2020_07_23","migration/division perturbed",TRUE,TRUE,FALSE
"Rab5.image7_left.2020_07_23","2020_07_23","Yelena Bernadskaya","Rab5","image7_left","yes",20.2,12.4,"-","yes","41.3","-","problem migration","enhanced ATM migration","one of the ATM migrated in the trunk with the TVCs","correct","-","Rab5.image7_left.2020_07_23","migration perturbed",TRUE,FALSE,FALSE
"Rab5.image8_left.2020_07_23","2020_07_23","Yelena Bernadskaya","Rab5","image8_left","yes",25.5,17.9,"-","yes","30.4","-","problem division and orientation","enhanced ATM division / TVC cell alignment","one of the ATM divided in the tail; the 2 TVCs divided not in the medio-laterale orientation, so cells are aligned","good","-","Rab5.image8_left.2020_07_23","division/orientation perturbed",FALSE,TRUE,TRUE
"Rab5.image8_right.2020_07_23","2020_07_23","Yelena Bernadskaya","Rab5","image8_right","yes",27.4,14,"-","yes","0","groups connected","problem migration and division","enhanced ATM migration / enhanced ATM division / inhibited TVC division","one of the ATM divided in the tail; the other ATM migrated but not completely, still attached to the other ATM and it divided; the 2 TVCs didn't divide in the trunk","correct","Ambiguous phenotype, difficult to identify the cells","Rab5.image8_right.2020_07_23","migration/division perturbed",TRUE,TRUE,FALSE
"Rabep.image12_left.2020_07_14","2020_07_14","Yelena Bernadskaya","Rabep","image12_left","yes",25.8,15.8,"-","yes","16.9","-","problem division","inhibited TVC division","the 2 TVCs didn't divide in the trunk","good","Ambiguous phenotype between left and right","Rabep.image12_left.2020_07_14","division perturbed",FALSE,TRUE,FALSE
"Rabep.image13.2020_07_14","2020_07_14","Yelena Bernadskaya","Rabep","image13","yes",25.2,14,"-","yes","33.6","-","problem division","inhibited TVC division","one of the TVC didn't divide in the trunk, the other TVC divided but not completely (not seen in the segmentation because the nuclei are far enough so considered as  2 cells)","good","One of the TVC divided but not completely, not seen in the segmentation because the nuclei are far enough so considered as  2 cells","Rabep.image13.2020_07_14","division perturbed",FALSE,TRUE,FALSE
"Rabep.image18_right.2020_07_14","2020_07_14","Yelena Bernadskaya","Rabep","image18_right","yes",10.6,8.83,"-","yes","37.9","-","problem migration and division","enhanced ATM migration / enhanced ATM division","one of the ATM migrated in the trunk and divided with the TVCs","not good","-","Rabep.image18_right.2020_07_14","migration/division perturbed",TRUE,TRUE,FALSE
"Rabep.image3.2020_07_14","2020_07_14","Yelena Bernadskaya","Rabep","image3","yes",25.3,13.5,"-","yes","2.6","-","problem migration, division and orientation","enhanced ATM migration / enhanced ATM division / TVC cell alignment","the 2 ATMs migrated a bit in the trunk and they both divided; the 2 TVCs divided but not in the medio-laterale orientation, so cells are a bit aligned","correct","-","Rabep.image3.2020_07_14","migration/division/orientation perturbed",TRUE,TRUE,TRUE
"Rabep.image4.2020_07_14","2020_07_14","Yelena Bernadskaya","Rabep","image4","yes",23,22.4,"-","yes","21.7","-","problem division","inhibited TVC division","the 2 TVCs didn't divide in the trunk","good","-","Rabep.image4.2020_07_14","division perturbed",FALSE,TRUE,FALSE
"Rabep.image5.2020_07_14","2020_07_14","Yelena Bernadskaya","Rabep","image5","yes",22.3,22.1,"-","yes","24.6","-","problem division and disposition TVC","enhanced ATM division / problem disposition TVC","one of the ATM divided in the tail and the TVCs migrated but separately so there is 2 groups of TVCs in the trunk (also the TVCs are not oriented in the medio-laterale orientation but there is no features to extract this)","good","-","Rabep.image5.2020_07_14","division perturbed",FALSE,TRUE,FALSE
"Rabep.image6.2020_07_14","2020_07_14","Yelena Bernadskaya","Rabep","image6","yes",30.1,12.2,"-","yes","44.1","-","problem migration and division","inhibited TVC migration / inhibited TVC division","one of the TVC didn't migrate and didn't divide in the tail and the other TVC that migrated didn't divide in the trunk","good","-","Rabep.image6.2020_07_14","migration/division perturbed",TRUE,TRUE,FALSE
"Rabep.image8.2020_07_14","2020_07_14","Yelena Bernadskaya","Rabep","image8","yes",27.2,23.3,"-","yes","20.7","-","problem migration","enhanced ATM migration","one of the ATM migrated in the trunk with the TVCs","good","-","Rabep.image8.2020_07_14","migration perturbed",TRUE,FALSE,FALSE
"Rho.image10_left.2020_06_17","2020_06_17","Yelena Bernadskaya","Rho","image10_left","yes",39.1,9.48,"-","yes","39.3","-","problem division","inhibited TVC division","one of the TVC didn't divide in the trunk","good","-","Rho.image10_left.2020_06_17","division perturbed",FALSE,TRUE,FALSE
"Rho.image11_right.2020_06_17","2020_06_17","Yelena Bernadskaya","Rho","image11_right","yes",31.7,12.1,"-","yes","32.9","-","problem division","enhanced ATM division","one of the ATM divided in the tail","good","","Rho.image11_right.2020_06_17","division perturbed",FALSE,TRUE,FALSE
"Rho.image14.2020_06_17","2020_06_17","Yelena Bernadskaya","Rho","image14","yes",49.4,15.4,"-","yes","28","-","problem division (not completed, but not seen in segmentation)","inhibited TVC division","one of the TVC didn't divided completely in the trunk (cells not seperated, but not seen in the segmentation, because considered as 2 cells)","good","Not completed division, but in segmentation considered as 2 cells ","Rho.image14.2020_06_17","division perturbed",FALSE,TRUE,FALSE
"Rho.image16.2020_06_17","2020_06_17","Yelena Bernadskaya","Rho","image16","yes",32.7,16.3,"-","yes","7.54","-","problem division and orientation","enhanced ATM division / TVC cell alignment","one of the ATM divided in the tail; and one of the TVC divided not in the medio-lateral orientation, so cells are aligned","not good","The segmentation of ATM is completely not same as the reality (wrong calculation for the membrane detection)","Rho.image16.2020_06_17","division/orientation perturbed",FALSE,TRUE,TRUE
"Rho.image17_left.2020_06_17","2020_06_17","Yelena Bernadskaya","Rho","image17_left","yes",44.7,18.2,"-","yes","0","groups connected","problem migration and division","enhanced ATM migration / enhanced ATM division / inhibited TVC division","one of the ATM migrated but not completely so attached to the TVCs and also the ATM; this ATM that migrated, divided also; and one of the TVC didn't divide in the trunk","good","-","Rho.image17_left.2020_06_17","migration/division perturbed",TRUE,TRUE,FALSE
"Rho.image17_right.2020_06_17","2020_06_17","Yelena Bernadskaya","Rho","image17_right","yes",44.7,18.2,"-","yes","8.84","-","problem migration and division","enhanced ATM migration / enhanced ATM division","one of the ATM migrated with the TVCs in the trunk; and the ATM that is in the tail divided","good","-","Rho.image17_right.2020_06_17","migration/division perturbed",TRUE,TRUE,FALSE
"Rho.image19_right.2020_06_17","2020_06_17","Yelena Bernadskaya","Rho","image19_right","yes",30,9.07,"-","yes","-","no distance - only one group in the trunk","problem migration and division","enhanced ATM migration / enhanced ATM division","the 2 ATMs migrated in the trunk with the TVCs; and one of the ATM divided","not good","-","Rho.image19_right.2020_06_17","migration/division perturbed",TRUE,TRUE,FALSE
"Rho.image2_left.2020_06_17","2020_06_17","Yelena Bernadskaya","Rho","image2_left","yes",6.26,5.42,"-","yes","26.8","-","problem orientation","TVC cell alignment","the 2 TVCs divided but not in the medio-lateral orientation, so cells are aligned","not good","-","Rho.image2_left.2020_06_17","orientation perturbed",FALSE,FALSE,TRUE
"Rho.image2_right.2020_06_17","2020_06_17","Yelena Bernadskaya","Rho","image2_right","yes",20.9,12.6,"-","yes","27.1","-","problem orientation","TVC cell alignment","one of the TVC divided but not in the medio-lateral orientation, so cells are aligned","correct","-","Rho.image2_right.2020_06_17","orientation perturbed",FALSE,FALSE,TRUE
"Rho.image20.2020_06_17","2020_06_17","Yelena Bernadskaya","Rho","image20","yes",26.3,15.3,"-","yes","27.2","-","problem division","inhibited TVC division","one of the TVC didn't divide in the trunk","not good","-","Rho.image20.2020_06_17","division perturbed",FALSE,TRUE,FALSE
"Rho.image6.2020_06_17","2020_06_17","Yelena Bernadskaya","Rho","image6","yes",19.1,10.2,"-","yes","15.9","-","problem division","enhanced ATM division","one of the ATM divided in the tail (but don't see this additional ATM completely, image not centered)","not good","Image not centered, don't see the additional ATM completely","Rho.image6.2020_06_17","division perturbed",FALSE,TRUE,FALSE
"Rho.image9.2020_06_17","2020_06_17","Yelena Bernadskaya","Rho","image9","yes",39.7,12.7,"-","yes","35.6","-","problem orientation","TVC cell alignment","the FHP are separated so cells are a bit aligned, TVCs divided not completely in the medio-lateral orientiation","good","-","Rho.image9.2020_06_17","orientation perturbed",FALSE,FALSE,TRUE
"Rho.slide1_image11.2020_02_06","2020_02_06","Margaux Failla","Rho","slide1_image11","yes",105,40,"-","yes","34.6","-","problem division","inhibited TVC division","one of the TVC didn't divide in the trunk","good","-","Rho.slide1_image11.2020_02_06","division perturbed",FALSE,TRUE,FALSE
"Rho.slide1_image13_left.2020_02_06","2020_02_06","Margaux Failla","Rho","slide1_image13_left","yes",105,40,"-","yes","26","-","problem migration and division","inhibited TVC migration / inhibited TVC division","one of the TVC stayed in the tail and didn't divide","good","-","Rho.slide1_image13_left.2020_02_06","migration/division perturbed",TRUE,TRUE,FALSE
"Rho.slide1_image16.2020_02_06","2020_02_06","Margaux Failla","Rho","slide1_image16","yes",110,42,"-","yes","43.2","-","problem orientation","TVC cell alignment","one of the TVC divide not in the medio lateral orientation, so cells aligned","good","-","Rho.slide1_image16.2020_02_06","orientation perturbed",FALSE,FALSE,TRUE
"Rho.slide1_image24_right.2020_02_06","2020_02_06","Margaux Failla","Rho","slide1_image24_right","yes",120,50,"-","yes","18.9","-","problem migration and division","inhibited TVC migration / inhibited TVC division","one of the TVC stayed in the tail and didn't divide","good","-","Rho.slide1_image24_right.2020_02_06","migration/division perturbed",TRUE,TRUE,FALSE
"Rho.slide1_image28_left.2020_02_06","2020_02_06","Margaux Failla","Rho","slide1_image28_left","yes",90,33.9,"-","yes","19.2","-","problem migration and division","inhibited TVC migration / inhibited TVC division","one of the TVC stayed in the tail and didn't divide","good","-","Rho.slide1_image28_left.2020_02_06","migration/division perturbed",TRUE,TRUE,FALSE
"Rho.slide1_image29_left.2020_02_06","2020_02_06","Margaux Failla","Rho","slide1_image29_left","yes",115,30,"-","yes","0","groups connected","problem migration and division","inhibited TVC migration / inhibited TVC division","one of the TVC didn't migrate completely and didn't divide","not good","-","Rho.slide1_image29_left.2020_02_06","migration/division perturbed",TRUE,TRUE,FALSE
"Rho.slide1_image3.2020_02_06","2020_02_06","Margaux Failla","Rho","slide1_image3","yes",90,47,"-","yes","17.8","-","problem division","inhibited TVC division","one of the TVC didn't divide in the trunk","good","-","Rho.slide1_image3.2020_02_06","division perturbed",FALSE,TRUE,FALSE
"Rho.slide1_image30_left.2020_02_06","2020_02_06","Margaux Failla","Rho","slide1_image30_left","yes",86.3,27.6,"-","yes","23.8","-","problem orientation","TVC cell alignment","the 2 TVCs seems to divide not in medio-lateral orientation, cells are a bit aligned","good","-","Rho.slide1_image30_left.2020_02_06","orientation perturbed",FALSE,FALSE,TRUE
"Rho.slide2_image1.2020_02_06","2020_02_06","Margaux Failla","Rho","slide2_image1","yes",145,43.1,"-","yes","2.41","-","problem migration and division","inhibited TVC migration / inhibited TVC division","the migration was not completed for one of the TVC and it didn't divide","good","-","Rho.slide2_image1.2020_02_06","migration/division perturbed",TRUE,TRUE,FALSE
"Rho.slide2_image13_right.2020_02_06","2020_02_06","Margaux Failla","Rho","slide2_image13_right","yes",100,35,"-","yes","23.7","-","problem division","enhanced ATM division","one of the ATM divided in the tail","good","-","Rho.slide2_image13_right.2020_02_06","division perturbed",FALSE,TRUE,FALSE
"Rho.slide2_image19.2020_02_06","2020_02_06","Margaux Failla","Rho","slide2_image19","yes",130,30,"-","yes","0","groups connected","problem migration","enhanced ATM migration","one of the ATM migrated in the trunk and the migration was not completed, the groups of cells are not separated","good","-","Rho.slide2_image19.2020_02_06","migration perturbed",TRUE,FALSE,FALSE
"Rho.slide2_image20_left.2020_02_06","2020_02_06","Margaux Failla","Rho","slide2_image20_left","yes",80.6,32,"-","yes","0","groups connected","problem migration","enhanced ATM migration","one of the ATM migrated in the trunk and the migration was not completed, the groups of cells are not separated","good","-","Rho.slide2_image20_left.2020_02_06","migration perturbed",TRUE,FALSE,FALSE
"Rho.slide2_image21.2020_02_06","2020_02_06","Margaux Failla","Rho","slide2_image21","yes",110,32.1,"-","yes","0","groups connected","problem migration and division","enhanced ATM migration / enhanced ATM division","one of the ATM divided and migrated but not completely, so the groups of cells are not serparated","correct","-","Rho.slide2_image21.2020_02_06","migration/division perturbed",TRUE,TRUE,FALSE
"Rho.slide2_image22.2020_02_06","2020_02_06","Margaux Failla","Rho","slide2_image22","yes",110,27,"-","yes","6.03","-","problem migration and division","enhanced ATM migration / enhanced ATM division","one of the ATM migrated in the trunk and divided ","good","-","Rho.slide2_image22.2020_02_06","migration/division perturbed",TRUE,TRUE,FALSE
"Rho.slide2_image3.2020_02_06","2020_02_06","Margaux Failla","Rho","slide2_image3","yes",135,45.2,"-","yes","44.3","-","problem orientation","TVC cell alignment","the 2 TVC divided not in the medio lateral orientation, so cells are a bit aligned","good","-","Rho.slide2_image3.2020_02_06","orientation perturbed",FALSE,FALSE,TRUE
"Rho.slide2_image5.2020_02_06","2020_02_06","Margaux Failla","Rho","slide2_image5","yes",105,43,"-","yes","32","-","problem migration and division","enhanced ATM migration / inhibited TVC division","one of the ATM migrated in the trunk and one of the TVC didn't divide in the trunk ","good","-","Rho.slide2_image5.2020_02_06","migration/division perturbed",TRUE,TRUE,FALSE
"Rho.slide2_image6_left.2020_02_06","2020_02_06","Margaux Failla","Rho","slide2_image6_left","yes",100,52.2,"-","yes","13.9","-","problem migration, division and orientation","inhibited TVC migration / inhibited TVC division / TVC cell alignment","one of the TVC stayed in the tail and didn't divide and the TVC in the trunk divided not in the medio-lateral orientation","good","-","Rho.slide2_image6_left.2020_02_06","migration/division/orientation perturbed",TRUE,TRUE,TRUE
"Rho.slide2_image9.2020_02_06","2020_02_06","Margaux Failla","Rho","slide2_image9","yes",120,55,"-","yes","27.6","-","problem orientation","TVC cell alignment","the 2 TVC divided not in the medio lateral orientation, so cells are a bit aligned","good","-","Rho.slide2_image9.2020_02_06","orientation perturbed",FALSE,FALSE,TRUE
"RNF149.image10.2021_02_24","2021_02_24","Margaux Failla","RNF149","image10","yes",91.3,42.9,"-","yes","15","-","problem migration and division","inhibited TVC migration / inhibited TVC division","one of the TVC didn't migrate but divided and stayed with the ATMs in the tail; the other TVC migrated but didn't divide in the trunk","good","-","RNF149.image10.2021_02_24","migration/division perturbed",TRUE,TRUE,FALSE
"RNF149.image14_left.2021_02_24","2021_02_24","Margaux Failla","RNF149","image14_left","yes",80.2,30,"-","yes","17.4","-","problem migration and division","inhibited TVC migration / inhibited TVC division","one of the TVC didn't migrate in the trunk and didn't divide, it stayed with the ATMs in the tail","good","-","RNF149.image14_left.2021_02_24","migration/division perturbed",TRUE,TRUE,FALSE
"RNF149.image14_right.2021_02_24","2021_02_24","Margaux Failla","RNF149","image14_right","yes",94.3,37.6,"-","yes","4.15","-","problem division","inhibited TVC division","one of the TVC didn't divide in the trunk","good","-","RNF149.image14_right.2021_02_24","division perturbed",FALSE,TRUE,FALSE
"RNF149.image18_left.2021_02_24","2021_02_24","Margaux Failla","RNF149","image18_left","yes",66,26.2,"-","yes","26.8","-","problem orientation","TVC cell alignment","one of the TVC divided not in the medio-laterale orientation, so cells are a bit aligned","good","-","RNF149.image18_left.2021_02_24","orientation perturbed",FALSE,FALSE,TRUE
"RNF149.image19.2021_02_24","2021_02_24","Margaux Failla","RNF149","image19","yes",91,40.2,"-","yes","1.91","-","problem migration","inhibited TVC migration","one of the TVC didn't migrate in the trunk but divided, it stayed with the ATMs in the tail","good","-","RNF149.image19.2021_02_24","migration perturbed",TRUE,FALSE,FALSE
"RNF149.image2_right.2021_02_24","2021_02_24","Margaux Failla","RNF149","image2_right","yes",70.5,35.4,"-","yes","30.8","-","problem division","inhibited TVC division","one of the TVC didn't divide in the trunk","good","-","RNF149.image2_right.2021_02_24","division perturbed",FALSE,TRUE,FALSE
"RNF149.image22_right.2021_02_24","2021_02_24","Margaux Failla","RNF149","image22_right","yes",80,32.7,"-","yes","25.5","-","problem migration and division","inhibited TVC migration / inhibited TVC division","one of the TVC didn't migrate in the trunk and didn't divide, it stayed with the ATMs in the tail; the other TVC didn't divide in the trunk","good","-","RNF149.image22_right.2021_02_24","migration/division perturbed",TRUE,TRUE,FALSE
"RNF149.image26.2021_02_24","2021_02_24","Margaux Failla","RNF149","image26","yes",92,40.5,"-","yes","-","only one group in the tail - no distance","problem migration and division","inhibited TVC migration / inhibited TVC division","the 2 TVCs didn't migrate and stayed with the ATMs in the tail; one of the TVC didn't divide. ","good","-","RNF149.image26.2021_02_24","migration/division perturbed",TRUE,TRUE,FALSE
"RNF149.image27_right.2021_02_24","2021_02_24","Margaux Failla","RNF149","image27_right","yes",82.8,40.3,"-","yes","20.7","-","problem migration and division","inhibited TVC migration / inhibited TVC division","one of the TVC didn't migrate and didn't divide, it stayed with the ATMs in the tail","good","-","RNF149.image27_right.2021_02_24","migration/division perturbed",TRUE,TRUE,FALSE
"RNF149.image29.2021_02_24","2021_02_24","Margaux Failla","RNF149","image29","yes",80.2,40.5,"-","yes","14.2","-","problem division","inhibited TVC division","one of the TVC didn't divide in the trunk","good","-","RNF149.image29.2021_02_24","division perturbed",FALSE,TRUE,FALSE
"RNF149.image31_left.2021_02_24","2021_02_24","Margaux Failla","RNF149","image31_left","yes",89.8,35.6,"-","yes","11.7","-","problem division","inhibited TVC division","one of the TVC didn't divide in the trunk","good","-","RNF149.image31_left.2021_02_24","division perturbed",FALSE,TRUE,FALSE
"RNF149.image32_right.2021_02_24","2021_02_24","Margaux Failla","RNF149","image32_right","yes",82.4,32.5,"-","yes","10.1","-","problem division","inhibited TVC division","one of the TVC didn't divide in the trunk","good","-","RNF149.image32_right.2021_02_24","division perturbed",FALSE,TRUE,FALSE
"RNF149.image33_left.2021_02_24","2021_02_24","Margaux Failla","RNF149","image33_left","yes",73.6,27.5,"-","yes","22.6","-","problem division","inhibited TVC division","one of the TVC didn't divide in the trunk","good","-","RNF149.image33_left.2021_02_24","division perturbed",FALSE,TRUE,FALSE
"RNF149.image35.2021_02_24","2021_02_24","Margaux Failla","RNF149","image35","yes",86.8,45.4,"-","yes","4.54","-","problem migration and division","enhanced ATM migration / inhibited TVC division","the 2 ATMs migrated a bit in the trunk but they are still in the tail; the 2 TVCs didn't divide in the trunk","good","-","RNF149.image35.2021_02_24","migration/division perturbed",TRUE,TRUE,FALSE
"RNF149.image38.2021_02_24","2021_02_24","Margaux Failla","RNF149","image38","yes",87.8,30.5,"-","yes","23.3","-","problem division","inhibited TVC division","the 2 TVCs didn't divide in the trunk","good","-","RNF149.image38.2021_02_24","division perturbed",FALSE,TRUE,FALSE
"RNF149.image4.2021_02_24","2021_02_24","Margaux Failla","RNF149","image4","yes",70.5,42.4,"-","yes","0","groups connected","problem migration and division","inhibited TVC migration / inhibited TVC division","one of the TVC didn't migrate, didn't divide and stayed with the ATM in the tail and still connected to the other TVC that migrated in the trunk; the TVC that migrated didn't divide","good","-","RNF149.image4.2021_02_24","migration/division perturbed",TRUE,TRUE,FALSE
"RNF149.image45_right.2021_02_24","2021_02_24","Margaux Failla","RNF149","image45_right","yes",68.4,35.5,"-","yes","28.6","-","problem division","inhibited TVC division","the 2 TVCs didn't divide in the trunk","good","-","RNF149.image45_right.2021_02_24","division perturbed",FALSE,TRUE,FALSE
"RNF149.image46.2021_02_24","2021_02_24","Margaux Failla","RNF149","image46","yes",82.2,40.4,"-","yes","31.7","-","problem division","inhibited TVC division","the 2 TVCs didn't divide in the trunk","good","-","RNF149.image46.2021_02_24","division perturbed",FALSE,TRUE,FALSE
"RNF149.image5_left.2021_02_24","2021_02_24","Margaux Failla","RNF149","image5_left","yes",67.9,38.2,"-","yes","0","groups connected","problem division","inhibited TVC division","one of the TVC didn't divide in the trunk","good","-","RNF149.image5_left.2021_02_24","division perturbed",FALSE,TRUE,FALSE
"RNF149.image50_left.2021_02_24","2021_02_24","Margaux Failla","RNF149","image50_left","yes",82.7,25.3,"-","yes","12.8","-","problem migration and division","enhanced ATM migration / enhanced ATM division","one of the ATM migrated and divided with the TVCs in the trunk","good","-","RNF149.image50_left.2021_02_24","migration/division perturbed",TRUE,TRUE,FALSE
"RNF149.image50_right.2021_02_24","2021_02_24","Margaux Failla","RNF149","image50_right","yes",72.1,35.1,"-","yes","25","-","problem division","inhibited TVC division","one of the TVC didn't divide in the trunk","good","-","RNF149.image50_right.2021_02_24","division perturbed",FALSE,TRUE,FALSE
"RNF149.image7.2021_02_24","2021_02_24","Margaux Failla","RNF149","image7","yes",86,32.2,"-","yes","13.6","-","problem division","inhibited TVC division","one of the TVC didn't divide in the trunk","good","-","RNF149.image7.2021_02_24","division perturbed",FALSE,TRUE,FALSE
"RNF149.image8_right.2021_02_24","2021_02_24","Margaux Failla","RNF149","image8_right","yes",80.2,32.3,"-","yes","17","-","problem migration and division","inhibited TVC migraion / inhibited TVC division","one of the TVC didn't migrate and didn't divide, it stayed in the tail with the ATMs","good","-","RNF149.image8_right.2021_02_24","migration/division perturbed",TRUE,TRUE,FALSE
"RNF149.image9_left.2021_02_24","2021_02_24","Margaux Failla","RNF149","image9_left","yes",92.3,45.2,"-","yes","0","groups connected","problem migration and division","enhanced ATM migration / inhibited TVC division","the 2 ATMs migrated a bit in the trunk and still attached to the TVCs; the 2 TVCs didn't divide in the trunk","good","-","RNF149.image9_left.2021_02_24","migration/division perturbed",TRUE,TRUE,FALSE
"RNF149.image9_right.2021_02_24","2021_02_24","Margaux Failla","RNF149","image9_right","yes",92.3,45.2,"-","yes","12.1","-","problem division","inhibited TVC division","one of the TVC didn't divide in the trunk","good","-","RNF149.image9_right.2021_02_24","division perturbed",FALSE,TRUE,FALSE
"Rock.image1_left.2020_07_14","2020_07_14","Yelena Bernadskaya","Rock","image1_left","yes",22.4,12.3,"-","yes","27.9","-","problem division","inhibited TVC division","one of the TVC didn""t divide in the trunk","good","Don't see all the ATM cells (image not centered)","Rock.image1_left.2020_07_14","division perturbed",FALSE,TRUE,FALSE
"Rock.image1_right.2020_07_23","2020_07_23","Yelena Bernadskaya","Rock","image1_right","yes",22.5,13.6,"-","yes","45.9","-","problem division","inhibited TVC division","one of the TVC didn't divide in the trunk","good","-","Rock.image1_right.2020_07_23","division perturbed",FALSE,TRUE,FALSE
"Rock.image12.2020_07_14","2020_07_14","Yelena Bernadskaya","Rock","image12","yes",21.2,14,"-","yes","9.54","-","problem division","inhibited TVC division","the 2 TVCs didn't divide in the trunk","not good","Don't see all the ATM cells (image not centered)","Rock.image12.2020_07_14","division perturbed",FALSE,TRUE,FALSE
"Rock.image15.2020_07_14","2020_07_14","Yelena Bernadskaya","Rock","image15","yes",20.4,22.1,"-","yes","38.4","-","problem orientation","TVC cell alignment","one of the TVC divided but not in the medio-lateral orientation, so cells are aligned","good","-","Rock.image15.2020_07_14","orientation perturbed",FALSE,FALSE,TRUE
"Rock.image2.2020_07_14","2020_07_14","Yelena Bernadskaya","Rock","image2","yes",18.2,7.22,"-","yes","34.1","-","problem division","inhibited TVC division","the 2 TVCs didn't divide in the trunk","not good","-","Rock.image2.2020_07_14","division perturbed",FALSE,TRUE,FALSE
"Rock.image2.2020_07_23","2020_07_23","Yelena Bernadskaya","Rock","image2","yes",30,9,"-","yes","-","only one group in the trunk - no distance","problem migration and division","enhanced ATM migration / inhibited TVC division","the 2 ATMs migrated in the trunk with the TVCs, one of the TVC didn't divide and the other TVC divided but not completely (but not seen in the segmentation because nuclei are far enough so considered as 2 cells)","good","TVC divided but not completely and not seen in the segmentation because the nuclei are far enough so considered as 2 cells","Rock.image2.2020_07_23","migration/division perturbed",TRUE,TRUE,FALSE
"Rock.image3.2020_07_14","2020_07_14","Yelena Bernadskaya","Rock","image3","yes",25.2,20.4,"-","yes","34.1","-","problem migration and division","enhanced ATM division / inhibited TVC migration / inhibited TVC division","the 2 ATMs divided in the tail; and one of the TVC didn't migrate and didn't divide in the tail, and the other TVC that migrated didn't divide in the trunk","good","Ambiguous phenotype because difficult to identify the cells; Don't see all the ATM cell (image not centered)","Rock.image3.2020_07_14","migration/division perturbed",TRUE,TRUE,FALSE
"Rock.image5.2020_07_14","2020_07_14","Yelena Bernadskaya","Rock","image5","yes",22.4,11.2,"-","yes","52.3","-","problem division","inhibited TVC division","the 2 TVCs didn't divide in the trunk","not good","-","Rock.image5.2020_07_14","division perturbed",FALSE,TRUE,FALSE
"Rock.image6_left.2020_07_23","2020_07_23","Yelena Bernadskaya","Rock","image6_left","yes",20.2,9.54,"-","yes","18.3","not correctly segmented - distance should be longer","problem division","inhibited TVC division","the 2 TVCs didn't divide in the trunk","not good","Ambiguous phenotype between left and right","Rock.image6_left.2020_07_23","division perturbed",FALSE,TRUE,FALSE
"Rock.image7_right.2020_07_23","2020_07_23","Yelena Bernadskaya","Rock","image7_right","yes",17.5,19.2,"-","yes","30.6","-","problem migration and division","enhanced ATM migration / enhanced ATM division","one of the ATM migrated and divided in the trunk with the TVCs","good","-","Rock.image7_right.2020_07_23","migration/division perturbed",TRUE,TRUE,FALSE
"TLE.image14.2021_02_24","2021_02_24","Margaux Failla","TLE","image14","yes",77.3,22.9,"-","yes","23.4","-","problem division and orientation","enhanced ATM division / TVC cell alignment","one of the ATM divided in the tail; one of the TVC divided but not in the medio-laterale orientation, so cells are a bit aligned","good","-","TLE.image14.2021_02_24","division/orientation perturbed",FALSE,TRUE,TRUE
"TLE.image2.2021_02_24","2021_02_24","Margaux Failla","TLE","image2","yes",75.3,27.7,"-","yes","1.95","-","problem migration","enhanced ATM migration","one of the ATM migrated in the trunk but it is still a bit attached to the other ATM in the tail","good","-","TLE.image2.2021_02_24","migration perturbed",TRUE,FALSE,FALSE
"TLE.image20_right.2021_02_24","2021_02_24","Margaux Failla","TLE","image20_right","yes",80.2,30.3,"-","yes","0","groups connected","problem migration and division","enhanced ATM migration / enhanced ATM division","one of the ATM migrated and divided with the TVCs in the trunk but still attached to the other ATM in the tail","good","-","TLE.image20_right.2021_02_24","migration/division perturbed",TRUE,TRUE,FALSE
"TLE.image23_left.2021_02_24","2021_02_24","Margaux Failla","TLE","image23_left","yes",87.5,30.3,"-","yes","9.77","-","problem division and migration","enhanced ATM division / enhanced ATM migration","one of the ATM divided in the tail, and one of the cells migrated a bit in the trunk but still attached to the other ATMs in the tail","good","-","TLE.image23_left.2021_02_24","migration/division perturbed",TRUE,TRUE,FALSE
"TLE.image25_right.2021_02_24","2021_02_24","Margaux Failla","TLE","image25_right","yes",75.2,27.3,"-","yes","44.6","-","problem migration and division","enhanced ATM migration / enhanced ATM division","one of the ATM migrated and divided with the TVCs in the trunk","good","-","TLE.image25_right.2021_02_24","migration/division perturbed",TRUE,TRUE,FALSE
"TLE.image28_left.2021_02_24","2021_02_24","Margaux Failla","TLE","image28_left","yes",83.2,43.3,"-","yes","36.4","-","problem migration and division","inhibited TVC migration / inhibition TVC division","one of the TVC didn't migrate and didn't divide, it stayed with the ATMs in the tail","good","-","TLE.image28_left.2021_02_24","migration/division perturbed",TRUE,TRUE,FALSE
"TLE.image28_right.2021_02_24","2021_02_24","Margaux Failla","TLE","image28_right","yes",83.2,43.3,"-","yes","35.3","-","problem migration and division","inhibited TVC migration / inhibition TVC division","one of the TVC didn't migrate and didn't divide, it stayed with the ATMs in the tail","good","-","TLE.image28_right.2021_02_24","migration/division perturbed",TRUE,TRUE,FALSE
"TLE.image30_left.2021_02_24","2021_02_24","Margaux Failla","TLE","image30_left","yes",95.4,32.8,"-","yes","15.2","-","problem division","inhibited TVC division","one of the TVC didn't divide in the trunk","good","-","TLE.image30_left.2021_02_24","division perturbed",FALSE,TRUE,FALSE
"TLE.image31_left.2021_02_24","2021_02_24","Margaux Failla","TLE","image31_left","yes",77.1,35.3,"-","yes","21.4","-","problem migration","enhanced ATM migration","one of the ATM migrated with the TVCs in the trunk","good","-","TLE.image31_left.2021_02_24","migration perturbed",TRUE,FALSE,FALSE
"TLE.image4_right.2021_02_24","2021_02_24","Margaux Failla","TLE","image4_right","yes",88,35.4,"-","yes","20.8","-","problem migration and division","inhibited TVC migration / inhibited TVC division","one of the TVC didn't migrate and didn't divide, it stayed with the ATMs in the tail","good","-","TLE.image4_right.2021_02_24","migration/division perturbed",TRUE,TRUE,FALSE
"TLE.image41_left.2021_02_24","2021_02_24","Margaux Failla","TLE","image41_left","yes",83,30.6,"-","yes","32.4","-","problem migration and division","enhanced ATM migration / enhanced ATM division","one of the ATM migrated and divided with the TVCs in the trunk","good","-","TLE.image41_left.2021_02_24","migration/division perturbed",TRUE,TRUE,FALSE
"TLE.image43_right.2021_02_24","2021_02_24","Margaux Failla","TLE","image43_right","yes",91,27.7,"-","yes","12.9","-","problem division","inhibited TVC division","one of the TVC didn't divide in the trunk","good","-","TLE.image43_right.2021_02_24","division perturbed",FALSE,TRUE,FALSE
"TLE.image44_left.2021_02_24","2021_02_24","Margaux Failla","TLE","image44_left","yes",75.8,25.4,"-","yes","0","groups connected","problem migration and division","enhanced ATM migration / enhanced TVC division","one of the ATM migrated with the TVCs in the trunk but still attached to the other ATM in the tail; one of the TVC started to divide for the second division, nuclei are a bit separated but they are still in the same cell (not seen in the segmentation)","good","-","TLE.image44_left.2021_02_24","migration/division perturbed",TRUE,TRUE,FALSE
"TLE.image5_right.2021_02_24","2021_02_24","Margaux Failla","TLE","image5_right","yes",85.8,27.5,"-","yes","44.9","-","problem division","enhanced ATM division","one of the ATM divided in the tail","good","-","TLE.image5_right.2021_02_24","division perturbed",FALSE,TRUE,FALSE
"TLE.image7_right.2021_02_24","2021_02_24","Margaux Failla","TLE","image7_right","yes",72.6,25.2,"-","yes","36.8","distance should be shorter (missing a part of the cell in the segmentation)","problem migration","enhanced ATM migration","one of the ATM migrated with the TVCs in the trunk","good","-","TLE.image7_right.2021_02_24","migration perturbed",TRUE,FALSE,FALSE
"TLE.image8_right.2021_02_24","2021_02_24","Margaux Failla","TLE","image8_right","yes",60.7,27.6,"-","yes","51","-","problem migration and division","enhanced ATM migration / enhanced ATM division","one of the ATM migrated and divided with the TVCs in the trunk","good","-","TLE.image8_right.2021_02_24","migration/division perturbed",TRUE,TRUE,FALSE
"Tol.slide1_image11_left.2020_11_05","2020_11_05","Margaux Failla","Tol","slide1_image11_left","yes",72,30,"-","yes","31.7","distance should be shorter - missing a part of the ATM cell in the segmentation","problem migration and division","enhanced ATM migration / enhanced ATM division","one of the ATM migrated and divided with the TVCs in the trunk","correct","-","Tol.slide1_image11_left.2020_11_05","migration/division perturbed",TRUE,TRUE,FALSE
"Tol.slide1_image11_right.2020_11_05","2020_11_05","Margaux Failla","Tol","slide1_image11_right","yes",85.5,32.7,"-","yes","40.8","-","problem division","enhanced ATM division","one of the ATM divided in the tail","good","-","Tol.slide1_image11_right.2020_11_05","division perturbed",FALSE,TRUE,FALSE
"Tol.slide1_image12_left.2020_11_04","2020_11_04","Margaux Failla","Tol","slide1_image12_left","yes",78.6,25.4,"-","yes","22.1","-","problem division","inhibited TVC division","one of the TVC didn't divide in the trunk","correct","-","Tol.slide1_image12_left.2020_11_04","division perturbed",FALSE,TRUE,FALSE
"Tol.slide1_image13_right.2020_11_05","2020_11_05","Margaux Failla","Tol","slide1_image13_right","yes",87,30.3,"-","yes","5.75","-","problem migration","enhanced ATM migration","one of the ATM migrated with the TVCs in the trunk","good","-","Tol.slide1_image13_right.2020_11_05","migration perturbed",TRUE,FALSE,FALSE
"Tol.slide1_image13.2020_11_04","2020_11_04","Margaux Failla","Tol","slide1_image13","yes",73.6,20.3,"-","yes","49.3","-","problem migration","enhanced ATM migration","one of the ATM migrated with the TVCs in the trunk","good","-","Tol.slide1_image13.2020_11_04","migration perturbed",TRUE,FALSE,FALSE
"Tol.slide1_image15_right.2020_11_04","2020_11_04","Margaux Failla","Tol","slide1_image15_right","yes",80.2,20.4,"-","yes","0","groups connected","problem migration","enhanced ATM migration","one of the ATM migrated with the TVCs in the trunk but still attached to the other ATM in the tail","correct","the segmentation doesn't follow correctly the signal of the membrane","Tol.slide1_image15_right.2020_11_04","migration perturbed",TRUE,FALSE,FALSE
"Tol.slide1_image17.2020_11_05","2020_11_05","Margaux Failla","Tol","slide1_image17","yes",80.2,30.8,"-","yes","-","only one group in the trunk - no distance","problem migration","enhanced ATM migration","the 2 ATMs migrated with the TVCs in the trunk","good","-","Tol.slide1_image17.2020_11_05","migration perturbed",TRUE,FALSE,FALSE
"Tol.slide1_image2.2020_11_04","2020_11_04","Margaux Failla","Tol","slide1_image2","yes",77.4,27.4,"-","yes","-","only one group in the trunk - no distance","problem migration and division","enhanced ATM migration / enhanced ATM division","the 2 ATMs migrated and divided with the TVCs in the trunk","good","-","Tol.slide1_image2.2020_11_04","migration/division perturbed",TRUE,TRUE,FALSE
"Tol.slide1_image20.2020_11_05","2020_11_05","Margaux Failla","Tol","slide1_image20","yes",80.3,47.3,"-","yes","27.3","-","problem migration","enhanced ATM migration","one of the ATM migrated with the TVCs in the trunk","good","-","Tol.slide1_image20.2020_11_05","migration perturbed",TRUE,FALSE,FALSE
"Tol.slide1_image21_right.2020_11_05","2020_11_05","Margaux Failla","Tol","slide1_image21_right","yes",75,37.5,"-","yes","24.2","-","problem migration","enhanced ATM migration","one of the ATM migrated with the TVCs in the trunk","good","-","Tol.slide1_image21_right.2020_11_05","migration perturbed",TRUE,FALSE,FALSE
"Tol.slide1_image23.2020_11_05","2020_11_05","Margaux Failla","Tol","slide1_image23","yes",82.9,31.4,"-","yes","31.1","-","problem migration and division","enhanced ATM migration / enhanced ATM division","one of the ATM migrated and divided with the TVCs in the trunk","good","-","Tol.slide1_image23.2020_11_05","migration/division perturbed",TRUE,TRUE,FALSE
"Tol.slide1_image24_right.2020_11_04","2020_11_04","Margaux Failla","Tol","slide1_image24_right","yes",65.2,24.9,"-","yes","30.8","-","problem division","inhibited TVC division","the 2 TVCs didn't divide in the trunk","good","-","Tol.slide1_image24_right.2020_11_04","division perturbed",FALSE,TRUE,FALSE
"Tol.slide1_image26.2020_11_05","2020_11_05","Margaux Failla","Tol","slide1_image26","yes",76,35.4,"-","yes","-","only one group in the trunk - no distance","problem migration and division","enhanced ATM migration / inhibited TVC division","the 2 ATMs migrated with the TVCs in the trunk; one of the TVCs didn't divide in the trunk","good","-","Tol.slide1_image26.2020_11_05","migration/division perturbed",TRUE,TRUE,FALSE
"Tol.slide1_image27.2020_11_05","2020_11_05","Margaux Failla","Tol","slide1_image27","yes",68.3,32.7,"-","yes","-","only one group in the trunk - no distance","problem migration and division","enhanced ATM migration / inhibited TVC division","the 2 ATMs migrated with the TVCs in the trunk; one of the TVCs didn't divide in the trunk","good","-","Tol.slide1_image27.2020_11_05","migration/division perturbed",TRUE,TRUE,FALSE
"Tol.slide1_image31_left.2020_11_05","2020_11_05","Margaux Failla","Tol","slide1_image31_left","yes",75.1,32.5,"-","yes","-","only one group in the trunk - no distance","problem migration and division","enhanced ATM migration / enhanced ATM division","the 2 ATMs migrated and one of them divided with the TVCs in the trunk","good","-","Tol.slide1_image31_left.2020_11_05","migration/division perturbed",TRUE,TRUE,FALSE
"Tol.slide1_image32.2020_11_04","2020_11_04","Margaux Failla","Tol","slide1_image32","yes",82.5,20.2,"-","yes","5.63","-","problem migration and division","enhanced ATM migration / enhanced ATM division","one of the ATMs migrated a bit in the trunk and divided","good","-","Tol.slide1_image32.2020_11_04","migration/division perturbed",TRUE,TRUE,FALSE
"Tol.slide1_image39.2020_11_05","2020_11_05","Margaux Failla","Tol","slide1_image39","yes",63.6,32.4,"-","yes","0","groups connected","problem migration and division","enhanced ATM migration / enhanced ATM division","one of the ATM migrated and divided with the TVCs in the trunk but still attached to the other ATMs in the tail","correct","-","Tol.slide1_image39.2020_11_05","migration/division perturbed",TRUE,TRUE,FALSE
"Tol.slide1_image4.2020_11_04","2020_11_04","Margaux Failla","Tol","slide1_image4","yes",88.8,32.5,"-","yes","20.7","-","problem migration and division","inhibited TVC migration / inhibited TVC division","one of the TVCs migrated less than the other one, it is separated from the other cell and it didn't divide","good","-","Tol.slide1_image4.2020_11_04","migration/division perturbed",TRUE,TRUE,FALSE
"Tol.slide1_image40.2020_11_05","2020_11_05","Margaux Failla","Tol","slide1_image40","yes",71.6,47.6,"-","yes","-","only one group in the trunk - no distance","problem migration and division","enhanced ATM migration / enhanced ATM division","the 2 ATMs migrated and divided with the TVCs in the trunk","good","-","Tol.slide1_image40.2020_11_05","migration/division perturbed",TRUE,TRUE,FALSE
"Tol.slide1_image42.2020_11_04","2020_11_04","Margaux Failla","Tol","slide1_image42","yes",88,17.7,"-","yes","47.6","-","problem orientation","TVC cell alignment","one of the TVCs divided but not in the medio-laterale orientation, so cells are aligned","good","-","Tol.slide1_image42.2020_11_04","orientation perturbed",FALSE,FALSE,TRUE
"Tol.slide1_image48_left.2020_11_04","2020_11_04","Margaux Failla","Tol","slide1_image48_left","yes",76.3,17.6,"-","yes","35.5","-","problem division","enhanced ATM division","one of the ATMs divided in the tail","good","-","Tol.slide1_image48_left.2020_11_04","division perturbed",FALSE,TRUE,FALSE
"Tol.slide1_image48_right.2020_11_04","2020_11_04","Margaux Failla","Tol","slide1_image48_right","yes",76.3,30,"-","yes","30.8","-","problem division","enhanced ATM division","one of the ATMs divided in the tail","good","the TVCs seemed to have divided in the opposite direction (larger cells on median line and smaller cells are on extern side)","Tol.slide1_image48_right.2020_11_04","division perturbed",FALSE,TRUE,FALSE
"Tol.slide1_image5_left.2020_11_04","2020_11_04","Margaux Failla","Tol","slide1_image5_left","yes",90.1,35.1,"-","yes","31.8","-","problem division","enhanced ATM division","one of the ATMs divided in the tail","good","the segmentation doesn't follow correctly the signal of the membrane","Tol.slide1_image5_left.2020_11_04","division perturbed",FALSE,TRUE,FALSE
"Tol.slide1_image5_right.2020_11_05","2020_11_05","Margaux Failla","Tol","slide1_image5_right","yes",69.8,48.3,"-","yes","17.3","-","problem division","enhanced ATM division","one of the ATM divided in the tail","correct","-","Tol.slide1_image5_right.2020_11_05","division perturbed",FALSE,TRUE,FALSE
"Tol.slide1_image50.2020_11_05","2020_11_05","Margaux Failla","Tol","slide1_image50","yes",73.2,32.7,"-","yes","0","groups connected","problem migration and division","enhanced ATM migration / inhibited TVC division","the 2 ATMs migrated with the TVCs in the trunk, but one ATM is elongated and still a bit in the tail; the 2 TVC didn't divide in the trunk","good","-","Tol.slide1_image50.2020_11_05","migration/division perturbed",TRUE,TRUE,FALSE
"Tol.slide1_image51_left.2020_11_05","2020_11_05","Margaux Failla","Tol","slide1_image51_left","yes",77.3,57.7,"-","yes","19.1","-","problem migration","enhanced ATM migration","one of the ATM migrated with the TVCs in the trunk","correct","-","Tol.slide1_image51_left.2020_11_05","migration perturbed",TRUE,FALSE,FALSE
"Tol.slide1_image52.2020_11_05","2020_11_05","Margaux Failla","Tol","slide1_image52","yes",78.5,32.5,"-","yes","11.3","-","problem migration","enhanced ATM migration","one of the ATM migrated with the TVCs in the trunk","good","-","Tol.slide1_image52.2020_11_05","migration perturbed",TRUE,FALSE,FALSE
"Tol.slide1_image54_left.2020_11_05","2020_11_05","Margaux Failla","Tol","slide1_image54_left","yes",80.3,57.5,"-","yes","37.6","-","problem migration and division","enhanced ATM migration / enhanced ATM division","one of the ATM migrated and divided with the TVCs in the trunk","good","-","Tol.slide1_image54_left.2020_11_05","migration/division perturbed",TRUE,TRUE,FALSE
"Tol.slide1_image54_right.2020_11_05","2020_11_05","Margaux Failla","Tol","slide1_image54_right","yes",80.3,65.1,"-","yes","9.79","-","problem migration and division","inhibited TVC migration / inhibited TVC division","one of the TVC didn't migrate and didn't divide, it stayed in the tail with the ATMs","good","-","Tol.slide1_image54_right.2020_11_05","migration/division perturbed",TRUE,TRUE,FALSE
"Tol.slide1_image8_left.2020_11_05","2020_11_05","Margaux Failla","Tol","slide1_image8_left","yes",76.1,37.5,"-","yes","-","only one group in the trunk - no distance","problem migration and division","enhanced ATM migration / enhanced ATM division","the 2 ATMs migrated and divided with the TVCs in the trunk","good","-","Tol.slide1_image8_left.2020_11_05","migration/division perturbed",TRUE,TRUE,FALSE
"Tol.slide2_image1.2020_11_04","2020_11_04","Margaux Failla","Tol","slide2_image1","yes",85,30.3,"-","yes","3.57","-","problem migration","enhanced ATM migration","one of the ATM migrated a bit in the trunk but still attached to the other ATM","good","-","Tol.slide2_image1.2020_11_04","migration perturbed",TRUE,FALSE,FALSE
"Tol.slide2_image11_left.2020_11_04","2020_11_04","Margaux Failla","Tol","slide2_image11_left","yes",95.3,32.6,"-","yes","31.6","-","problem migration and division","enhanced ATM migration / inhibited TVC division","one of the ATM migrated with the TVC in the trunk; the 2 TVC didn't didn't divide in the trunk (and they are separated by the ATM)","good","-","Tol.slide2_image11_left.2020_11_04","migration/division perturbed",TRUE,TRUE,FALSE
"Tol.slide2_image12_left.2020_11_04","2020_11_04","Margaux Failla","Tol","slide2_image12_left","yes",76.1,40.2,"-","yes","15.1","-","problem migration and division","enhanced ATM migration / enhanced ATM division","one of the ATM divided and one of the cell migrated a bit in the trunk but still attached to the cells in the tail","correct","-","Tol.slide2_image12_left.2020_11_04","migration/division perturbed",TRUE,TRUE,FALSE
"Tol.slide2_image15.2020_11_04","2020_11_04","Margaux Failla","Tol","slide2_image15","yes",83,37.5,"-","yes","15.9","-","problem migration","enhanced ATM migration","one of the ATM migrated with the TVC in the trunk","good","-","Tol.slide2_image15.2020_11_04","migration perturbed",TRUE,FALSE,FALSE
"Tol.slide2_image18.2020_11_04","2020_11_04","Margaux Failla","Tol","slide2_image18","yes",87.5,30.5,"-","yes","5.94","-","problem division and migration","enhanced ATM division / enhanced ATM migration","one of the ATM divided and one of the cell migrated a bit in the trunk, but still attached to the ATM group","good","-","Tol.slide2_image18.2020_11_04","migration/division perturbed",TRUE,TRUE,FALSE
"Tol.slide2_image18.2020_11_05","2020_11_05","Margaux Failla","Tol","slide2_image18","yes",55.9,38.2,"-","yes","-","only one group in the trunk - no distance","problem migration and division","enhanced ATM migration / enhanced ATM division","the 2 ATMs migrated and divided with the TVCs in the trunk","good","Ambigous phenotype","Tol.slide2_image18.2020_11_05","migration/division perturbed",TRUE,TRUE,FALSE
"Tol.slide2_image2.2020_11_04","2020_11_04","Margaux Failla","Tol","slide2_image2","yes",81.2,30.1,"-","yes","-","no distance - only one group in the trunk","problem migration and division","enhanced ATM migration / inhibited TVC division","the 2 ATM migrated in the trunk with the TVC and the 2 TVC didn't divide","good","-","Tol.slide2_image2.2020_11_04","migration/division perturbed",TRUE,TRUE,FALSE
"Tol.slide2_image25_right.2020_11_04","2020_11_04","Margaux Failla","Tol","slide2_image25_right","yes",80.4,30.2,"-","yes","-","no distance - only one group in the trunk","problem migration and division","enhanced ATM migration / enhanced ATM division","the 2 ATMs migrated with the TVC in the trunk; one of the ATM divided","good","-","Tol.slide2_image25_right.2020_11_04","migration/division perturbed",TRUE,TRUE,FALSE
"Tol.slide2_image3.2020_11_04","2020_11_04","Margaux Failla","Tol","slide2_image3","yes",86.8,29.5,"-","yes","0","groups connected","problem migration","enhanced ATM migration","one of the ATM migrated a bit in the trunk but still attached to the other ATM and attached to the TVC group","good","-","Tol.slide2_image3.2020_11_04","migration perturbed",TRUE,FALSE,FALSE
"Tol.slide2_image38_left.2020_11_04","2020_11_04","Margaux Failla","Tol","slide2_image38_left","yes",79.5,27.5,"-","yes","26.4","-","problem division","inhibited TVC division","one of the TVC didn't divide in the trunk","good","-","Tol.slide2_image38_left.2020_11_04","division perturbed",FALSE,TRUE,FALSE
"Tol.slide2_image9.2020_11_04","2020_11_04","Margaux Failla","Tol","slide2_image9","yes",73.8,30.3,"-","yes","34.7","-","problem migration and division","enhanced ATM migration / enhanced ATM division","one of the ATM migrated and divided in the trunk with the TVC; the other ATM that stayed in the tail divided too","good","-","Tol.slide2_image9.2020_11_04","migration/division perturbed",TRUE,TRUE,FALSE
"Tyrosinase.image1_right.2020_06_17","2020_06_17","Yelena Bernadskaya","Tyrosinase","image1_right","yes",35.1,36.3,"-","yes","13.1","-","problem migration","inhibited TVC migration","one of the TVC didn't migrate, it stayed in the tail and divided","good","-","Tyrosinase.image1_right.2020_06_17","migration perturbed",TRUE,FALSE,FALSE
"Tyrosinase.image11.2020_07_14","2020_07_14","Yelena Bernadskaya","Tyrosinase","image11","yes",28,9.78,"-","yes","0","groups connected","problem migration and division","enhanced ATM migration / enhanced ATM division","one of the ATM migrated in the trunk and divided with the TVCs","correct","-","Tyrosinase.image11.2020_07_14","migration/division perturbed",TRUE,TRUE,FALSE
"Tyrosinase.image13.2020_01_10","2020_01_10","Margaux Failla","Tyrosinase","image13","yes",74.6,15.4,"-","yes","15.9","-","problem migration and division","enhanced ATM migration / enhanced ATM division","one of the ATM migrated in the trunk and divided with the TVCs","good","-","Tyrosinase.image13.2020_01_10","migration/division perturbed",TRUE,TRUE,FALSE
"Tyrosinase.image15_right.2020_07_14","2020_07_14","Yelena Bernadskaya","Tyrosinase","image15_right","yes",21,9,"-","yes","31","-","problem orientation","TVC cell alignment","one of the TVC divided but not in the medio-lateral orientation, so cells are aligned","correct","Don't see all the ATM cells (image not centered)","Tyrosinase.image15_right.2020_07_14","orientation perturbed",FALSE,FALSE,TRUE
"Tyrosinase.image16_left.2020_07_14","2020_07_14","Yelena Bernadskaya","Tyrosinase","image16_left","yes",22.2,13.9,"-","yes","46.6","-","problem division","inhibited TVC division","one of the TVC didn't divide in the trunk","good","Don't see all the ATM cells (image not centered) and ambiguous phenotype between left and right","Tyrosinase.image16_left.2020_07_14","division perturbed",FALSE,TRUE,FALSE
"Tyrosinase.image16_right.2020_07_14","2020_07_14","Yelena Bernadskaya","Tyrosinase","image16_right","yes",22.2,12.7,"-","yes","50.4","-","problem division","inhibited TVC division","the 2 TVCs didn't divide in the trunk","good","Don't see all the ATM cells (image not centered) and ambiguous phenotype between left and right","Tyrosinase.image16_right.2020_07_14","division perturbed",FALSE,TRUE,FALSE
"Tyrosinase.image17.2020_07_14","2020_07_14","Yelena Bernadskaya","Tyrosinase","image17","yes",22.3,10.3,"-","yes","40.4","-","problem orientation","TVC cell alignment","one of the TVC divided but not in the medio-lateral orientation, so cells are aligned","not good","-","Tyrosinase.image17.2020_07_14","orientation perturbed",FALSE,FALSE,TRUE
"Tyrosinase.image3_left.2020_06_17","2020_06_17","Yelena Bernadskaya","Tyrosinase","image3_left","yes",9.99,22.7,"-","yes","21.1","-","problem division","inhibited TVC division","One of the TVC didn't divide in the trunk","good","-","Tyrosinase.image3_left.2020_06_17","division perturbed",FALSE,TRUE,FALSE
"Tyrosinase.image3_right.2020_06_17","2020_06_17","Yelena Bernadskaya","Tyrosinase","image3_right","yes",11.3,18.2,"-","yes","7.21","-","problem orientation","TVC cell alignment","one of the TVC divided but not in the medio-lateral orientation, so cells are aligned","correct","-","Tyrosinase.image3_right.2020_06_17","orientation perturbed",FALSE,FALSE,TRUE
"Tyrosinase.image5.2020_07_23","2020_07_23","Yelena Bernadskaya","Tyrosinase","image5","yes",22.4,9.74,"-","yes","21.7","-","problem migration and division","enhanced ATM migration / enhanced ATM division","one of the ATM migrated and divided with the TVCs in the trunk","good","-","Tyrosinase.image5.2020_07_23","migration/division perturbed",TRUE,TRUE,FALSE
"Tyrosinase.image8.2020_07_23","2020_07_23","Yelena Bernadskaya","Tyrosinase","image8","yes",22.4,18.7,"-","yes","9.78","a part of the ATM is very thin, not segmented - distance should be a bit shorter","problem migration","enhanced ATM migration","one of the ATM migrated with the TVCs in the trunk","good","-","Tyrosinase.image8.2020_07_23","migration perturbed",TRUE,FALSE,FALSE
"Tyrosinase.image9_right.2020_07_14","2020_07_14","Yelena Bernadskaya","Tyrosinase","image9_right","yes",45.7,23.4,"-","yes","39.5","-","problem migration and division","enhanced ATM migration / inhibited TVC division","one of the ATM migrated in the trunk with the TVCs; one of the TVC didn't divide in the trunk; the other TVC didvided but not completely, but the nuclei are too close so in segmentation considered as 1 cell","correct","one of the division is not completed for a TVC, because divided but not completely and the segmentation detected 1 cell as the nuclei are too close","Tyrosinase.image9_right.2020_07_14","migration/division perturbed",TRUE,TRUE,FALSE
"Tyrosinase.slide1_image12.2019_08_29","2019_08_29","Margaux Failla","Tyrosinase","slide1_image12","yes",117.1,21.2,"-","yes","0","groups connected","problem migration","inhibited TVC migration","the TVCs didn't migrate completely, the group is still attached to the ATM","good","-","Tyrosinase.slide1_image12.2019_08_29","migration perturbed",TRUE,FALSE,FALSE
"Tyrosinase.slide1_image19_right.2019_08_29","2019_08_29","Margaux Failla","Tyrosinase","slide1_image19_right","yes",83.3,28.2,"-","yes","24.4","-","problem division","inhibited TVC division","one of the TVC didn't complete the division yet","correct","-","Tyrosinase.slide1_image19_right.2019_08_29","division perturbed",FALSE,TRUE,FALSE
"Tyrosinase.slide1_image3.2020_02_06","2020_02_06","Margaux Failla","Tyrosinase","slide1_image3","yes",102,32.7,"-","yes","0","groups connected","problem migration and division","inhibited TVC migration / enhanced ATM division","the migration is not completed and one ATM divided in the tail","good","-","Tyrosinase.slide1_image3.2020_02_06","migration/division perturbed",TRUE,TRUE,FALSE
"Tyrosinase.slide1_image3.2020_10_06","2020_10_06","Margaux Failla","Tyrosinase","slide1_image3","yes",80.1,27.4,"-","yes","0","groups connected","problem migration and division","enhanced ATM migration / enhanced ATM division","one of the ATM migrated in the trunk and divided with the TVCs but still attached to the other ATM in the tail","good","-","Tyrosinase.slide1_image3.2020_10_06","migration/division perturbed",TRUE,TRUE,FALSE
"Tyrosinase.slide1_image7_right.2020_02_06","2020_02_06","Margaux Failla","Tyrosinase","slide1_image7_right","yes",88.8,32.4,"-","yes","0","groups connected","problem migration","enhanced ATM migration","one of the ATM migrated a bit with the TVCs but still attached to the other ATM in the tail","good","-","Tyrosinase.slide1_image7_right.2020_02_06","migration perturbed",TRUE,FALSE,FALSE
"Tyrosinase.slide2_image10_right.2020_02_06","2020_02_06","Margaux Failla","Tyrosinase","slide2_image10_right","yes",110,30,"-","yes","40.1","-","problem migration","enhanced ATM migration","one of the ATM migrated with the TCVs in the trunk","good","-","Tyrosinase.slide2_image10_right.2020_02_06","migration perturbed",TRUE,FALSE,FALSE
"Tyrosinase.slide2_image10.2019_08_29","2019_08_29","Margaux Failla","Tyrosinase","slide2_image10","yes",116,27.8,"-","yes","33.4","-","problem orientation","TVC cell alignment","the 2 TVCs divided not in the medio-lateral orientation, so cells are a bit aligned","good","-","Tyrosinase.slide2_image10.2019_08_29","orientation perturbed",FALSE,FALSE,TRUE
"Tyrosinase.slide2_image2_right.2020_02_06","2020_02_06","Margaux Failla","Tyrosinase","slide2_image2_right","yes",100,41.1,"-","yes","5.89","-","problem migration and division","inhibited TVC migration / inhibited TVC division","one of the TVC didn't migrate and didn't divide, it stayed in the tail with ATMs","good","-","Tyrosinase.slide2_image2_right.2020_02_06","migration/division perturbed",TRUE,TRUE,FALSE
"Tyrosinase.slide2_image4_right.2020_10_06","2020_10_06","Margaux Failla","Tyrosinase","slide2_image4_right","yes",89,27.8,"-","yes","21.1","-","problem division and disposition TVC","enhanced ATM division / problem disposition TVC","one of the ATM divided in the tail and the 2 TVCs divided but not in the medio-laterale orientation but no features to extract this","correct","Segmentation doesn't reflect the correct signal","Tyrosinase.slide2_image4_right.2020_10_06","division perturbed",FALSE,TRUE,FALSE
"Tyrosinase.slide2_image6_left.2020_02_06","2020_02_06","Margaux Failla","Tyrosinase","slide2_image6_left","yes",83.2,35.4,"-","yes","25.2","-","problem orientation","TVC cell alignment","one of the TVC divided not in the medio-lateral orientation, so the cells are aligned","good","-","Tyrosinase.slide2_image6_left.2020_02_06","orientation perturbed",FALSE,FALSE,TRUE
"Vangl.image1_right.2021_02_24","2021_02_24","Margaux Failla","Vangl","image1_right","yes",95.7,35.4,"-","yes","-","only one group in the trunk - no distance","problem migration and division","enhanced ATM migration / enhanced ATM division","the 2 ATMs migrated and divided with the TVCs in the trunk","good","-","Vangl.image1_right.2021_02_24","migration/division perturbed",TRUE,TRUE,FALSE
"Vangl.image14.2021_02_24","2021_02_24","Margaux Failla","Vangl","image14","yes",77.1,17.4,"-","yes","0","groups connected","problem migration and division","enhanced ATM migration / enhanced ATM division","one of the ATM migrated and divided with the TVCs in the trunk, but still attached to the other ATM in the tail","good","-","Vangl.image14.2021_02_24","migration/division perturbed",TRUE,TRUE,FALSE
"Vangl.image15_right.2021_02_24","2021_02_24","Margaux Failla","Vangl","image15_right","yes",95.4,27.3,"-","yes","26.3","-","problem orientation","TVC cell alignment","one of the TVC divided but not in the medio-lateral orientation, so cells are a bit aligned","good","-","Vangl.image15_right.2021_02_24","orientation perturbed",FALSE,FALSE,TRUE
"Vangl.image16_left.2021_02_24","2021_02_24","Margaux Failla","Vangl","image16_left","yes",95.7,24,"-","yes","32.6","-","problem division","inhibited TVC division","the 2 TVCs didn't divide in the trunk","correct","-","Vangl.image16_left.2021_02_24","division perturbed",FALSE,TRUE,FALSE
"Vangl.image16_right.2021_02_24","2021_02_24","Margaux Failla","Vangl","image16_right","yes",95.7,40.7,"-","yes","20.1","-","problem migration and division","enhanced ATM migration / enhanced ATM division","one of the ATM migrated and divided with the TVCs in the trunk","good","-","Vangl.image16_right.2021_02_24","migration/division perturbed",TRUE,TRUE,FALSE
"Vangl.image19_left.2021_02_24","2021_02_24","Margaux Failla","Vangl","image19_left","yes",77.4,37.7,"-","yes","20.6","-","problem division","inhibited TVC division","one of the TVC didn't divide in the trunk","good","-","Vangl.image19_left.2021_02_24","division perturbed",FALSE,TRUE,FALSE
"Vangl.image21.2021_02_24","2021_02_24","Margaux Failla","Vangl","image21","yes",86.8,35.7,"-","yes","54.3","-","problem division","inhibited TVC division","one of the TVC didn't divide in the trunk","good","-","Vangl.image21.2021_02_24","division perturbed",FALSE,TRUE,FALSE
"Vangl.image23_left.2021_02_24","2021_02_24","Margaux Failla","Vangl","image23_left","yes",88.8,25,"-","yes","29.6","-","problem orientation","TVC cell alignment","one of the TVC divided but not in the medio-lateral orientation, so cells are a bit aligned","good","-","Vangl.image23_left.2021_02_24","orientation perturbed",FALSE,FALSE,TRUE
"Vangl.image25_left.2021_02_24","2021_02_24","Margaux Failla","Vangl","image25_left","yes",88.8,35.4,"-","yes","0","groups connected","problem migration","inhibited TVC migration","the TVCs didn't migrate enough far in the trunk, they are still attached to the ATMs in the tail","good","-","Vangl.image25_left.2021_02_24","migration perturbed",TRUE,FALSE,FALSE
"Vangl.image3_right.2021_02_24","2021_02_24","Margaux Failla","Vangl","image3_right","yes",84.5,40.3,"-","yes","10.4","-","problem division","enhanced ATM division","one of the ATM divided in the tail","good","-","Vangl.image3_right.2021_02_24","division perturbed",FALSE,TRUE,FALSE
"Vangl.image39_left.2021_02_24","2021_02_24","Margaux Failla","Vangl","image39_left","yes",92.5,32.8,"-","yes","4.45","-","problem migration and division","enhanced ATM migration / enhanced ATM division","one of the ATM migrated and divided with the TVCs in the trunk","good","-","Vangl.image39_left.2021_02_24","migration/division perturbed",TRUE,TRUE,FALSE
"Vangl.image41_right.2021_02_24","2021_02_24","Margaux Failla","Vangl","image41_right","yes",92.8,32.5,"-","yes","38","-","problem migration and division","inhibited TVC migration / inhibited TVC division","one of the TVC didn't migrate and didn't divide, it stayed with the ATMs in the tail","good","-","Vangl.image41_right.2021_02_24","migration/division perturbed",TRUE,TRUE,FALSE
"Vangl.image42.2021_02_24","2021_02_24","Margaux Failla","Vangl","image42","yes",67.2,25.1,"-","yes","0","groups connected","problem migration","enhanced ATM migration","one of the ATM migrated with the TVCs in the trunk, but still attached to the other ATM in the tail","good","-","Vangl.image42.2021_02_24","migration perturbed",TRUE,FALSE,FALSE
"Vangl.image7_left.2021_02_24","2021_02_24","Margaux Failla","Vangl","image7_left","yes",110,33.1,"-","yes","38","-","problem division","enhanced ATM division","one of the ATM divided in the tail","good","-","Vangl.image7_left.2021_02_24","division perturbed",FALSE,TRUE,FALSE
"Vangl.image8.2021_02_24","2021_02_24","Margaux Failla","Vangl","image8","yes",87.8,40.6,"-","yes","19.4","-","problem migration and division","enhanced ATM migration / enhanced ATM division","one of the ATM migrated and divided with the TVCs in the trunk","good","-","Vangl.image8.2021_02_24","migration/division perturbed",TRUE,TRUE,FALSE
"X5HTR.slide1_image1.2020_11_05","2020_11_05","Margaux Failla","5HTR","slide1_image1","yes",71.4,40.4,"-","yes","25","-","problem migration and division","enhanced ATM migration / enhanced ATM division","one of the ATM migrated and divided with the TVC in the trunk","good","-","X5HTR.slide1_image1.2020_11_05","migration/division perturbed",TRUE,TRUE,FALSE
"X5HTR.slide1_image10.2020_11_05","2020_11_05","Margaux Failla","5HTR","slide1_image10","yes",83.3,62.6,"-","yes","0","groups connected","problem migration and division","enhanced ATM migration / enhanced ATM division","the 2 ATMs migrated and one of them divided, with the TVC in the trunk","not good","-","X5HTR.slide1_image10.2020_11_05","migration/division perturbed",TRUE,TRUE,FALSE
"X5HTR.slide1_image11.2020_11_04","2020_11_04","Margaux Failla","5HTR","slide1_image11","yes",96.2,45.2,"-","yes","48.4","-","problem division and orientation","enhanced TVC division / TVC cell alignment","one of the sTVC divided for the second division, there is an additional TVC in the trunk but not divided in the medio-laterale orientation","good","-","X5HTR.slide1_image11.2020_11_04","division/orientation perturbed",FALSE,TRUE,TRUE
"X5HTR.slide1_image13_right.2020_11_05","2020_11_05","Margaux Failla","5HTR","slide1_image13_right","yes",75.5,67.7,"-","yes","13.4","-","problem migration and division","enhanced ATM migration / enhanced ATM division","one of the ATM migrated and divided with the TVC in the trunk","good","-","X5HTR.slide1_image13_right.2020_11_05","migration/division perturbed",TRUE,TRUE,FALSE
"X5HTR.slide1_image16_left.2020_11_05","2020_11_05","Margaux Failla","5HTR","slide1_image16_left","yes",77.2,40.3,"-","yes","17.4","-","problem migration and division","enhanced ATM migration / enhanced ATM division","one of the ATM migrated and divided with the TVCs in the trunk","good","-","X5HTR.slide1_image16_left.2020_11_05","migration/division perturbed",TRUE,TRUE,FALSE
"X5HTR.slide1_image17.2020_11_04","2020_11_04","Margaux Failla","5HTR","slide1_image17","yes",82.3,57.5,"-","yes","45.6","-","problem migration and division","inhibited TVC migration / inhibited TVC division","one of the TVC didn't migrate, it stayed in the tail with the ATMs and didn't divide","correct","-","X5HTR.slide1_image17.2020_11_04","migration/division perturbed",TRUE,TRUE,FALSE
"X5HTR.slide1_image8_right.2020_11_04","2020_11_04","Margaux Failla","5HTR","slide1_image8_right","yes",68.4,47.8,"-","yes","27","-","problem migration and division","enhanced ATM migration / enhanced ATM division","one of the ATM migrated and divided with the TVCs in the trunk","good","-","X5HTR.slide1_image8_right.2020_11_04","migration/division perturbed",TRUE,TRUE,FALSE
"X5HTR.slide1_image9.2020_11_05","2020_11_05","Margaux Failla","5HTR","slide1_image9","yes",77.1,55.3,"-","yes","40.1","-","problem division","inhibited TVC division","the 2 TVCs didn't divide in the trunk","not good","-","X5HTR.slide1_image9.2020_11_05","division perturbed",FALSE,TRUE,FALSE
"X5HTR.slide2_image1.2020_11_05","2020_11_05","Margaux Failla","5HTR","slide2_image1","yes",72.1,60.3,"-","yes","26.5","-","problem migration and division","enhanced ATM migration / enhanced ATM division","one of the ATM migrated and divided with the TVCs in the trunk","correct","-","X5HTR.slide2_image1.2020_11_05","migration/division perturbed",TRUE,TRUE,FALSE
"X5HTR.slide2_image11_left.2020_11_04","2020_11_04","Margaux Failla","5HTR","slide2_image11_left","yes",80,32.6,"-","yes","41.5","-","problem division","enhanced ATM division","one of the ATM divided in the tail","not good","-","X5HTR.slide2_image11_left.2020_11_04","division perturbed",FALSE,TRUE,FALSE
"X5HTR.slide2_image12_right.2020_11_04","2020_11_04","Margaux Failla","5HTR","slide2_image12_right","yes",60,18.4,"-","yes","33.6","-","problem orientation","TVC cell alignment","one of the TVC divided not in the medio-lateral orientation, so cells are aligned","not good","-","X5HTR.slide2_image12_right.2020_11_04","orientation perturbed",FALSE,FALSE,TRUE
"X5HTR.slide2_image14_left.2020_11_05","2020_11_05","Margaux Failla","5HTR","slide2_image14_left","yes",78.8,70.1,"-","yes","12.7","-","problem migration and division","enhanced ATM migration / enhanced ATM division","one of the ATM migrated and divided with the TVCs in the trunk","not good","-","X5HTR.slide2_image14_left.2020_11_05","migration/division perturbed",TRUE,TRUE,FALSE
"X5HTR.slide2_image14.2020_11_04","2020_11_04","Margaux Failla","5HTR","slide2_image14","yes",68.7,40,"-","yes","-","only one group in the trunk - no distance","problem migration and division","enhanced ATM migration / enhanced ATM division","the 2 ATMs migrated and divided in the trunk with the TVCs","correct","-","X5HTR.slide2_image14.2020_11_04","migration/division perturbed",TRUE,TRUE,FALSE
"X5HTR.slide2_image17_left.2020_11_05","2020_11_05","Margaux Failla","5HTR","slide2_image17_left","yes",90.3,50.1,"-","yes","40.7","-","problem division","inhibited TVC division","one of the TVC didn't divide in the trunk","correct","-","X5HTR.slide2_image17_left.2020_11_05","division perturbed",FALSE,TRUE,FALSE
"X5HTR.slide2_image18.2020_11_05","2020_11_05","Margaux Failla","5HTR","slide2_image18","yes",72.8,72.3,"-","yes","14.4","-","problem migration","enhanced ATM migration","one of the ATM migrated with the TVCs in the trunk","correct","-","X5HTR.slide2_image18.2020_11_05","migration perturbed",TRUE,FALSE,FALSE
"X5HTR.slide2_image22.2020_11_05","2020_11_05","Margaux Failla","5HTR","slide2_image22","yes",76.9,45.1,"-","yes","-","only one group in the trunk - no distance","problem migration and division","enhanced ATM migration / enhanced ATM division","the 2 ATMs migrated and divided with the TVCs in the turnk","good","-","X5HTR.slide2_image22.2020_11_05","migration/division perturbed",TRUE,TRUE,FALSE
"X5HTR.slide2_image25.2020_11_05","2020_11_05","Margaux Failla","5HTR","slide2_image25","yes",61.9,75,"-","yes","34.4","-","problem migration and division","inhibited TVC migration / inhibited TVC division","one of the TVC didn't migrate but divided in the tail with the ATMs; the other TVC migrated but didn't divided in the trunk","not good","-","X5HTR.slide2_image25.2020_11_05","migration/division perturbed",TRUE,TRUE,FALSE
"X5HTR.slide2_image28.2020_11_05","2020_11_05","Margaux Failla","5HTR","slide2_image28","yes",90.5,60.5,"-","yes","39.4","-","problem migration","inhibited TVC migration","one of the TVC didn't migrate but divided in the tail; the other TVC that migrated divided in the trunk","correct","-","X5HTR.slide2_image28.2020_11_05","migration perturbed",TRUE,FALSE,FALSE
"X5HTR.slide2_image6_right.2020_11_04","2020_11_04","Margaux Failla","5HTR","slide2_image6_right","yes",81,37.5,"-","yes","-","only one group in the tail - no distance","problem migration and division","inhibited TVC migration / inhibited TVC division","the 2 TVCs didn't migrated and didn't divide, they stayed in the tail with the ATMs","correct","Not all the cells in the images - Missing some information","X5HTR.slide2_image6_right.2020_11_04","migration/division perturbed",TRUE,TRUE,FALSE
"X5HTR.slide2_image6.2020_11_05","2020_11_05","Margaux Failla","5HTR","slide2_image6","yes",75.9,52.6,"-","yes","18","-","problem migration, division and orientation","enhanced ATM migration / enhanced ATM division / TVC cell alignment","1 of the ATMs migrated and divided with the TVCs in the trunk; one of the TVC divided not in the medio-laterale orientation, so cells are aligned","correct","-","X5HTR.slide2_image6.2020_11_05","migration/division/orientation perturbed",TRUE,TRUE,TRUE
"X5HTR.slide2_image9_right.2020_11_05","2020_11_05","Margaux Failla","5HTR","slide2_image9_right","yes",90.5,55.1,"-","yes","24.4","-","problem migration and division","inhibited TVC migration / inhibited TVC division","one of the TVC didn't migrated and didn't divide, it stayed in the tail with the ATMs","not good","-","X5HTR.slide2_image9_right.2020_11_05","migration/division perturbed",TRUE,TRUE,FALSE
