"embedding1","embedding2","embedding3","embedding4","embedding5","embedding6","embedding7","embedding8","embedding9","embedding10","embedding11","embedding12","embedding13","embedding14"
-0.44231358,0.5478376,-0.49855363,-0.52395856,0.5778521,-0.13058388,-0.3609143,-0.3554517,-0.11938038,-0.34067872,0.19735855,-0.28437304,0.57388926,-0.11391144
0.17212671,-0.43407312,-0.42422363,0.059046615,0.17471354,0.30406386,0.010524552,0.5592575,0.08950446,-0.35484612,0.05649102,-0.65500975,-0.11312336,-0.10463324
-0.17814596,0.2878454,0.03165621,-0.81769055,0.45148236,0.34934583,0.22723514,0.052565344,0.47634414,-0.32531434,0.0045424295,-0.12037556,0.39311433,0.18852928
-0.062971324,-0.15605873,0.45102316,0.5433434,-0.43887487,-0.045303475,-0.3010322,-0.380774,0.21363828,0.09170156,0.23405926,-0.2660148,-0.013359593,-0.15356086
0.59427327,-0.12790966,0.4395223,-0.3400455,-0.16434512,-0.07684807,-0.07661427,-0.14870141,0.33589005,-0.037040096,0.45258453,0.26701906,-0.22420624,-0.020623337
0.31514364,0.3569326,0.19981578,-0.5311845,0.0007682013,-0.18328562,-0.43121484,-0.27849337,0.06700467,0.047367062,0.7351235,0.35261816,0.502644,-0.044768024
-0.17870791,0.49490932,-0.17221922,0.3682819,0.44800305,-0.18571419,0.26222476,-0.7332251,0.17012388,0.048805706,0.46163353,0.021785531,-0.36207116,-0.15152386
-0.33951974,0.18500148,-0.56392884,-0.18488772,0.49295744,-0.465133,0.1977577,-0.19394056,-0.1364348,-0.3247103,-0.3066786,-0.16148199,-0.46003342,-0.098121405
-0.04136713,-0.13368379,-0.21176615,0.2768448,0.576859,-0.17286974,0.011549914,0.11527996,0.2991373,-0.42069423,-0.034667954,-0.10475184,-0.43040982,-0.12247291
0.39789134,0.23353651,-0.06981144,-0.35641515,-0.45836312,0.07306561,0.110005274,-0.63916725,0.39656106,0.14923608,0.62289304,0.2575109,-0.28728437,0.18124644
0.37316978,0.27271906,-7.353723e-05,-0.11349681,-0.011753141,0.044462483,-0.4483716,-0.41506958,0.15179993,-0.026376592,0.6883271,0.49610034,0.4079544,-0.4563524
-0.4835017,0.28455073,-0.5994651,-0.7304193,0.5168692,-0.14535838,-0.24016519,0.15993264,0.22550578,-0.03504959,0.14903569,0.06477777,0.6780187,-0.13744828
-0.0022988017,-0.2712695,-0.2846762,-0.5217508,0.51829046,-0.307945,0.35388064,0.07816778,0.053399406,-0.14066528,0.085420325,-0.5735421,-0.49407002,-0.11269201
-0.4316769,0.11238872,0.07886655,-0.34663212,0.2660672,-0.66487646,-0.17105617,0.1480731,0.17544656,-0.18440124,-0.289131,0.3180505,-0.26766828,0.05932125
0.053375527,-0.6874015,-0.4014717,0.14146037,-0.16398992,-0.11942234,0.38356432,0.538222,-0.2622245,0.26177582,-0.11929432,-0.45503014,-0.10002648,-0.36598602
-0.20860983,0.22758396,0.28698495,-0.5087841,0.37161312,-0.4958584,0.28967032,-0.3566876,0.07716849,-0.39895847,0.014838217,0.47655857,-0.06495825,-0.30036998
-0.35116673,0.2160199,0.5397776,0.0068737045,0.28469723,-0.28017572,0.1075346,-0.4504302,0.08142671,-0.010579858,-0.2060742,0.041011196,-0.010769717,-0.4083455
0.15993237,0.25476345,0.6579297,0.5269041,0.43700367,-0.16430464,-0.20039532,-0.38000178,0.27062026,0.025654739,-0.04873529,-0.33525333,0.07905315,-0.5799233
0.30693334,-0.07856035,0.02547029,-0.33400396,-0.3291015,-0.12260148,-0.6414617,-0.48019168,0.49175528,0.045135487,-0.034206305,0.23734604,0.6157484,-0.14171414
-0.278106,0.38968268,0.25926435,-0.60703415,-0.13975814,-0.096893474,-0.2251864,0.05259415,-0.28185713,0.020301495,-0.050510995,0.49587902,-0.39063683,0.012668757
-0.2713968,-0.4794177,-0.109385006,0.02409646,0.46794766,0.22387037,0.34867236,-0.20465118,-0.49862212,-0.12731734,-0.2646515,-0.24764031,0.16304551,-0.5810511
-0.09330397,0.5620731,-0.087628536,-0.76127195,0.40070084,0.33718362,-0.19272858,0.27014533,0.16620742,-0.25071284,0.23903826,-0.025138928,-0.047219656,0.14199929
-0.37238955,-0.3305042,0.48330632,-0.6253564,-0.45282993,-0.37099054,0.24853976,-0.28524926,-0.10189636,0.3882567,0.25149953,0.15527098,0.25677288,-0.3694161
-0.53938806,0.087679155,-0.06362427,-0.42029846,-0.13983817,-0.005350669,-0.088169694,-0.31713295,0.11632662,-0.18177111,0.6216215,-0.16033214,0.31010956,-0.21686521
-0.16141298,0.71994436,-0.34215468,-0.32119304,-0.045357965,0.18465246,-0.461328,-0.43596968,-0.014091558,0.121818855,0.5241641,0.04792051,-0.05007477,-0.10016624
-0.17048338,0.12045204,-0.34102505,-0.7466888,-0.13404843,-0.15986562,-0.39071733,-0.08694307,-0.00968926,-0.30532342,0.12034538,-0.114762776,-0.15847044,-0.12848453
-0.5035359,-0.16179354,-0.35252157,-0.3749578,0.18296368,0.1912411,0.17233093,0.22064912,-0.04163272,-0.42894548,-0.46996212,-0.61696875,-0.3911799,0.119276494
-0.42372388,0.17644697,-0.43569165,-0.1032188,0.3440974,-0.48697877,0.1840887,-0.09002215,0.062079567,-0.42384973,-0.29617098,-0.17296888,-0.2977082,-0.13269582
-0.20630677,-0.053121015,-0.23218165,0.33030987,0.4795512,-0.09539317,0.114138685,0.11108588,0.27177486,-0.5255983,-0.102434926,-0.097073816,-0.42294872,0.015298617
-0.57928973,-0.08992541,-0.5358166,-0.5259175,-0.04208836,0.5720454,-0.27523166,0.31518653,0.43318683,-0.27939194,-0.2143196,-0.5571323,-0.08320321,-0.28521565
0.055623837,-0.031411964,0.32828158,-0.114613295,-0.5879313,-0.52197033,0.04693707,0.5370148,-0.1135027,0.30998033,-0.27844235,0.32629862,0.31389096,-0.18396714
-0.13860731,0.2808091,0.32537222,-0.43991122,-0.27841493,-0.18010192,-0.17714134,0.09670715,-0.23812526,-0.113406755,0.072805405,0.32109922,-0.42471787,-0.25230736
-0.21155125,0.19995968,-0.028751768,-0.46317306,-0.16533315,-0.23794878,-0.3445947,-0.028361076,0.24281381,0.1696558,-0.10409857,0.16284819,-0.35689723,-0.30442867
-0.57437474,-0.131434,-0.49767834,-0.49887344,-0.061935846,0.55779797,-0.3205845,0.42465052,0.41285664,-0.3432049,-0.13319893,-0.5362845,-0.1304875,-0.3346648
0.27252188,0.3893394,0.47584572,-0.34583113,-0.24167053,0.2891371,-0.33999923,-0.5373713,0.4692215,-0.141562,0.1606877,0.099270485,-0.5377223,-0.11146783
-0.43629465,0.4355785,-0.34572756,-0.74432623,0.36911967,-0.026417037,-0.39003637,-0.057936907,0.23605064,-0.15969343,0.3873233,-0.15068492,0.037374638,0.24022608
-0.20417742,0.20192465,-0.098010816,-0.47101513,-0.12574641,-0.16175672,-0.2675927,-0.10458026,0.23718373,0.17854986,-0.1065474,0.19807838,-0.36191815,-0.21519507
-0.2336635,0.31156936,0.045025155,-0.8231629,0.49267307,0.35485175,0.3369198,0.09225099,0.5437808,-0.29968262,0.0054674298,-0.16222496,0.3871613,0.13515224
-0.59515035,0.40428147,-0.57302386,-0.43997136,0.55603063,-0.15794587,-0.5582654,-0.54624736,-0.07493059,-0.15487403,0.22185265,-0.39342147,0.51246506,-0.42677584
-0.4480606,0.15158287,-0.3870578,-0.6622767,0.35007364,-0.01804564,-0.13864887,-0.121313505,0.3122229,-0.33635417,0.40121302,0.009293935,0.21760026,-0.058234446
-0.5987039,0.45829603,-0.5245186,-0.55475783,0.1350337,0.26576617,-0.06289478,-0.59215945,0.10450053,-0.3476934,0.35090202,-0.21345197,0.1325835,0.016810505
0.1680361,-0.46872056,-0.42097652,0.059701763,0.08280472,0.31014317,-0.00070021854,0.503586,0.102855794,-0.31041068,0.06793184,-0.6740827,-0.18169472,-0.19887371
-0.31283817,0.4063175,-0.3596502,-0.7519722,0.42523038,-0.050670397,-0.48900592,-0.04367917,0.16840814,-0.100491084,0.39873263,-0.12356886,0.03669766,0.16869143
-0.11380394,-0.57426745,-0.6013857,0.33435458,0.44658187,0.0066265017,-0.2479767,0.16161768,-0.47525072,-0.24160455,-0.38606712,-0.3250853,-0.47857684,0.015118378
-0.3855467,0.026912328,-0.7225495,-0.5506433,0.5771312,-0.01435159,0.27758488,0.010492947,0.11787315,-0.36751154,0.35319915,-0.3138454,-0.14432521,0.14557113
-0.4710534,0.25133926,-0.43460017,-0.26974264,0.080492444,-0.028301975,-0.6547225,0.15928644,-0.5003267,-0.06152565,0.13806887,-0.062210083,0.18442798,-0.037449185
-0.33096236,-0.12946466,0.2542519,0.39225054,0.14985423,-0.046963975,0.37139863,0.45483366,-0.2838713,-0.13656944,0.16166034,-0.81038827,0.08941262,-0.3838749
0.3138641,0.4655253,0.1455039,-0.7595303,-0.37716475,0.19794725,-0.62763435,-0.47227374,-0.06263901,-0.39932585,0.5667706,0.09494973,-0.22033782,0.52017397
-0.22284321,0.33594933,0.4365186,-0.6156893,0.22104822,-0.2926247,-0.22257069,0.094681345,-0.29879987,0.016166262,-0.5981433,0.3417586,-0.2719032,0.11755814
-0.51125234,-0.0679115,-0.018930282,-0.69356686,0.30603337,-0.10153411,-0.0205126,-0.054702368,0.4806507,-0.19836129,0.5832347,-0.03306184,0.032479126,-0.4780429
-0.62739986,0.22127455,-0.44936275,-0.62119013,0.21146457,0.0017093096,-0.2401751,-0.22628666,0.4158806,-0.3377488,0.437627,0.042512838,0.19002494,-0.29457706
-0.27076665,0.13778694,-0.04539153,-0.640863,0.6104074,-0.15956093,-0.38788489,-0.100956745,-0.09748192,-0.32555866,0.46766692,-0.07204381,0.03250693,-0.25047824
-0.5008288,-0.19840558,-0.21799822,0.055728212,0.03522715,-0.6911771,0.32585922,0.67992556,-0.34171748,0.25717196,0.047124412,-0.4345301,-0.16982922,-0.40582237
-0.25860843,-0.19377394,0.428259,-0.35196996,0.11885979,-0.6307312,-0.2857828,-0.24895549,-0.27143258,-0.10453237,-0.096860856,0.27376795,-0.35229772,-0.1643998
0.3243237,-0.39831746,-0.06966581,-0.2834387,0.20423786,-0.43868324,0.13699724,-0.45664194,0.15695748,0.14093189,-0.45967913,0.25080702,-0.17962833,-0.105779916
-0.61984587,-0.2836004,-0.4131524,-0.75342035,0.05547058,-0.21992289,-0.34911492,-0.23968332,0.12654908,-0.46133193,-0.34559643,-0.12485111,0.7199548,-0.39408073
-0.34236932,0.313168,-0.3492734,-0.4743086,0.19978796,-0.1401304,-0.19008368,-0.028863048,0.033091288,-0.34189668,0.13156,-0.057948243,-0.0951411,-0.2085426
0.5224032,0.41973346,-0.20926207,0.14705364,0.16863593,-0.1849087,0.040950228,-0.02032529,0.5974713,-0.43087864,0.052547436,-0.0893488,-0.5492264,0.2008585
-0.41832817,0.09638669,0.11425541,-0.07214893,0.2759146,0.17025438,-0.09321435,-0.4330205,-0.074013375,0.561776,-0.19152915,-0.44878083,0.4599775,-0.18486011
-0.59396607,-0.36428604,0.09542028,-0.56132877,0.5252865,-0.53037566,0.44477627,-0.2578215,-0.611787,-0.018423708,-0.20371164,-0.18763293,-0.27264374,-0.5686435
-0.26491934,-0.16035207,0.699046,0.17854121,0.05927943,0.33687022,-0.3999231,-0.39495525,-0.08960519,-0.16676739,-0.026489139,0.050573412,0.18587098,-0.5555226
-0.44446355,-0.3596886,-0.46025062,-0.4854613,-0.23738644,0.6376754,0.035763413,0.4755217,0.5336759,-0.40660983,-0.102006,-0.5772588,-0.37621322,-0.53148514
-0.3889637,-0.32567662,0.71909463,0.14870724,0.053948756,0.0010394581,0.11878716,-0.41051945,-0.19736628,-0.5705413,0.11723907,0.0022169577,-0.5132593,-0.2274892
-0.30043697,-0.48679975,0.14175434,0.061413348,0.29869336,-0.15738991,0.012935036,0.52391595,0.03244959,-0.7359869,0.12329362,-0.5635867,-0.4929431,0.015790157
-0.36423984,0.46894342,0.3990679,-0.5284253,-0.04870394,-0.14665014,-0.33121973,0.49815816,-0.6438456,-0.046884667,0.39383405,-0.29611355,0.44388813,0.0343127
-0.58561003,-0.10860184,-0.27089763,-0.49615008,-0.28196356,0.41101107,-0.14007254,0.27285063,0.32595012,-0.3363158,-0.2567617,-0.3068779,-0.44779843,-0.45329627
0.05603839,0.18268752,-0.28351218,-0.08732136,-0.61794716,-0.42217836,-0.124633834,-0.3062683,-0.004033553,-0.4937302,0.5535581,0.39703974,0.5633797,-0.13833292
-0.41833895,0.2953321,-0.15344569,-0.5273916,-0.010628389,-0.1602912,-0.08221547,-0.34366274,-0.0045617446,-0.19439998,0.31583533,-0.09779615,-0.078815944,-0.13095361
-0.4361288,-0.46249261,0.17715588,-0.3990716,0.16418919,-0.5334281,0.52102214,-0.16839914,-0.64552796,-0.17196304,-0.2972288,-0.6549166,-0.3295997,-0.1419945
-0.25659272,0.37539762,0.5767886,0.12897128,-0.023923365,-0.004020364,0.022250712,0.34990188,0.3684495,0.11520297,-0.21058488,-0.57927257,0.09211189,0.24418174
0.25732064,0.09876408,0.6327003,-0.33574936,-0.122013286,0.5430668,0.49672425,-0.0029957085,-0.12358662,0.18966496,-0.05927758,0.072022185,-0.0058068316,0.100648925
0.21409965,0.37641683,-0.32149184,-0.6074929,0.12236925,-0.024430782,0.18451992,-0.538491,-0.009215582,0.073097266,0.09691336,-0.22857536,-0.11073665,0.46353567
0.24504101,0.35670993,-0.37473363,-0.14545777,-0.0010683924,-0.11509424,-0.82967937,-0.6054861,-0.15260233,-0.41484803,0.71470124,0.46428835,0.08315543,0.05181759
0.60006887,0.2508163,0.60608846,0.30310342,0.52013206,0.40548697,0.36248887,-0.17336793,-0.3394353,0.48438734,-0.3656654,-0.5774752,0.2739274,-0.07759374
0.40389752,0.24555777,0.43161732,0.17095949,-0.24710123,0.17738657,0.38936913,-0.041234005,0.22943336,0.12383078,0.3065647,0.18174495,0.02296974,-0.1806521
0.3957961,0.43084294,0.4380973,0.40931675,-0.3935241,-0.104544476,0.11824579,-0.30748698,0.37512204,0.37075385,-0.33651286,-0.21948227,0.09350033,-0.57001156
-0.023584172,0.31094134,0.45060104,0.44565272,-0.28457692,-0.17718813,0.16850893,-0.1462458,-0.21102406,0.2202718,0.5154428,0.35830402,-0.104746476,-0.429356
-0.039943222,-0.39413154,-0.3582202,-0.288302,-0.18203719,0.33579817,0.13960089,0.27310547,0.5257756,-0.20727871,-0.06796214,-0.5917543,-0.39142275,-0.26892287
0.098919265,-0.6610525,0.11345447,-0.38430983,-0.26160595,-0.65127194,0.14156982,0.055171687,-0.28827333,0.48968306,-0.07643019,0.14394845,0.08171336,0.15108085
0.5163019,0.5882156,-0.13900764,-0.13973491,-0.30983344,0.34431353,0.015030003,-0.4558656,-0.27934036,0.16032626,0.54971457,0.5140193,-0.08250479,0.0753654
0.55049294,0.4598339,0.27611536,-0.34542316,-0.0873746,-0.3877037,-0.4515293,0.044997085,0.24547797,0.5495459,0.49630457,0.21177158,-0.46503955,0.5349746
0.1346785,0.18413703,0.031946503,0.41402417,0.08708788,-0.117728986,0.08069732,0.33533648,0.06819008,0.13111942,0.37991342,-0.3034899,0.5116829,-0.16569544
-0.02812572,0.4433566,-0.26329842,-0.284578,-0.34370944,0.31202918,-0.62405246,-0.71000427,-0.1440632,-0.23444094,0.28775248,0.27807066,0.26392522,0.23152226
0.19700283,0.0925284,-0.32327807,0.0065965997,-0.25128585,-0.16220854,-0.36425808,0.009605889,0.061512783,0.12135642,0.19786532,0.4808227,-0.14611396,0.12614617
0.2634696,0.0725824,0.46078175,-0.35333148,-0.16474248,0.14024533,-0.2725207,-0.0407818,0.61141545,-0.14048234,0.4436365,0.5018518,-0.5005257,0.6168912
-0.44365442,-0.39440897,-0.15346271,0.4910912,0.11169395,0.06994856,0.45817104,-0.0038891844,0.16834778,-0.19369625,0.19655803,0.0051299483,-0.44877142,0.20843011
-0.6751962,-0.6829285,-0.3832896,-0.005414075,0.19631764,0.45061168,0.07849076,0.48565167,-0.09785126,-0.16377978,0.055334963,0.15231511,-0.5224404,-0.4829746
0.6875704,-0.19914842,-0.3613307,0.026844248,-0.44199175,0.43149105,-0.30933014,0.32579374,0.5613484,0.005028139,0.4623546,0.07227806,-0.3797708,-0.0095343385
0.00066427124,-0.15032484,-0.046860408,-0.1598624,-0.5570591,0.10907457,-0.3934551,0.100654,0.31232136,0.10163054,0.70852196,0.44203335,-0.18106173,0.17826602
-0.48812044,-0.24619609,-0.4787847,-0.15544562,-0.40119395,0.6742489,0.15575926,0.5631264,0.45172724,-0.48784053,-0.14495885,-0.5528473,-0.25250515,-0.48341435
-0.6156638,-0.5031579,-0.23207575,0.5914675,0.15309608,0.20257811,0.34519142,0.4725245,-0.2213603,0.49215835,0.42451623,-0.2575571,-0.45629793,0.15653272
-0.3956957,-0.38677412,-0.20181388,0.022888422,-0.19527441,0.40841973,0.085647024,0.24932191,0.42815688,-0.1846079,0.03894079,-0.17053388,-0.25638726,-0.14346619
0.087253354,-0.11753504,0.18426114,-0.43400127,-0.47368827,0.6514876,0.120485716,-0.3820151,0.5176505,-0.027136037,-0.04947354,0.63331836,-0.4619529,0.50463426
-0.539753,-0.50805014,-0.13271725,0.5315306,0.64136034,0.04587277,0.44408342,0.63966143,-0.2838563,-0.21237117,0.41000214,-0.3549671,-0.12138259,0.6193104
-0.5045635,-0.14512655,-0.26446047,0.44314888,0.14472882,-0.07124428,0.3460442,0.1845896,0.34723404,-0.088261545,0.3662395,-0.045228682,-0.49769935,0.429216
-0.16423278,0.057904135,-0.12341753,0.06030383,-0.29556453,-0.019080153,-0.3335605,-0.27206886,0.2791802,-0.0031702078,0.22768806,0.28791687,-0.21686411,0.2373643
-0.16374354,0.06969946,-0.0716798,0.16503969,-0.6871922,-0.28984195,-0.080134675,-0.04199747,0.24419853,0.66777134,-0.023893517,0.24685365,-0.47276494,0.2107646
-0.2234031,-0.48147509,-0.66135925,0.69091463,0.4229674,-0.32856327,0.7364109,0.36007118,0.2565227,0.3184172,-0.109780386,-0.109391004,-0.48569787,-0.17851026
-0.57622045,-0.5869589,-0.28795347,-0.033569064,-0.52336854,0.57159466,0.15962403,0.54300237,0.6199571,-0.38240469,-0.320112,-0.38095653,-0.59912163,-0.36509514
0.14982927,-0.04241571,-0.3291706,-0.080134876,0.08987553,0.08869768,-0.60582477,-0.44722825,0.33342022,-0.51419884,0.62099165,0.44277585,-0.3598612,0.63909775
-0.2984368,-0.12560178,-0.4007532,-0.068504065,0.33260775,-0.011104714,0.41079435,0.46784052,0.14174573,-0.61114806,0.41771147,-0.30428582,-0.6163109,0.44369078
0.31064108,-0.34348917,0.38100266,-0.5089258,-0.4131731,-0.027324356,-0.2771397,-0.45826277,0.43821383,0.013661693,0.10839376,0.609256,-0.6892943,0.17242971
-0.3554369,-0.45854035,-0.7045823,0.5876975,0.3214329,0.06691811,0.22224605,0.421205,-0.15058777,0.13164471,0.20457815,0.027958157,-0.14530392,-0.25063273
0.078635894,-0.39294782,-0.4658574,0.22212705,0.44538006,0.46466786,0.5877905,0.6084799,0.17607178,-0.24487612,0.45061952,-0.29291874,-0.41704693,0.14758265
-0.3989571,-0.24175496,-0.18420927,0.36696628,-0.09794638,0.43797073,0.08518654,0.13781965,0.5074558,-0.30702558,0.3623651,0.24825025,-0.59350604,0.21465415
-0.33510548,-0.5611282,-0.60945797,-0.17417051,0.13559783,0.026230413,0.036320332,0.45526618,0.38339838,-0.25251535,0.3607358,-0.030936606,-0.4714827,0.058530085
0.13956556,0.23186743,0.22013927,-0.1760214,-0.5153999,0.1934319,0.25509158,-0.16297138,0.4835491,-0.03995879,0.67204255,0.6136718,-0.28428766,0.34630868
-0.5450298,-0.7301567,-0.3984346,0.1662532,0.42580232,0.014645331,0.2440506,0.40442622,0.18496427,0.1061779,0.19007756,0.13541175,-0.4622905,0.2539261
-0.51913536,-0.2970171,-0.6414682,0.25946242,0.17512159,-0.3598204,0.6447933,0.52354205,-0.15529509,0.20468298,-0.09361613,-0.20660205,-0.053090386,0.42296833
-0.5895797,-0.48122334,-0.41695017,-0.21115714,-0.45359042,0.60484874,0.07214199,0.4917702,0.61496305,-0.37377483,-0.49067384,-0.47993073,-0.4674549,-0.27567437
-0.42803767,-0.472347,-0.3818086,-0.30592668,-0.2905181,0.54267347,-0.14212665,0.43183583,0.55531484,-0.33814237,0.04619028,-0.6362593,-0.39026883,-0.48725846
-0.3031598,-0.47249708,-0.47490975,-0.10774995,-0.33079982,0.6364162,0.051349342,0.4459317,0.57234246,-0.3498887,-0.10042554,-0.6298591,-0.34583798,-0.34742388
-0.3736335,-0.61050147,-0.46346775,0.37557596,-0.0015682081,0.16926818,0.50344795,0.266158,-0.298208,0.20168234,0.40313622,-0.31466815,-0.31900474,0.41798848
-0.20372057,0.3050271,0.49344763,0.19410998,-0.54728365,-0.37147978,0.33680478,0.010071318,0.118254036,-0.1325407,0.024047038,0.040088672,-0.33136022,-0.5205734
-0.2496915,0.6117724,0.13415582,-0.6505421,-0.16503622,-0.0023410704,-0.3776083,0.22825944,0.012856135,0.010476954,0.6044773,-0.2660487,-0.3936892,-0.4795592
-0.055208545,0.21381776,0.09429711,-0.019438291,-0.37208092,-0.26091024,0.12935033,-0.20129856,0.09925635,-0.28400615,0.15306064,0.017730074,-0.27081883,-0.29712778
-0.26908556,0.16952537,0.18554384,-0.38171273,-0.23307663,-0.38996282,-0.025613828,-0.23219283,0.23858818,0.07318638,-0.6604773,0.14685255,-0.47832683,-0.52123946
-0.59714174,-0.1401018,-0.35501873,-0.5539161,-0.33127147,0.44145104,-0.1738677,0.42189172,0.36248723,-0.41256973,-0.23851457,-0.3985014,-0.37566236,-0.49469832
-0.6070403,0.024508325,0.35047135,-0.51237005,-0.44593084,-0.6259817,0.10322456,-0.0064413506,0.24507052,-0.057628367,-0.022863528,-0.1265796,0.24376878,-0.60645986
-0.5063851,0.05695561,0.49516556,0.14779015,-0.54684305,-0.5317517,-0.23783939,0.063839115,0.28849947,0.18781047,-0.08905472,-0.1916793,0.054361347,-0.44143587
-0.3884509,0.18404092,0.6728273,-0.0009250117,-0.39737737,-0.23034838,0.044279825,0.27552694,0.183955,-0.110154875,0.314304,-0.29412472,0.04001745,-0.36563763
-0.06584354,0.4941303,0.22012827,0.26158735,0.16643398,-0.5528309,-0.3281226,-0.34352708,0.25684693,-0.28637096,0.4461061,-0.099974304,-0.27981073,-0.65698504
-0.6058053,0.05137463,-0.58132964,-0.6588302,0.34300864,-0.09686903,0.37568834,0.045823283,-0.1937751,0.005177679,-0.00025683083,-0.23654911,-0.32400975,-0.3489737
0.11849234,0.15914561,-0.21031278,-0.5302157,-0.7035056,-0.14235207,-0.6159491,0.22079812,0.41406682,-0.06396756,0.28005683,0.26138556,-0.3029695,-0.024086166
-0.25493485,0.25242707,-0.38545477,-0.5872953,0.45437673,-0.3342746,-0.23713653,-0.006825631,0.16124403,-0.32271165,0.19944741,-0.09815567,-0.12069123,-0.22100405
-0.20558266,-0.20453441,-0.3143062,-0.2605759,0.45925862,-0.25825632,-0.10160632,0.3508578,-0.17599063,-0.31708843,0.33373675,-0.55861396,0.11025126,-0.16959733
-0.23081878,0.26449433,0.33061656,0.27724022,-0.19880697,-0.38928095,0.09258841,0.108400874,-0.25526917,-0.39294863,0.39790514,0.17742255,-0.09770184,-0.60996485
0.09659793,0.2735546,-0.019929552,0.05517072,-0.53754246,-0.20804203,0.2403944,0.42826432,0.05895965,-0.2371778,0.1614924,0.050165538,0.03803583,-0.47285202
-0.07923399,0.5807865,0.13755792,-0.28206563,-0.54437083,-0.48699084,0.05339823,0.621003,-0.073335804,0.019741474,-0.032164603,-0.031485595,0.16093184,-0.42780167
-0.37442574,0.33492702,0.28563654,0.12419266,0.15124047,-0.23844542,0.19175954,0.52918106,-0.065740496,-0.6264118,0.12358537,-0.7021713,-0.51550084,-0.53375244
-0.3266625,0.38258585,0.17645286,-0.79417527,0.04282419,-0.056583993,0.5583948,0.06485091,-0.119573,0.44751003,-0.14544135,0.080314316,-0.40705916,-0.62878484
-0.41811517,0.5900982,0.2418997,-0.22861086,0.05056893,0.32264856,-0.1637419,-0.20144236,0.3116085,0.10243175,0.3131897,-0.30265418,0.23567404,-0.48821607
0.348798,0.4998835,0.32232127,0.1931448,-0.17463717,-0.044106383,-0.055901602,-0.21207665,0.65523577,0.3695427,0.43513468,0.00042605208,-0.0950049,0.13308772
-0.2804431,0.25788733,-0.35714343,-0.68010896,0.30949757,-0.25747728,-0.2381057,-0.049820628,0.08527318,-0.13717404,0.09881108,-0.1709687,-0.040727343,-0.09860736
-0.29860803,0.05682886,0.18558232,-0.07000462,-0.45821056,0.27606207,-0.4861117,-0.25585678,-0.5801652,-0.33387402,-0.3413398,0.3206906,-0.05414117,-0.2683127
-0.40852207,-0.34921542,-0.28931585,-0.28446355,-0.39793974,0.44659114,-0.113595515,0.49403745,0.45283,-0.44868138,-0.3226988,-0.5220011,-0.4322191,-0.4515104
-0.32158318,-0.34696937,-0.28757152,-0.27848482,0.1156188,-0.22929138,0.2154982,0.061716132,-0.59799284,-0.24966164,-0.41772255,-0.47637764,-0.1837318,-0.5588825
-0.20657025,0.39775106,-0.31435278,-0.7727026,0.103031,0.20353006,-0.5917274,-0.08912189,0.5486832,0.030314002,0.49644485,0.0009975393,0.048613213,-0.10285498
-0.39050674,-0.020228831,-0.40997997,-0.4601184,0.46044973,0.04512364,-0.4664267,-0.18855307,0.45081967,0.17795888,0.056977056,-0.22699344,0.7002517,-0.58724535
0.005671146,0.13802603,0.204004,-0.42383346,-0.07168343,-0.43221214,-0.19754744,0.1679956,-0.06406144,-0.20123842,0.2617851,0.34068146,-0.68589586,0.13371946
-0.57827175,0.18198478,-0.630718,-0.4354385,0.5773845,-0.27117005,0.5480617,-0.07464333,-0.6359502,-0.4908194,-0.018133046,0.18795128,-0.6479694,-0.38780862
-0.57442176,-0.6142466,-0.36686215,-0.6380879,0.19946404,-0.19861181,0.07896209,0.12825635,-0.5682768,-0.41159576,-0.18740276,-0.43085724,-0.2967916,-0.14368437
0.20047656,-0.2651532,-0.15486509,-0.4241526,0.08840174,-0.6699093,0.09812219,-0.6985376,0.16692011,-0.4957128,-0.19090188,-0.17820758,-0.364855,-0.24291219
-0.026152462,-0.68688977,-0.039337315,0.40232322,0.4634449,-0.47895905,0.024070414,0.38978437,-0.43141255,-0.43860006,0.11696784,-0.5652111,-0.25831303,-0.4446248
-0.18411638,-0.10260071,-0.29630882,-0.46001405,0.108330846,-0.4978767,-0.12848778,-0.36746132,0.17989516,-0.036249984,0.10105659,0.20369433,-0.43876758,-0.13185774
-0.5009082,0.12509449,-0.41311193,-0.6524204,0.23078908,0.08474553,-0.46969002,-0.059428863,0.034269493,-0.34817278,0.3733987,0.17052922,0.39595562,0.009732591
-0.6666639,-0.15996894,-0.4108107,-0.6382243,-0.18699232,0.5096362,-0.15469831,0.45995224,0.44558352,-0.41308743,-0.21155596,-0.42978138,-0.27534914,-0.50160533
0.0660534,0.42211583,-0.279694,-0.1306368,0.2423326,-0.2510295,0.04209369,0.30643776,0.45136636,-0.27038628,0.5529319,-0.058090243,-0.40739742,0.21263635
0.11287319,0.6494739,0.0758595,-0.72492737,0.086540125,-0.21862805,-0.50482917,0.15937956,-0.41313785,0.2913631,0.14615768,-0.07840283,-0.21909945,-0.25088322
-0.47807056,-0.5832618,0.00204561,-0.48710746,0.5566515,-0.2722197,0.11780736,0.046756152,-0.42264673,-0.3515334,-0.30755714,-0.39336103,-0.61401194,-0.4338214
-0.15210943,0.06585656,-0.4268498,-0.5443555,-0.34016946,-0.116572164,-0.6489247,-0.29342222,-0.14142308,0.059081063,0.22205347,-0.015170088,0.20214666,-0.09529602
-0.22999027,0.2846192,-0.1994084,-0.61232245,0.11794183,0.36918503,-0.08710257,-0.020023407,0.17932105,0.1176519,0.3890905,0.094264165,0.47864693,-0.110899046
-0.37459248,-0.49960297,-0.4636077,-0.48683503,-0.17528793,0.49287525,-0.0824355,0.4739485,0.6569606,-0.3365241,-0.20110083,-0.66017514,-0.23806927,-0.33373705
-0.51923215,0.08954576,0.19722201,-0.21978217,0.042805813,-0.39996997,-0.21421134,-0.38347295,-0.10591057,-0.36264983,-0.6898744,0.23465818,-0.03373716,-0.26511043
-0.3201692,0.08408665,0.20308968,-0.6539828,-0.26491144,-0.43517232,-0.064400874,-0.03893511,0.1461273,0.27054173,0.18811485,0.4296374,-0.012875507,-0.32161275
-0.5327722,0.54441243,-0.3724941,-0.34331125,0.2642974,0.36343896,-0.2423525,-0.6285784,-0.27256298,-0.51307493,0.097234495,-0.1970994,-0.22328429,-0.14264834
-0.6526349,0.47441164,-0.32112446,-0.6031681,0.40673935,0.22240457,-0.72300345,-0.7981862,0.094278224,-0.21352911,0.18792543,-0.43519443,0.29140463,-0.2073475
-0.59526116,0.38338348,-0.53256184,-0.606956,0.5143899,0.0014104171,-0.52412456,-0.07109503,0.30914262,-0.30586222,0.35542017,-0.084617704,-0.044390634,0.020133996
-0.41731405,0.043215465,-0.33793712,-0.5131524,0.6283246,-0.08174917,-0.54925585,-0.4370203,0.5195483,0.32943305,0.18735994,-0.1356579,0.28489155,-0.5008747
-0.49056366,0.71322244,-0.42309383,-0.4398027,0.13776396,-0.14209174,-0.27739197,-0.33428228,0.16680498,-0.16374011,0.027778422,-0.52184427,-0.07991863,-0.19690408
-0.3153048,0.02836051,-0.07916728,-0.6422491,0.63426644,-0.1746916,-0.3022133,0.065056555,0.41894713,-0.07524299,0.5192338,-0.02221649,0.27170923,-0.06919052
-0.4117592,0.6423752,-0.39950663,-0.702928,0.42322442,-0.12886457,-0.2069326,-0.016153371,0.15873195,-0.19632389,0.5574357,-0.06956685,0.16576348,-0.032046374
-0.41628662,0.23117304,-0.19253993,-0.6578967,0.51367354,0.42084795,0.045769233,0.32150206,-0.019344497,-0.0755326,0.2509387,0.17457315,0.5269475,0.104598634
-0.5096479,-0.34108567,-0.4721902,-0.5134925,-0.36823475,0.49234718,-0.07349225,0.50450385,0.56439084,-0.41214827,-0.42507896,-0.57369274,-0.36905655,-0.333298
-0.10899157,0.31529278,-0.5359265,-0.49864858,0.20602001,0.17660475,-0.2134712,-0.50373673,-0.05931508,-0.22853166,0.16083795,-0.18195286,-0.2823342,-0.3765043
0.4098154,0.10699999,0.060984705,-0.52927417,0.25279206,0.09292719,0.38344127,0.31214812,0.1485292,-0.008107512,0.17393653,0.038611952,-0.73283035,0.23621693
-0.2673613,0.43705755,0.4158653,-0.43344966,0.22663477,-0.012648148,0.23674017,-0.3804612,-0.17808476,-0.283201,-0.3270366,0.4464062,-0.25223807,-0.38835776
0.5318869,0.705667,0.23806728,-0.18806398,-0.28760576,0.1162552,-0.0044131014,-0.39746708,0.38390562,0.01546934,0.333204,-0.0050828326,0.43022925,0.33466142
-0.4009571,-0.3361069,-0.40427873,-0.34251955,-0.39072478,0.37907085,-0.08925048,0.46363375,0.47119892,-0.37229547,-0.35154602,-0.5553928,-0.47742078,-0.32398096
-0.4599885,0.31299165,-0.57189965,-0.81473505,-0.10581032,-0.18647914,-0.34340948,0.16418532,-0.21070112,0.5147319,0.56865555,-0.15077238,0.59460557,0.23021187
-0.424649,-0.16430677,-0.055136964,-0.15656993,0.39169616,-0.5603117,0.37310115,0.15805794,-0.5466087,-0.32476318,0.5631695,-0.5223384,0.07665525,-0.060544845
-0.2170413,-0.11885072,-0.5041011,-0.5116281,0.56725526,-0.075028144,0.27907464,0.16361569,0.02302846,-0.15061152,0.33490422,-0.5031865,0.18485811,-0.21520692
-0.34330606,0.32786047,-0.15803802,-0.5092401,0.021424621,-0.61417973,0.2028345,-0.4334244,-0.18832569,0.13824268,-0.16144705,0.32634315,-0.12817758,-0.07746172
0.25558347,0.3211392,0.14423892,0.567532,-0.47333482,0.02362927,0.24840736,-0.24222662,-0.18789752,0.031199327,0.5632092,-0.55974615,0.07323105,-0.084535204
-0.4457885,0.51689684,0.2257446,-0.15024939,-0.27174166,-0.41966876,-0.04474079,-0.57024175,0.23505074,0.2322423,0.01185155,0.084776096,-0.53892684,-0.4813798
-0.3502589,0.5573226,-0.29774636,-0.45822498,-0.16898803,0.121274,-0.270558,0.3386169,0.17333029,-0.12636504,0.3379691,0.013661266,-0.19312225,-0.15293477
-0.4550769,0.38330725,0.15816762,0.2318729,0.33303496,-0.23945265,0.014602613,-0.025527395,0.5763431,0.23518723,0.19887188,-0.31139442,0.008796446,0.14681369
-0.55980426,0.3183945,-0.14844957,-0.50393075,0.03939702,0.05905212,-0.34440768,-0.4611863,0.26709062,0.042052515,0.7104272,-0.19940303,0.08209449,-0.17289749
0.08322058,-0.045216616,-0.089213386,0.028887339,0.11067158,-0.7332642,-0.060084693,-0.15781924,0.36333454,-0.0906176,0.52671504,-0.5731284,-0.53925,0.30748874
-0.5012072,0.38018024,-0.18168697,0.5563412,0.39841503,0.051320106,0.17988199,-0.07350237,-0.16420723,0.12256202,0.23726012,-0.6814314,-0.4095633,-0.5579589
-0.06792439,-0.025148684,0.21449587,-0.153025,-0.7593726,-0.428166,0.14204396,0.53892905,-0.08362232,0.39953253,0.21809699,-0.34787154,-0.43919954,-0.15507062
-0.3681643,0.094427004,-0.31746614,-0.70406425,-0.0969701,-0.042012323,-0.5486521,-0.44322637,0.5077452,-0.044026945,0.64979064,0.10601208,0.5777732,-0.12831998
-0.17726754,0.028563289,-0.25634086,-0.010177514,0.38886532,-0.46024442,0.45632154,0.29858688,-0.26144665,-0.01900868,0.3639005,-0.38270885,-0.544697,-0.70031834
0.25079197,0.019833952,0.6156958,0.38359502,0.20421964,-0.28911936,0.0801968,-0.5144894,0.20178096,0.101231046,-0.34835953,-0.32293028,-0.17589784,-0.55369073
0.24520293,0.36834136,-0.19156921,0.14563172,-0.23816659,-0.22096065,-0.16775489,-0.26194707,-0.20326172,-0.39626053,0.6214145,-0.11382812,0.5347305,-0.4341863
0.060752723,0.462018,0.20753407,-0.06770125,0.5098703,-0.396827,-0.04506614,0.44906121,0.5829835,-0.29896495,0.6058786,0.026614191,-0.11761896,-0.43518806
-0.25247765,-0.0776511,0.27334687,0.009741176,0.3784175,-0.38880816,-0.29713643,-0.4303674,0.36796772,0.17630811,0.011955932,-0.28869298,0.16576429,-0.6770885
-0.65519845,0.09804786,-0.38091585,-0.50305784,-0.29811034,-0.019196715,-0.34893814,-0.42643473,0.08538885,-0.04679865,0.2196295,-0.117891476,0.5303093,-0.08773719
-0.41006088,0.33660764,-0.123434395,0.39513898,-0.34978643,-0.1465018,0.07379905,-0.5357025,-0.15830459,0.009553514,-0.090051554,-0.17542785,-0.37438664,0.0225772
-0.37661052,0.49568364,-0.16030307,0.66069645,-0.21714507,-0.052378822,-0.12481471,-0.39725846,0.219926,-0.14048092,0.5881496,-0.5114271,-0.29768246,-0.34105927
-0.09279287,0.2056576,-0.027606672,0.39710307,-0.08312889,-0.11837339,0.085505456,0.011280283,0.06942669,-0.3935533,0.63862026,-0.1302554,-0.046701178,-0.2935792
-0.16233745,-0.5763342,-0.43326968,0.06887765,-0.43266052,0.4884639,-0.03222756,0.37916183,0.63381344,-0.26552957,-0.17353538,-0.7670103,-0.47323108,-0.22812392
-0.023091601,-0.18280306,-0.39671576,-0.09898736,0.44099665,0.3253082,0.54386216,-0.05742595,-0.16486615,-0.5324999,-0.117415816,-0.50091946,-0.3395654,-0.34710968
-0.210584,0.3722833,-0.23165448,-0.6909849,0.12686025,0.21008806,-0.32767698,-0.2627716,0.2052718,-0.20871516,0.57352275,0.16648753,0.06891686,-0.038728226
0.47921613,0.1329647,-0.30172527,-0.024611859,-0.26112837,-0.18992984,-0.3567519,0.07585947,0.046057038,-0.3295481,0.5890448,-0.052420467,-0.067410976,0.1497139
-0.4056486,-0.28856036,-0.604882,-0.47986424,-0.04310901,0.6081582,0.014599125,0.28806016,0.6008488,-0.22379664,0.20512722,-0.7060852,0.071203664,-0.4000176
0.43133244,0.1225006,-0.55821276,-0.18874629,-0.06552563,-0.40696985,-0.45476705,-0.3553144,0.4134709,-0.08118857,0.6336249,0.13922907,0.003988599,0.46109852
-0.10576652,0.41832152,-0.20001031,-0.40309516,-0.6327161,-0.2936901,-0.4525125,-0.1118364,0.17901936,-0.4564193,0.38840082,0.31890386,-0.38803387,0.21096198
-0.18854706,-0.12987716,-0.39694837,-0.085804924,-0.6168968,-0.13378024,-0.45142943,0.002546293,0.7655854,-0.29521838,0.6433787,0.123560935,-0.17161246,0.4797686
-0.03358772,0.08532439,0.2560028,0.40192008,-0.34745908,-0.068880886,-0.052516833,0.36574715,0.093503125,0.07993816,0.5441293,-0.0025325923,-0.21220905,-0.57620925
-0.085597575,0.36903095,0.100640684,-0.21300629,-0.63388103,-0.31569618,-0.17176588,-0.063932784,0.48518378,-0.31447825,0.3584207,-0.035559095,-0.026268598,-0.103642285
-0.19353454,-0.02366721,0.069294974,0.22552262,-0.27850968,0.042024646,-0.23726915,0.100627035,0.13570704,-0.22905788,0.528234,-0.18101628,0.03042418,-0.39982036
0.43051553,0.56665725,0.21063495,-0.5214569,-0.3230084,0.33875504,-0.44623673,-0.40681654,0.34607974,-0.21864079,0.596484,0.26597548,0.14540917,-0.109047316
-0.17586796,0.027491497,-0.2087258,0.32388902,0.55409443,0.071783066,0.14014308,0.11343714,0.31653774,0.22394943,0.6147836,-0.5400935,-0.6580525,-0.015826575
-0.43314624,-0.25981665,-0.40287971,0.54404676,-0.09184421,-0.3563141,0.25837252,-0.025189752,0.055001542,0.13257803,0.30494687,-0.618589,-0.6238087,-0.35809308
-0.29560444,0.4526106,0.38341674,-0.009349236,-0.3751877,-0.22833647,0.22208047,0.12362618,0.1320626,0.31070286,0.62915426,-0.03751086,-0.2908169,0.012192794
-0.39350918,-0.33050618,-0.3658372,-0.04735743,-0.3639176,0.54901963,-0.27229115,0.5565484,0.38635197,-0.4442049,-0.12048967,-0.61122376,-0.53373116,-0.4397125
-0.08395563,-0.017401068,0.2806989,-0.07538809,-0.43389636,-0.28987747,-0.026547166,-0.19386484,0.38305405,0.3553983,0.36078626,-0.13907863,-0.3049118,-0.5557235
0.16170166,0.06380419,-0.108924836,-0.24237636,-0.49955258,-0.36488977,-0.2693494,-0.5978121,0.31371364,0.12837195,0.73320323,0.110709,-0.399243,0.07561055
0.2959162,0.08109778,0.33824855,0.44103214,0.31875902,0.097814545,-0.21495478,-0.23567045,0.29248348,0.14954215,0.29030454,-0.17276536,0.16514598,-0.5875684
0.16448888,0.17451674,0.62612325,0.5641886,0.549241,-0.24454327,-0.5336794,-0.27916354,0.33789828,-0.39361414,0.08987334,-0.36235946,0.40706643,-0.172328
-0.14598139,0.14400232,0.37107307,0.1998176,-0.3830097,0.06854877,0.056297872,0.01804011,0.4378406,0.5187934,0.34438318,-0.58044183,0.106341854,-0.4999031
0.203173,0.0073680454,0.23527466,0.58057535,0.17868029,-0.04013074,-0.31669122,-0.329738,0.038542096,0.3466223,-0.043506857,-0.49204856,0.31523776,-0.5208312
-0.10849692,0.21385902,0.23420875,-0.1742504,-0.24461825,0.1111458,-0.38147783,-0.17452522,0.052828398,-0.06624884,-0.48927176,0.40530246,-0.041614786,0.06321167
0.16938198,0.041965894,0.12723102,0.17507531,-0.13702238,-0.18749632,0.24564311,0.21932991,0.5046062,0.27231875,-0.1500398,-0.1971848,0.38017666,-0.2396599
-0.31645063,0.29645634,0.53471184,0.504729,0.016595343,-0.20991817,-0.52950376,0.26943237,0.43101868,0.3491648,-0.07502935,-0.18943554,0.13472834,-0.17383178
0.1976673,0.47400147,0.030394074,0.5364151,0.4622801,0.034654036,-0.22490878,0.5460375,0.47854134,0.17304657,0.25540477,-0.065537,0.48947442,-0.41028702
-0.35309833,0.1320461,0.17670952,0.56614923,-0.17439444,0.3882592,-0.34490472,-0.4099567,-0.051775575,0.51679206,-0.56810325,-0.35566753,0.23093972,-0.17383985
0.2106835,-0.09524786,0.57981294,0.44652745,0.48843536,0.3184492,-0.07728501,-0.66651064,0.40597582,0.16104299,0.02115348,-0.47425914,-0.21311887,-0.09296248
0.07673886,-0.28256014,0.38442603,-0.22301206,0.11968937,0.3960361,-0.2858615,-0.5949516,-0.2659481,0.5251637,-0.29585734,-0.5675437,0.32021075,-0.022256283
-0.12623562,0.30804288,0.1841472,0.46091592,-0.27740303,0.15179466,-0.2027394,0.08835771,0.49587566,0.18378574,0.29533824,-0.21358791,0.32520452,-0.02081107
-0.10078368,-0.11675793,-0.18962945,0.35110483,0.19378278,-0.039168425,0.04787147,-0.20018026,0.119675495,0.6303443,0.30123734,-0.31123304,0.16042913,-0.3149193
0.32644346,-0.28023186,0.38662943,0.40619767,-0.016019292,0.27721906,0.28608316,-0.65683305,0.32726297,0.10546515,0.24186413,-0.3031516,0.16399276,-0.09095774
0.3148248,-0.77976286,-0.45114896,-0.4326577,0.28581443,0.3670048,-0.32767186,0.6651735,-0.27580735,-0.3373101,-0.34877032,-0.53396523,0.1521656,-0.57830566
0.25877705,0.22183666,0.10083152,0.6177192,0.08645049,0.46195003,0.30564123,-0.36013597,0.2504512,0.58792555,0.6035307,-0.20120645,0.07649313,-0.070949174
0.07204749,0.3381331,0.7072239,-0.06584686,0.500164,0.08016921,0.4827203,-0.27955276,0.07651557,0.2975124,0.068241544,-0.47350758,0.4376565,0.22436896
0.05758624,0.66943896,0.30775806,0.54639757,0.2359544,-0.22861937,0.20317371,-0.28942898,-0.13092205,0.67831194,-0.23463984,-0.25724208,-0.18075287,0.042120837
0.3479583,-0.18522096,0.38313183,0.29574946,0.5326657,0.34651184,-0.05602225,-0.16428204,0.26304498,0.5023218,0.26841882,-0.32682508,0.2697665,-0.22576833
-0.21652123,-0.14023133,-0.18357234,0.5021173,0.24065313,0.44382066,0.041793413,-0.44356057,0.50465506,0.39733773,0.35945565,-0.14709039,0.37053442,-0.34461078
0.37744704,-0.028137222,0.6136258,0.2457438,0.060163762,0.46893185,-0.1615515,-0.35953516,0.13453507,0.056748834,-0.028508624,-0.23582993,0.022134326,-0.25821304
0.34573132,-0.25692612,0.58699745,0.2572775,0.024366926,0.0890537,-0.13432503,-0.37572345,0.304392,0.32439896,-0.22153495,-0.44974613,0.4424426,-0.47157818
0.21051313,0.5494598,0.059074216,0.57016754,0.013620477,-0.019481331,0.17329387,-0.002276524,0.18075727,-0.05138122,-0.3076752,-0.58447635,-0.11523222,0.52652234
0.051689968,0.1676294,0.22945346,0.51379883,0.22498715,0.054562848,-0.34465113,-0.20556541,0.029638184,0.2406319,0.69680375,-0.34124243,0.18263863,-0.05443769
-0.34304303,-0.06573314,0.57532096,0.248128,0.2719797,0.6105688,-0.5519915,-0.55641794,-0.51088226,-0.028742904,-0.540125,-0.5725952,0.3537358,-0.09632735
0.016375978,0.34539217,0.2542679,0.35321197,0.18471101,0.23641132,-0.121118836,-0.6982714,-0.13791043,0.1654009,0.10420802,-0.5534663,0.029073596,-0.34554866
0.3216544,-0.18546548,0.5522699,0.45363873,-0.120772384,0.34056994,-0.023491107,-0.40354222,0.06455036,0.34230334,-0.004948848,-0.6039747,0.37158117,-0.20373072
-0.23349527,0.033765115,0.70750886,-0.13588895,-0.6824622,-0.040031243,0.20689577,0.1660021,-0.028196778,-0.08347125,0.12875096,0.1618246,0.42443052,-0.11094981
-0.25651288,-0.3300254,0.5270158,-0.15636653,-0.23431115,-0.21505114,-0.14125228,-0.06967853,-0.2091787,-0.25466567,0.7229214,0.34332016,0.38733834,-0.5418671
-0.4709414,0.096158326,0.09501946,-0.36411583,-0.16561593,-0.046915535,-0.13966638,-0.25987723,0.17051515,-0.516344,-0.2942426,0.17489606,-0.106978044,-0.16084096
-0.37707758,-0.55679566,-0.61175686,-0.30633965,0.17088673,0.038796473,0.3565528,0.068505205,-0.45510164,-0.38952747,-0.24114433,-0.08791274,-0.5487075,-0.3031353
-0.34341204,0.11526527,0.33872947,-0.27948365,-0.35292175,-0.34396368,0.26136,-0.22858156,0.13421501,-0.15503219,0.23333372,0.048385125,-0.5308032,-0.5009597
-0.48139134,0.31008136,0.63538796,-0.053610448,0.20526454,0.021814208,-0.0874354,-0.16956098,0.24462168,-0.024618711,0.41069046,-0.3378336,0.52596134,-0.58163345
-0.15615195,0.058031194,0.39694557,-0.111362554,-0.7526843,0.006968959,-0.07899159,0.044556454,-0.004268782,-0.055477407,-0.012266005,0.085394345,-0.41154075,-0.4389959
-0.056145243,0.260775,0.2243878,0.024469236,-0.6556199,0.07347701,0.18259,0.019731058,-0.11439207,0.29878712,0.18030149,0.21806306,0.13302372,-0.56799746
0.18509595,0.15062827,0.050361697,-0.38035408,-0.6590004,0.11150917,-0.4739474,-0.5582902,0.53974396,0.035541303,0.647212,0.24850202,0.35561016,0.04102499
-0.62878156,-0.53116065,0.21819027,0.4238566,-0.13438237,-0.27954948,0.74781424,0.47521347,-0.14091621,-0.20425598,0.20699443,-0.61150897,0.024683066,-0.029202724
0.25149745,0.1816466,0.4763657,-0.2656401,-0.43016562,0.069964804,-0.24229394,-0.43609577,0.22040561,-0.16373429,0.6930838,0.28103483,0.40735883,-0.51207566
-0.18307786,0.55985224,0.07456291,0.18172957,-0.26175663,0.36619738,-0.5769334,-0.49846992,0.016886106,0.067407064,0.4232686,-0.08268473,0.062137395,-0.1854026
-0.019745942,0.004937553,0.30012324,-0.37902978,-0.1131759,-0.20451532,-0.4672255,-0.5496984,0.4034449,0.20832999,0.6517187,-0.07541211,-0.030366283,-0.3631919
-0.5282277,0.27900666,-0.4781478,-0.37679484,0.49731553,0.23704313,0.10529513,0.25669634,0.31982055,0.25917548,0.681888,-0.62537575,-0.30051634,0.059475947
0.0503872,0.29773524,-0.058271162,-0.37792075,-0.57422256,0.09120228,-0.29795706,0.008742896,-0.05282757,-0.291691,0.41812396,0.3441908,0.3205833,-0.48388004
0.02242397,0.11328573,0.1333101,-0.06054404,-0.45275745,-0.027400594,-0.25308803,-0.34339574,0.29905275,0.30346724,0.68575627,0.055708967,0.09705056,-0.4488942
0.43652222,0.27618238,0.110327035,-0.4428525,-0.21713272,0.30596736,0.23132406,-0.26232588,0.16929989,0.17166206,0.08955312,0.084212914,-0.40274397,0.1444262
-0.50937515,-0.0071010455,-0.007768728,-0.7653486,0.48543167,0.5917123,-0.63185817,-0.13396731,0.33105654,-0.33592057,0.07514722,0.20093879,-0.34208223,0.048813175
0.22853622,0.2380335,-0.45678982,-0.17813565,-0.02916112,-0.10568221,0.05726075,0.24675786,0.35895357,-0.5506133,0.23295859,-0.15456764,-0.5567552,0.44335076
-0.36724058,0.31455436,-0.34483957,-0.6112298,0.27542374,-0.12958276,0.14964242,-0.20864707,0.39057547,-0.39052477,0.45941022,0.18553415,-0.19716936,0.13733295
0.009573696,0.22067025,0.012722926,0.011616966,-0.3032658,0.22079377,0.108776376,-0.5214915,0.32786456,0.16066776,0.50736976,0.18915111,0.015798397,-0.072103284
-0.5128977,0.10362571,-0.47568738,-0.5178981,0.3476084,0.023901617,-0.10776906,-0.3175628,0.31528828,-0.30840874,0.31562147,0.0026033444,0.37953675,-0.5670642
-0.6859224,-0.33235368,0.5092717,-0.46437755,-0.021465315,0.28868195,-0.404764,-0.2625171,-0.3460514,-0.025274744,-0.44450748,0.58136654,-0.5802596,-0.27727312
-0.38825092,-0.4741299,-0.45471302,-0.057328343,-0.45789033,0.6083878,0.085355215,0.5321483,0.5943841,-0.41936675,-0.4950816,-0.5752041,-0.44453415,-0.21671365
-0.45782462,-0.35382384,-0.37283304,-0.0051461603,0.37401065,0.12146152,0.66644716,0.0430184,-0.49964467,-0.16247436,0.12566814,-0.45236754,-0.32657078,0.66596687
-0.22288957,-0.27869257,0.1379731,0.6843665,0.29366162,-0.32165504,0.09703733,-0.31488067,-0.29032022,-0.4325896,0.6055456,0.27154493,-0.4541998,-0.18047649
-0.4516429,-0.20941846,-0.23439579,-0.26550007,0.08099293,-0.01328965,0.121794805,-0.28448698,0.116254866,-0.17189088,0.23105727,0.0864509,0.23668067,-0.04435672
0.2629477,0.1886408,-0.035429563,-0.35393623,-0.43910944,0.090881646,-0.57726526,-0.30660668,0.38952658,-0.44759098,0.4426633,0.45094222,-0.02085722,0.34288216
-0.32666925,-0.21447518,-0.3472615,-0.42300966,0.1819973,-0.11807507,0.19466156,0.10906601,-0.23128098,0.02518708,-0.012595791,-0.15684496,-0.5602844,-0.15781005
-0.38629502,-0.37524682,-0.29340136,0.48941037,0.54626393,0.14869487,0.43416312,0.4920669,0.5134449,-0.08114039,0.11383334,0.014979186,-0.14091088,-0.71206003
-0.68073,0.111843325,-0.56717694,-0.5430169,0.0779105,0.15360217,-0.61310995,-0.19187278,0.22325101,0.0032027257,0.27758196,-0.042589463,0.25247642,-0.032629684
0.46696344,0.45520258,-0.052129876,-0.25446612,-0.45045468,-0.12383073,-0.50379926,-0.32952765,0.11229448,-0.26641896,0.63169956,0.26046297,-0.37217262,0.33964652
-0.29831034,0.108450554,-0.2339032,0.104059815,0.10071322,-0.1473092,0.24507873,0.5745511,-0.040626902,0.028765826,0.3992123,-0.48409864,-0.6071896,0.049336933
0.19421364,0.39427996,0.5870597,-0.39123577,-0.53592485,-0.40035743,-0.34501803,-0.09415916,0.32756737,0.20218381,0.3191252,0.39609188,-0.59041935,-0.2529387
-0.6504702,0.4355468,-0.085036166,-0.27360994,-0.004839287,0.0071959505,-0.08213167,-0.4972308,0.024384394,-0.19554026,0.6229384,-0.42164662,0.33876237,-0.36622262
-0.6374049,0.0979024,-0.15654613,-0.2303512,0.23551345,-0.29011852,0.44141275,-0.06288547,-0.12717901,-0.61246055,0.0456564,-0.2684525,-0.262573,-0.06933669
-0.40367508,0.21402809,0.473071,-0.010618836,-0.45916876,-0.55845624,-0.09363512,-0.069189705,0.21378385,-0.16388102,0.20159277,-0.027342537,-0.34242094,-0.524136
-0.19996873,0.030231645,-0.64319,-0.50396526,0.4238198,0.18299726,0.26866993,0.29112825,0.22452557,-0.114595525,0.40092143,-0.5102469,0.03985658,-0.19026801
-0.03898416,-0.16825533,0.58467126,-0.4330774,-0.4204145,-0.010107495,0.25971538,-0.09138954,0.3309324,-0.14766806,-0.12933907,-0.08221159,-0.07325075,-0.26592055
-0.82040787,0.33750904,0.08226774,-0.38287714,0.3388886,-0.3809059,0.5632197,-0.16020104,0.16250016,-0.09025686,0.51084936,-0.6129644,0.035359196,-0.39040557
-0.4161464,-0.041747954,0.16387725,0.38823,-0.62743604,-0.16166425,-0.43964884,0.01883731,0.17159103,0.5048151,0.566699,-0.10323566,0.31317845,-0.50310236
-0.2585793,0.0015929217,0.35278207,-0.63588095,0.09004576,-0.19888726,-0.21791197,0.20796026,0.36626875,-0.25673583,0.33302385,-0.16156681,0.010393096,-0.29930472
-0.57687616,0.12157742,-0.3024943,-0.32170755,0.351809,-0.41865453,0.4141148,0.07127842,-0.5513773,-0.015657568,0.48285836,-0.29571557,-0.36240265,-0.21575291
-0.43363473,-0.31097633,-0.20358397,-0.39123315,-0.40613165,0.39465845,0.041235868,0.50839156,0.4404524,-0.45442203,-0.23616347,-0.41605186,-0.58072263,-0.56994
0.041970298,0.53322214,0.4187068,0.1983888,-0.14809504,-0.119380526,0.5028814,0.29292408,0.19282535,-0.47037604,0.58687407,-0.49440813,0.16917436,-0.35893837
-0.37953103,-0.34554377,-0.27775085,0.34788638,0.6313365,-0.4180819,0.3770049,0.49736145,-0.16494496,-0.54184693,-0.2197887,-0.42922348,-0.3186125,0.37375525
0.036102742,-0.26713768,-0.2697564,-0.3795181,-0.21319155,-0.18792078,-0.278206,-0.59410954,0.24882214,0.3044622,0.6459931,0.5305712,0.47623515,0.049402203
0.2849914,-0.04817584,0.39505827,0.10834434,-0.38863894,0.44333228,0.28702012,-0.57055765,-0.23106147,0.64159197,-0.16514899,-0.43124345,-0.25069284,0.0034469897
-0.45261624,-0.121394336,-0.19314095,0.30771646,0.31368002,-0.05849682,0.24230972,0.52642876,-0.18756202,-0.5113246,0.33100614,-0.21054398,-0.45719862,0.60540736
-0.36141738,-0.30521262,-0.00067678833,0.064660855,0.34755912,-0.08665116,0.3679511,0.44014484,0.02186334,-0.5596029,0.25774407,-0.30625066,-0.18420443,0.3761643
-0.2298736,-0.74395126,-0.42195502,0.11407394,0.20760797,-0.38980877,0.27588612,0.539311,-0.18400739,-0.19282778,0.019961953,-0.2868284,-0.4249126,0.3416967
-0.33935285,-0.45433792,-0.43713984,0.2212682,-0.2643657,0.6233202,0.015037727,0.3469157,0.52073926,-0.21487556,-0.03177965,-0.65925646,-0.4152959,-0.21946864
-0.25594714,-0.2022585,-0.6016308,-0.3849589,0.35687765,-0.13461323,0.5903341,0.41913643,-0.097858824,-0.07255748,0.2596895,-0.4670715,-0.36851132,0.47072548
-0.2599896,-0.49402437,-0.62514997,0.4366208,0.36945808,-0.21382539,-0.14768746,0.6014785,-0.17575227,0.14711834,-0.11450301,-0.17736156,-0.5316419,0.13515998
-0.46314216,-0.2977876,-0.3112622,-0.15764245,0.67783713,-0.17272069,0.52317625,0.19831218,-0.21193479,-0.46227992,-0.23107007,-0.5320622,-0.48260066,0.31162274
-0.4606636,0.11796185,-0.3127406,-0.6355243,0.5488438,0.012138396,-0.44785225,-0.13398412,0.44068718,-0.32686216,0.45256978,-0.006420395,0.10545086,0.023102527
-0.4510415,-0.7322311,-0.45494878,-0.043539185,0.38563076,0.44357932,0.62827677,0.35683373,0.09497274,-0.27626944,-0.22900847,-0.24845734,-0.035357233,0.53824246
-0.36877945,-0.32330874,-0.6032973,-0.5264284,-0.16471215,0.6722673,0.26827723,0.19482641,0.59035325,-0.23675646,0.027301576,-0.63921165,-0.15521105,-0.43607372
-0.27044815,-0.20309521,-0.40556434,-0.12901838,0.32017383,-0.21292488,0.50592667,0.2607169,-0.106807515,-0.53018606,-0.06654141,-0.2879999,-0.5257354,0.3840475
-0.40267304,0.08572581,-0.35654753,-0.30898842,-0.022341516,0.21303394,-0.62596965,-0.5492057,0.5787193,-0.57403016,0.20710729,0.55685276,0.4653074,0.099854864
-0.54754806,-0.5839792,-0.23567599,0.5856299,0.4855748,0.11176882,0.084405944,0.5060315,-0.18270439,-0.23499095,0.21582575,-0.13820621,-0.32693595,0.28460258
-0.04232018,-0.34793925,0.3070958,-0.256394,-0.2626518,-0.202226,0.1946737,-0.47773013,-0.11932558,-0.30629787,-0.6105857,0.2287702,-0.10869073,-0.46614307
-0.33624107,0.095797494,0.5235524,0.12193122,-0.21598755,-0.18245102,-0.008038733,0.0148200095,0.17958446,0.08528259,0.3464179,-0.25909954,0.035907906,-0.0492161
-0.4213915,-0.36955124,-0.46739554,-0.20829056,-0.5230768,0.5601843,0.06957536,0.6091014,0.52153826,-0.5120753,-0.43479386,-0.55585235,-0.3940142,-0.3480549
-0.17490713,0.7442523,-0.09500206,0.012827856,-0.1755078,-0.6748544,-0.21839918,0.61303014,-0.38590387,0.009320611,0.027645128,0.40287015,-0.43235883,-0.18115062
-0.1099332,-0.10664684,0.43048337,0.008368017,0.11757396,-0.25712746,-0.24119277,-0.3649346,0.24474832,0.07215834,0.32640105,-0.21868539,-0.19632275,-0.33226204
-0.43992454,0.12340144,0.61598456,-0.23035708,-0.30493426,-0.38081506,0.1644705,-0.2689475,-0.411957,-0.19195564,0.38350055,0.2804654,-0.20365149,-0.5296999
-0.1591915,-0.16206108,-0.1857848,-0.34918368,0.3386543,0.06900139,-0.019982815,0.68215644,-0.012263649,-0.21863763,0.27512348,-0.37451145,-0.55763173,-0.5176959
-0.0862585,-0.19787109,0.19611749,0.35823092,0.09732193,-0.057349358,-0.21213405,0.049431175,-0.07596903,-0.18292737,0.49258313,0.017845005,-0.11266757,-0.5181202
-0.25336066,0.33078322,0.047232024,-0.14450274,0.38673973,-0.5861904,0.4538488,-0.24850346,-0.01676507,-0.10768371,0.5914496,0.24047735,-0.2880222,-0.6191134
-0.14453354,-0.01628053,-0.24932872,-0.17076193,-0.52243584,-0.2603905,0.07075531,0.339273,-0.045735706,-0.026556114,0.33757263,0.18909025,0.2817018,-0.62449193
-0.6725045,0.29583532,0.43026167,0.45505944,-0.17215575,-0.019820059,-0.40556848,-0.5886381,-0.28313884,0.21115927,0.16766155,-0.17131612,-0.01792558,-0.37459338
0.12323751,-0.3493267,0.4292187,-0.08633821,0.048567884,-0.50969595,-0.0075275805,-0.18036523,-0.13959946,-0.11014464,0.7803863,0.23791607,-0.22931457,-0.42594394
-0.72955155,-0.20120052,0.26376694,-0.03453456,-0.3837719,-0.00067701185,-0.13829888,-0.49064136,-0.17321724,0.21937656,0.49968866,0.41682774,-0.3233396,-0.25450334
-0.5328475,-0.12522975,0.060577378,0.19271168,-0.17596743,-0.28742555,0.25402445,0.36850572,-0.24360369,0.113094844,0.5592798,-0.49875528,-0.72023445,0.0007848813
-0.43276957,-0.13125882,-0.5928234,0.25840205,0.19131117,-0.29670948,0.4000475,0.73393244,0.263436,0.050584756,-0.29818037,-0.3478478,-0.34291527,0.26958784
-0.05363706,0.052876443,-0.12097405,-0.5500181,-0.21364634,-0.045175355,-0.297186,-0.12726565,0.51979345,-0.13959937,-0.042035386,0.3411818,-0.3263461,-0.20295598
0.53871363,0.2912903,-0.2730706,-0.17463475,-0.025572533,-0.6149158,-0.42878342,-0.59369576,0.3079134,-0.14063738,0.472367,0.3270195,-0.32031873,0.06654115
0.08393941,0.10399376,-0.45910922,0.04729638,-0.087261215,-0.1705609,-0.026091062,-0.38860315,0.40911508,0.60615546,0.24899276,-0.16868886,-0.20628946,-0.31288308
0.58194876,-0.14385241,0.5522519,0.04203848,-0.3212731,-0.65878534,0.122318484,0.4577618,-0.34111926,0.0938051,-0.07449002,0.5021619,0.38406312,0.1850168
-0.10693355,-0.24212481,-0.016961202,-0.1015095,0.220702,0.49746567,0.37960795,0.7042718,-0.16064353,-0.7740313,-0.3283251,-0.3743075,-0.33549052,-0.14758897
0.084501974,0.21441443,-0.40850964,-0.3393888,-0.48183382,0.09426355,-0.63572377,-0.6979397,0.1325633,-0.3527952,0.365837,0.4718544,0.16985115,0.084459126
-0.36323765,-0.3208903,-0.37652588,-0.06926337,0.5583747,-0.28124136,0.46646953,0.49392697,-0.26124892,0.20957203,0.30187503,0.18222307,-0.26559395,-0.55106455
-0.09699364,0.029457653,-0.5233397,-0.49557292,0.62535673,0.39151835,0.16017084,0.2979814,0.19809236,-0.044613503,0.5323385,-0.46657652,-0.06625054,-0.26611453
0.33385652,0.65229666,-0.073789135,-0.13600442,-0.4919033,0.14609224,-0.31680098,-0.57279843,-0.062502615,0.11966149,-0.122990064,0.078515135,-0.48382598,0.35335636
0.047693394,0.4458501,0.05043686,-0.7176649,0.5737951,0.17789325,-0.18487343,-0.20476785,0.3603187,0.34265658,-0.18026264,-0.18608038,-0.2761158,-0.3774083
0.017419072,-0.23282513,-0.27663547,-0.10595638,0.76043236,-0.18300566,0.020400349,0.29175776,-0.054184403,-0.6864418,0.17408721,-0.5081898,-0.1051708,-0.20851071
-0.24965346,-0.40443456,-0.00969567,0.029104467,0.6055363,-0.2641747,0.2655234,0.5562669,-0.50199234,0.16729519,0.19158055,-0.6255868,-0.6721571,0.04968013
-0.15166639,0.22715019,0.5789654,0.22678679,-0.082007855,-0.15815149,0.03477006,0.27355126,0.17078294,-0.03726059,0.14804155,-0.14624025,0.2203904,-0.26422164
0.27446243,0.2424709,0.11147726,-0.097179875,-0.2517741,0.14087033,0.035359085,-0.8197476,0.14010353,-0.17467333,0.5735388,0.13138364,-0.22084251,0.086988635
-0.022883933,0.62706745,-0.08310681,-0.80948657,-0.011748648,0.5366646,-0.54914737,-0.35608187,0.21865577,-0.16163172,0.30991122,0.18714172,0.0708237,0.13019678
-0.6090912,-0.31216693,-0.5305167,-0.25714153,0.16331786,-0.23333372,0.40200552,0.25283313,-0.2968621,-0.03283219,-0.501638,-0.25704992,-0.1241224,-0.1488801
-0.29978672,0.053915374,-0.29317293,-0.696458,0.6035658,0.3611265,-0.68513745,-0.38660085,-0.4694382,-0.09697775,-7.803738e-05,-0.12387449,0.36157072,0.06062997
0.055073872,0.194973,-0.013810817,-0.31669897,-0.42767373,0.29138753,-0.7700892,-0.46538472,0.28581867,0.024515664,0.47963524,0.15911144,-0.38006958,0.44033435
-0.33930245,-0.2969916,-0.7685843,0.083976015,0.3040949,-0.16216427,-0.09867986,0.65031564,-0.6053394,-0.10968221,0.13614352,-0.2240044,0.22868715,-0.00066378136
0.012069433,-0.12937562,-0.19367042,0.23411775,0.46486625,0.13482264,0.16809231,0.029003533,-0.4327498,-0.17500275,-0.21418878,-0.6538501,-0.11113237,-0.42657128
-0.119361974,-0.4573606,-0.24185519,-0.12118228,0.6700127,0.12128178,0.20531894,0.37413046,-0.13325489,-0.47004175,0.046733428,-0.4574436,-0.5544847,0.31908625
-0.38157308,-0.34250683,-0.199229,0.15597224,0.27242243,-0.17406139,0.6635737,-0.07060184,-0.54306513,0.2713538,-0.27204016,-0.76444703,-0.025055433,-0.06530633
0.510328,0.57919514,0.1099803,-0.4097028,-0.109237954,0.21545607,-0.3691093,-0.19137846,0.23225024,0.12632881,0.3569136,0.32878724,-0.58317834,0.46246502
0.400844,0.23628286,0.14104973,-0.69564074,-0.26841477,0.4167692,-0.39443436,-0.46358156,0.43290338,0.080544226,-0.089986965,0.2895484,0.18539746,0.1678685
-0.33841628,-0.39147475,-0.34426352,-0.10752402,-0.41498673,0.5266473,0.02634674,0.417753,0.5149974,-0.3717359,-0.51570654,-0.55874264,-0.5870691,-0.32404357
0.36291486,-0.03139419,0.29834732,0.15642646,0.26126692,-0.1667258,0.20116574,-0.553246,-0.13300589,0.43437392,-0.15378504,0.1669763,-0.4074534,-0.5644582
0.22208884,0.30986395,0.36353695,-0.39917174,-0.06662866,0.0060757482,0.05068363,-0.21513204,-0.5604096,-0.14911453,0.19428103,0.41900197,-0.034607824,-0.42719075
0.36199337,0.3603438,0.068790324,-0.46831778,-0.54396224,0.24003434,-0.36768523,0.18874729,0.4168642,0.28087065,0.04166866,-0.04491552,-0.19868575,0.3652771
-0.26528847,-0.20782626,-0.28191602,0.27003542,-0.08796584,-0.21265943,0.23405665,0.39630535,0.08954918,0.27251375,-0.12144661,-0.3321157,0.080134146,-0.37657622
0.21208265,-0.5218114,-0.50052124,-0.08279478,-0.08378378,-0.49626768,0.5493633,0.048724726,-0.49546644,-0.33014354,-0.53249776,-0.36280882,-0.21534798,-0.53767085
-0.4469702,-0.3503609,-0.44839844,0.5209237,0.033513203,-0.03442262,0.108839765,0.4871929,-0.16642328,0.179248,-0.39717594,-0.16269512,0.16270402,-0.5338261
0.32898256,-0.07245407,0.41650957,0.15872617,0.0012413127,-0.12806097,-0.32636875,-0.18193296,-0.23426035,-0.048790123,0.38046494,0.2210936,0.26447827,-0.69766545
0.0821734,0.32841617,-0.13838704,-0.6475596,-0.37188822,-0.041816544,-0.20586114,-0.6494169,0.38693872,-0.04853885,0.21871889,-0.24284284,-0.40862843,-0.25727952
-0.12737946,0.38704938,0.12752791,-0.45133957,-0.24217406,0.013754767,-0.25972122,-0.63694066,-0.5935979,-0.3104765,-0.3822202,0.3040029,-0.12666647,-0.38874844
0.27781558,0.1066433,-0.23929922,-0.34843385,-0.6516336,-0.05481766,-0.27678216,-0.48812905,0.48098207,0.021357443,0.3606264,0.4174026,-0.090028785,0.43916056
-0.48919865,-0.04415056,0.29009837,0.1646378,-0.16120449,-0.18556242,0.5267623,0.5353429,0.16222087,-0.044247434,-0.053890374,-0.7446486,-0.42388615,0.012171696
0.48547453,0.4656043,-0.03301885,-0.5410107,-0.5069034,0.26438108,-0.6944262,-0.2781661,0.012722177,-0.11105958,0.3851048,0.4049288,-0.16750038,0.07732445
-0.27197692,-0.3808363,-0.50282633,-0.29615685,-0.3870899,0.6012786,0.06096576,0.61302835,0.51345766,-0.51580775,-0.3202577,-0.58765984,-0.35356843,-0.37861013
-0.39879495,-0.21067727,-0.29366732,0.045502335,0.16377519,-0.026328057,0.4506675,0.66699296,-0.3937986,-0.15535675,0.13801965,-0.5580682,-0.14106877,-0.09867474
0.15632911,-0.40446678,0.101311564,-0.43888345,0.036396936,-0.4318023,-0.20736018,-0.5444338,0.27210087,-0.14863719,-0.04857839,0.0032582595,0.26265523,0.1781911
0.10044527,-0.28399855,-0.26046994,-0.43333885,0.55833143,-0.6256884,0.402834,-0.66312814,0.09314055,-0.111383945,0.10397553,0.15125726,-0.050337095,-0.18986855
-0.231792,-0.11034432,-0.52641225,0.14838499,-0.09280771,0.27448645,-0.040825054,0.43679765,-0.59731764,0.45812115,-0.095832124,-0.58121186,-0.25380576,0.031944666
-0.09649122,-0.6279607,-0.01273194,-0.08382262,0.7586353,0.192818,0.4053536,0.22708036,0.32688484,-0.45738795,0.09654077,-0.34102774,-0.5811452,0.33535194
-0.028655078,-0.2870063,-0.34413153,-0.11624428,0.44606936,-0.618937,0.20838355,0.49547982,-0.01056597,-0.24138923,-0.3516003,-0.5400841,-0.44358063,0.18680416
-0.1761308,-0.1274404,-0.3870296,-0.26424503,0.30287072,-0.3892987,0.4189642,0.29259726,-0.29642913,-0.13498636,-0.08103946,-0.52162653,0.4251491,-0.40602967
0.08030624,-0.26972097,-0.25032276,-0.11149277,0.16628528,-0.13800444,0.031501967,-0.6495667,0.12599355,0.3452394,-0.53252125,-0.017825373,-0.23929843,0.4328426
0.34222537,0.06550731,-0.06094479,-0.48229572,-0.4806687,0.30316722,0.03258327,-0.38188666,0.2794718,0.15874052,-0.020597462,0.34842053,0.1295806,0.41781095
-0.114538245,-0.112913966,-0.07733862,-0.1866974,-0.31240615,0.21266985,0.30797452,-0.5871284,-0.25941202,-0.060684107,0.6478797,0.27948782,-0.09146526,-0.36582357
0.37699115,0.0016254866,0.5720456,-0.100729525,-0.3889151,-0.015209461,0.43768612,-0.2022107,-0.11705559,0.040542528,-0.24364667,0.025020309,-0.5007997,-0.18459636
-0.3971439,0.11748985,-0.1831822,-0.2786765,0.7302732,-0.2701251,0.23948514,0.3700391,-0.2033716,0.17913106,0.3230422,-0.43536952,-0.647965,-0.49624303
-0.1858851,-0.04752928,0.6208872,-0.20158409,0.35912564,-0.33459526,-0.023272695,0.24456288,-0.051416356,0.079450496,-0.32493365,0.4893879,-0.15857655,-0.6143661
0.32209393,0.6809588,0.44499955,0.33212286,0.63427126,0.11620479,0.089634314,-0.19867003,-0.425675,-0.116134845,0.03497701,-0.27664673,0.4440412,-0.1995484
0.60440344,0.14658067,0.2763148,-0.29744157,-0.42249036,0.44367608,0.2567871,-0.5553818,0.15971589,-0.08488831,0.3566052,0.44052896,-0.026132878,-0.4102715
-0.28541318,-0.020732963,-0.1951596,-0.6025413,-0.054344434,0.2005828,-0.5511615,-0.4878476,0.25847948,-0.2973457,0.15905985,0.18544361,0.29037398,0.07108761
-0.42283267,0.20686316,0.04710706,-0.7533619,0.43660456,0.12196286,-0.23590602,-0.43198806,-0.43274096,-0.20998667,0.17684284,-0.3505542,0.29853824,-0.32463437
-0.3811826,-0.2468131,0.14360939,-0.08765605,-0.0987927,-0.56585974,-0.027438214,-0.34705782,-0.21988912,0.09317409,-0.68664074,0.23895997,0.22430466,-0.43531594
0.32093403,0.169715,0.007942658,-0.040768642,-0.5365002,-0.21404928,-0.040524732,-0.5399242,0.4021923,-0.38113016,0.44833574,0.054693677,0.21984221,0.19180134
-0.47583318,0.07919634,0.5289425,-0.3268372,0.085665695,-0.5117499,-0.009475684,-0.23333782,0.026593685,-0.46817777,-0.29021147,0.24584828,-0.33915988,0.17167868
-0.538622,0.3625899,-0.081819914,-0.05790266,0.34207022,0.23001176,-0.23697196,-0.4628674,0.04853528,-0.020931609,0.26982823,-0.18891984,0.26373124,-0.21507563
-0.51447594,-0.107948385,-0.20201261,-0.3852914,-0.38762012,-0.21832253,-0.3967772,-0.5594849,-0.16991547,-0.2123667,-0.4018713,0.1936934,0.08254427,0.024526164
-0.5920973,0.4009759,-0.008924839,-0.38670588,-0.06697071,-0.11989986,-0.4417491,-0.3623475,0.43856063,0.18236881,-0.034150336,-0.5588063,0.028126387,-0.18087329
-0.49435318,0.24872686,-0.2519176,-0.34344152,-0.2730575,0.19447352,-0.51314807,-0.6531562,0.056677677,0.13483809,0.6101641,0.08677324,0.3725367,-0.20612946
-0.23533092,0.5773272,-0.56188303,-0.54572856,-0.16488834,0.075707346,-0.45037654,-0.33687606,0.15328197,-0.1996767,0.57731766,0.3820189,0.4715148,0.03079272
-0.21460108,-0.5703349,0.4706949,-0.012106581,-0.0684766,0.34543106,-0.30967277,-0.57360274,0.12665275,0.17122956,0.04356461,-0.52381855,-0.12675667,-0.35002798
0.42949164,0.22670391,0.30839568,-0.3936124,-0.32864723,0.4703703,-0.23923217,-0.46298212,0.58505213,-0.053294983,0.42766696,0.40659073,-0.314304,0.41903242
-0.2678965,0.41438457,-0.41623423,-0.43690133,0.3066889,0.4730685,-0.09048433,0.32950285,-0.21383587,0.11213151,0.25703454,0.34056595,0.65668184,-0.22443485
-0.26034626,0.15558067,-0.4595359,-0.5967598,0.15150961,0.17045182,-0.38721937,-0.20479572,0.24294056,0.19966438,0.7486411,0.40824583,0.29075426,-0.11014661
-0.2136535,0.111541085,-0.136596,-0.56953883,0.14485298,-0.23557565,-0.38749513,-0.3759265,0.6098334,-0.04675273,0.6021872,-0.1444272,0.44813338,0.1522419
0.52641755,-0.14587642,0.1446554,-0.4251513,-0.07123666,-0.09652854,0.16451333,-0.6260006,0.38586265,-0.3391418,0.5884678,0.40100992,0.36412874,0.09151629
-0.520064,-0.102661654,-0.5739345,-0.26470044,0.57391447,0.18564317,0.19014922,0.054482356,0.33697927,-0.32230592,0.5070287,-0.3673632,-0.06919666,0.10299736
-0.22794464,0.047643524,-0.2776793,-0.15350515,-0.4908816,0.017488608,-0.28347626,-0.44725487,0.45243904,-0.026126271,0.45383483,0.41262794,0.69885606,0.34867802
-0.4634676,-0.3150509,-0.4583812,-0.51467776,0.23144624,0.57735735,-0.30293673,0.4546259,0.506583,-0.30104154,0.3204896,-0.598084,-0.020869488,-0.47931972
-0.39414117,0.0035698987,-0.06427218,-0.6343838,-0.21106848,-0.09559988,0.22008377,-0.1598875,-0.068434276,-0.10770944,0.15667114,-0.12128814,0.61165357,-0.15882601
-0.44373083,0.13214761,0.01454856,-0.6048335,-0.121124715,0.038148195,-0.43702528,-0.3603982,0.4030192,0.29413962,0.74660987,-0.055817824,0.5699612,0.06031673
0.23167382,0.31362057,0.41049144,0.15520905,0.065182164,0.19800586,-0.6013028,-0.30388615,0.60180146,-0.015221211,0.549043,0.5112777,0.35810518,-0.43889406
-0.24814336,-0.017449573,0.16130927,-0.6974547,-0.11877119,0.19637154,-0.4517567,-0.42477113,0.480178,-0.50050324,-0.06196527,0.40675083,-0.30621624,-0.15013884
-0.09207612,0.21777539,-0.06583947,-0.71928144,0.4222918,0.0859777,-0.3931909,-0.31812298,0.54416203,-0.32618737,0.44426695,0.01924334,0.37229085,0.21399501
0.39310235,0.41720107,-0.20817924,-0.43772152,-0.59829235,0.27536,-0.26241797,-0.6610353,0.02525654,-0.48973465,0.16208218,0.40740424,0.6798524,0.5937322
-0.2686553,0.062460657,-0.34210458,0.07714591,0.47884542,-0.2900872,0.4073573,0.29935235,0.16373333,-0.40483513,-0.1779734,-0.4318234,-0.42654347,0.08885787
-0.3956472,0.48905042,-0.21357764,-0.7580353,-0.07219851,0.32640877,-0.57241946,-0.6177395,0.26586175,0.1393501,0.4030235,-0.06989477,0.38751125,0.4872777
-0.5758379,0.19939524,-0.32964972,-0.51669085,0.31306848,0.17884985,-0.46923757,-0.2884145,0.4684713,0.06529533,0.62905425,0.05239883,0.21593815,-0.07338973
-0.31635886,0.46055132,-0.3416113,-0.7091004,0.09079952,0.24632235,-0.44924903,-0.18663482,0.42011204,0.016140906,0.12719624,0.099652186,0.3012604,0.33099103
-0.47973594,-0.275651,0.028183686,-0.5357122,0.35773534,-0.22400694,-0.035920247,-0.074873306,-0.086195834,0.27112016,0.51425815,-0.15441686,0.51058507,-0.5444769
-0.55231005,-0.093139745,0.1365523,-0.67506915,0.5424292,0.27958488,-0.6372931,0.069420494,0.3601576,0.07197201,0.12597491,-0.19736186,-0.027492816,-0.27721214
-0.60453403,0.36591196,-0.0047924505,-0.40395892,0.58515275,0.27012798,-0.08786885,-0.0107461205,0.4419775,0.08462301,0.67911506,-0.11210176,0.59582025,-0.22094436
-0.63587594,0.38468033,-0.22014697,-0.42247397,0.52535963,0.47874838,0.13400626,-0.3673404,0.12036298,0.21996832,0.09682926,-0.16588397,0.0392757,0.27200907
-0.11906394,0.4827845,0.116872706,-0.66788125,-0.057121363,0.5532715,0.12440315,0.07878332,0.089862354,-0.15871151,0.17307939,0.013769198,0.047979012,-0.13928127
-0.44782174,0.24324416,0.5022568,-0.024279382,-0.53909,-0.0037618845,0.049255103,-0.65579367,-0.36299378,0.35217765,-0.15925336,0.22179581,-0.43154472,0.06751491
-0.5075544,-0.41972464,-0.56735873,-0.06776862,-0.20177983,0.6944006,-0.030112043,0.49398404,0.5788787,-0.31261447,-0.017253906,-0.62028235,-0.1175213,-0.19232793
-0.4518355,0.2075501,0.054165535,-0.60399646,0.4649081,0.47711733,-0.013221357,0.12265175,0.015339676,-0.22492503,0.56358355,0.3714806,0.5248102,-0.20065291
-0.39014626,0.285303,-0.10469891,-0.57279706,0.45017275,0.2768961,-0.12150284,0.17968568,0.3519596,-0.33677885,0.3455821,-0.12475915,0.4153355,-0.1781119
-0.626233,0.22873875,0.012558906,-0.6011566,0.5228502,0.13019812,-0.4962352,-0.1506978,0.45483136,0.28689426,0.52281976,-0.23512289,0.5839892,-0.05509827
-0.3699181,-0.030223645,-0.26131016,-0.779324,0.40414053,0.2191825,-0.4417677,0.40516242,0.42689273,-0.27357385,0.18103872,0.11043085,-0.02651997,-0.29472852
-0.3377444,0.049143787,-0.066732004,-0.6801554,-0.07007487,-0.26920232,0.1544819,-0.1768638,0.11362636,0.22055605,-0.3890056,0.4170933,-0.14367983,0.0569325
-0.50720996,0.039668806,-0.40227172,-0.69076306,0.077391624,0.1657296,-0.58363366,-0.48878455,0.33985606,-0.20139231,0.5971309,0.21779902,0.54898536,0.17575368
-0.45129633,-0.018416975,-0.19333376,-0.28604522,0.02468084,0.2460818,-0.37435478,-0.089786984,0.08091952,-0.5791848,0.19748157,0.28874832,0.5789019,0.2124052
-0.6744213,0.15516461,-0.6562009,-0.31528103,0.32950258,0.10481122,-0.064152114,-0.0994976,0.1949739,0.40458927,-0.016627543,-0.15421617,0.729276,-0.01451478
-0.65527683,0.54917586,-0.5926729,-0.20029837,0.46467966,0.26420438,0.22100239,-0.020989032,0.2357554,0.097935386,0.45956287,0.05461605,0.6931816,-0.009291934
-0.26601613,-0.17812163,-0.12345629,-0.15679336,0.13391134,0.089362346,-0.45358178,-0.5506262,0.49351287,-0.27202377,0.62816036,0.3862188,0.47178283,0.03712137
0.0773012,0.25730598,0.36157545,0.16346662,0.49156597,-0.2518212,0.005430994,-0.21181226,-0.19225429,-0.35156575,0.47144452,0.08766793,-0.041463964,0.00587097
-0.5780312,0.31807494,-0.42841038,-0.56141305,0.46141014,-0.0891297,-0.33891612,0.1413112,0.3504274,-0.05384923,0.14459443,-0.17918032,0.20781887,0.34155086
0.012959106,0.5852943,0.45771256,0.076581046,0.2138539,-0.054782983,-0.05695276,-0.34278664,-0.2026946,0.3093663,0.20785494,0.22854005,0.25989425,-0.04213279
-0.31743568,0.26425967,0.4697764,-0.30336332,-0.26252207,-0.11431156,-0.01970314,-0.39699596,0.014382726,0.08296779,-0.4240911,0.4113181,-0.18360324,-0.20162912
-0.45086288,0.5160052,-0.21007507,-0.44761866,0.21715091,0.68890935,-0.4410876,-0.026733883,0.016789336,-0.26361722,-0.2875249,-0.09521317,-0.06491409,-0.06508963
0.008492518,-0.44727582,0.14367503,-0.26195166,-0.60866624,-0.3609919,0.021490337,-0.63320684,0.059541456,0.0006019957,-0.35187003,0.23665723,0.32512224,-0.005317704
-0.22347595,0.40918702,0.017709633,-0.6904361,0.45711955,0.46710956,0.2856361,0.012972703,0.32677048,0.5226027,0.1855298,-0.00027063861,0.7337423,-0.20905256
-0.15715005,0.24849336,0.017286565,-0.52745616,0.14881459,0.32087505,-0.5733127,-0.54225564,0.5305094,0.1719934,0.63966656,0.1351159,0.39657572,-0.12212426
-0.5054923,-0.3196152,-0.4071496,-0.16697276,0.20125484,0.28095856,-0.6771774,-0.25939766,-0.24054517,0.13414802,-0.05364897,0.44646132,0.6771763,-0.40903807
-0.15311162,0.36243844,-0.46719477,-0.50569373,0.48474315,-0.024608973,-0.09045413,0.38197675,0.47779512,-0.3351963,0.70242727,-0.30438715,-0.043543026,0.27261922
-0.107106425,0.1723796,-0.24569319,-0.22583508,0.49442896,0.34166902,-0.09697541,0.22489858,0.090706944,-0.18607503,0.31376165,0.54936427,0.6600533,-0.34203407
-0.39732802,0.06857327,-0.18736038,-0.33943877,0.42191315,0.010025307,-0.10381841,-0.19529116,-0.18293215,-0.43645173,0.62234074,0.3111881,0.31790152,-0.10253925
-0.28739616,-0.13690752,-0.41206044,-0.5633402,0.21598601,0.13215506,0.1696991,-0.52960324,0.3010189,-0.22495015,0.024012003,0.11373793,0.21408847,-0.07169246
-0.6667442,0.27588567,-0.5441183,-0.16005494,0.46736702,0.22560002,-0.4472947,-0.23004337,-0.025573306,-0.28497845,0.19965419,0.24491481,0.38738108,-0.040386956
-0.08158058,-0.046757076,-0.40109062,-0.64959425,-0.42640588,-0.3301849,-0.43958262,-0.574557,0.23451261,-0.24655756,0.33059806,0.1490408,0.53456664,0.09122365
-0.54872763,-0.10898551,-0.08610716,-0.086453624,-0.087869324,-0.060784597,-0.35409304,-0.09795975,-0.070746765,0.18064901,0.22683029,-0.16713946,0.27913436,-0.25457266
-0.6281011,0.3259035,-0.12296901,-0.25834697,0.35123885,0.36098272,-0.314194,-0.55165994,0.21805319,0.32541096,0.3967883,-0.04680122,0.19865054,-0.23742758
-0.49987155,-0.0012888835,-0.5023279,-0.41787538,0.46645623,-0.07300059,-0.5909865,-0.3883152,0.17200786,0.2619263,0.4563497,0.13673797,0.6738535,-0.18401235
-0.29502165,0.47485217,-0.52986366,-0.58813125,-0.26808724,0.16040234,-0.5819947,-0.4679322,0.32894856,0.011117999,0.50448585,0.19858962,0.33554357,-0.16387813
0.45495218,-0.06371268,0.3855632,-0.32429618,-0.09906973,0.02470217,-0.43152407,-0.5006386,0.65814066,0.11344887,0.13266544,0.15210953,0.17269957,0.06798425
-0.009440928,0.22375315,0.36410815,0.2328588,-0.11040302,0.030005878,-0.1268676,-0.3007493,0.3943459,0.29059353,-0.07511686,0.017473672,0.07142531,-0.2640577
-0.37804118,0.50376356,-0.50587577,-0.322795,-0.13341996,0.62056166,0.24032098,-0.45111966,0.07477317,0.11038801,0.32853562,0.24086355,0.19192502,-0.3948501
-0.12621875,-0.27694362,0.011600139,-0.4458695,-0.16554287,-0.43466213,0.14582078,-0.1290554,0.003799432,0.21153897,-0.023472803,0.023149528,-0.2375369,-0.2722932
-0.6840907,0.16196048,0.18985303,-0.4222062,0.19943717,-0.33904856,0.27608845,-0.2803991,-0.4088013,-0.27134344,0.15915017,0.10450415,0.4060286,0.2992998
-0.6876838,0.008187419,-0.0640501,-0.2510586,0.64298034,-0.15770686,-0.51269245,-0.29248887,0.40096918,0.052598976,0.49826247,-0.19306792,0.33128557,0.07033611
-0.4075613,0.09462118,-0.021771403,-0.16168949,-0.26502848,0.123981625,-0.341217,-0.45580912,0.114151545,-0.4642202,0.73451525,0.44415647,0.48354974,0.056279503
-0.42534083,0.609209,-0.19138959,-0.58926004,0.15642637,0.38312155,-0.505985,-0.58174765,0.4058487,0.25843897,0.39042923,-0.13183387,-0.0003970805,0.37656432
-0.57124007,0.13894752,-0.01980414,-0.67947,0.5019055,0.1490724,-0.08790756,0.027658949,0.35453027,-0.4128668,0.13386625,-0.13553388,0.49323356,0.2234454
-0.3518999,0.42809087,-0.2564359,-0.8108092,0.35729873,0.36923644,0.20151973,0.16563447,-0.09732754,0.15792148,0.18709649,-0.22830692,-0.04909242,0.5284646
-0.49672672,-0.19096614,-0.22236466,-0.23768929,0.08626905,0.37209994,0.3337734,-0.5624783,0.12219809,0.5703955,0.24208699,-0.1352754,0.08471838,-0.17219254
-0.18813048,0.64147425,0.45040005,0.13968919,-0.034303956,0.31813863,0.48470432,-0.59875906,-0.23551369,0.22936523,0.40037286,0.19286236,-0.047905333,0.451893
-0.3357518,0.47095194,-0.40230596,-0.23767503,-0.20860052,0.29783452,-0.5036865,-0.6104889,-0.083525375,-0.188705,0.33181724,0.22519283,0.09364446,0.14735745
-0.31441507,-0.41173038,-0.44375092,-0.13159683,-0.2759455,0.5475879,-0.066128016,0.5146829,0.52965623,-0.3651495,-0.120309755,-0.6089854,-0.40125638,-0.28057227
-0.17487897,-0.32775244,-0.12879415,-0.6004553,0.32571742,0.4529689,0.4116391,0.445981,-0.09529762,-0.43347552,0.26930997,-0.734034,-0.3953095,-0.24429366
-0.24406222,0.71385914,0.06494475,-0.42829037,-0.2978191,-0.4454317,0.3736184,-0.105194576,-0.061096016,-0.008654594,0.5293793,0.39221516,-0.513984,0.059785984
-0.21994331,-0.44267052,-0.45156187,-0.35129008,0.6917868,-0.25652945,0.09013745,0.288125,-0.17410444,-0.10495678,-0.42219523,-0.6239257,0.16166039,-0.23377725
0.60795635,0.19774532,-0.08432649,-0.37907586,0.014409635,0.4788702,-0.6661462,-0.51783925,0.4125101,-0.31089905,-0.117030025,0.3600829,-0.2859528,0.55980337
0.023110224,-0.0978452,0.26877564,-0.15421143,-0.60919833,-0.062861465,-0.117635824,-0.32411748,0.37066126,0.17565455,0.56629115,-0.031386126,0.07032161,-0.2031573
-0.5500551,-0.3148467,0.038379762,0.060655195,0.27902675,0.2824803,-0.1562878,-0.062298402,-0.32288122,-0.4364713,-0.3430513,-0.3713165,0.10761557,-0.44701275
-0.049153227,0.3894855,-0.02857889,-0.0639193,-0.12816781,-0.16007294,0.054061394,-0.38853142,0.12396217,0.21853834,0.8099723,0.13973925,-0.77498317,0.07853944
0.4204494,0.6810388,0.19364998,-0.55081016,0.22347109,-0.21391809,-0.29831845,0.03916274,0.5187268,-0.46649998,0.11989063,0.5155545,-0.5267736,0.23827931
-0.053421576,-0.06863059,-0.00026911497,-0.35719198,-0.15583323,-0.35409254,0.18071115,-0.35315856,0.25355563,-0.0560121,-0.3132465,0.08595044,-0.24005593,0.025568908
0.50999373,0.032200534,-0.042498883,-0.36898643,-0.5143761,-0.04361331,0.122307904,-0.60679394,0.24169558,0.3204095,0.23847033,0.1251436,0.33638078,0.17933902
-0.2191874,-0.6089066,0.082209796,-0.36982304,0.27367947,0.48559427,0.66785944,0.36691535,0.004489335,-0.33840823,-0.2351543,-0.69517356,-0.021599585,-0.157528
0.21201801,0.25360674,0.42542538,0.13150862,-0.3542946,-0.024581043,-0.6087924,-0.5113434,0.37502354,0.42285395,0.43864238,-0.14125407,0.14224112,-0.22326551
-0.34343213,0.4747448,0.5318333,0.44628537,0.1256258,0.17041425,-0.045978185,-0.36770332,0.054091755,0.35003066,-0.030705081,-0.11370113,0.17180422,-0.2543797
0.51701725,0.3986014,-0.20731208,-0.45891115,-0.49540272,0.3508574,-0.6474402,-0.54574895,-0.09727605,0.38850868,-0.08949492,0.18675289,-0.15533216,0.24128349
-0.11616695,0.011644248,0.17818902,0.07937094,-0.39632967,-0.018037047,0.086473316,-0.6779165,-0.21711908,0.65088606,-0.12519455,-0.025639698,-0.05643258,-0.5593934
-0.33776033,0.17879592,0.5143627,-0.38042206,0.14944151,-0.30976465,0.25824937,0.006571424,-0.13426651,0.15507886,-0.29165807,0.34812734,-0.054354288,-0.27178147
0.34529695,0.082699485,0.1363695,-0.60695064,-0.0059187617,-0.0026138106,0.38697666,-0.10241231,-0.103514545,0.38125515,-0.50929123,0.41313988,-0.48500323,-0.1840074
0.12875834,0.1381389,0.24875635,-0.38868356,0.27196497,0.38165927,0.06632976,0.16357404,-0.31290087,-0.13949239,-0.25741404,0.41216692,-0.09145958,0.036103975
0.11051864,0.08541908,0.32897398,0.5502721,0.5135361,-0.06554079,-0.10158898,0.2416297,0.38268533,0.4436794,0.40576366,-0.37156972,0.587175,-0.36897266
-0.4857979,0.1725016,-0.11705668,0.13703305,-0.14349383,-0.22866513,-0.022454506,-0.5014313,-0.23936877,0.42277476,-0.43304375,0.22804362,-0.16197734,0.038365297
0.4767771,0.38014078,-0.43980816,-0.24465281,-0.110395245,-0.2856665,-0.15737382,-0.24294667,0.6598758,-0.18336336,0.03562846,0.24482499,-0.47176284,0.4053346
0.20021115,0.15619178,-0.30670717,-0.3345721,0.19613123,-0.010887637,0.20980865,0.21845691,0.29971704,-0.47865486,0.16777767,0.012295328,-0.72590697,0.4650024
-0.19883494,0.39910072,0.41214758,0.16488527,-0.57134897,-0.53147286,0.23539467,0.51719975,0.11913822,-0.3192206,0.28737882,-0.08095879,-0.0026654687,-0.28986856
0.25508735,0.1764338,-0.150826,-0.31878504,-0.29359138,-0.1785877,-0.65529644,-0.35857844,0.061938237,-0.23197201,0.4829464,0.20330462,-0.18884574,0.1391777
-0.5027077,-0.08928008,0.5621284,0.089857616,-0.45013568,-0.34155574,-0.28506187,-0.08613972,0.20417221,0.08653817,0.45419008,-0.0020886015,-0.022797545,-0.5642707
-0.70390654,0.13765343,-0.15472192,-0.74826145,0.37071428,-0.21029279,0.23314644,0.0504937,-0.21679252,0.079519704,0.17100753,-0.018079415,-0.41251406,-0.12820964
-0.66755855,0.0016370424,0.15076138,-0.25140882,0.27345365,-0.2008631,0.39368266,-0.13633133,-0.5078854,-0.5190994,-0.31679317,-0.008101653,-0.0613814,-0.5770703
-0.47827703,0.30800143,-0.25689054,-0.12443641,-0.49623924,0.0251718,0.030039262,-0.49774095,0.060474806,-0.054007173,0.49649572,-0.13756788,0.13644671,-0.30800366
-0.4155073,0.29895034,0.705382,0.22934553,-0.39952582,-0.08585602,0.30044308,0.030982666,0.016361082,-0.17301318,0.31107032,-0.35238677,0.24581163,-0.042956043
0.31072772,0.002203538,0.056379337,-0.13491666,-0.33489013,-0.29919922,-0.39106995,-0.5584909,0.42755708,0.16921549,0.27657092,0.24268833,-0.42026615,0.48700503
0.3056281,0.2934925,0.041679572,-0.047650915,-0.6644226,-0.36104172,-0.6460629,-0.13115545,0.24290094,0.21369477,0.24613442,0.43391576,-0.36028516,0.17934553
-0.2923849,-0.032707095,0.06842681,-0.78496945,-0.13215408,-0.12456574,0.23337056,-0.20640655,0.28921318,-0.22717881,-0.14084941,0.21080475,-0.4467465,-0.27101105
-0.2380548,-0.2019006,-0.20714583,0.18228199,0.28651673,-0.021622417,0.3302783,0.056924902,-0.19059122,-0.06747078,-0.24336413,-0.64093465,-0.35856748,0.3652246
0.115062274,-0.5037379,-0.48265728,-0.31704143,0.09270845,0.13683112,0.0075879353,0.75995535,-0.08140259,0.14103362,0.35843772,-0.5857079,-0.5874659,0.17841136
-0.5438522,-0.2835233,-0.42254826,-0.45048746,-0.41064963,0.48590508,0.051317215,0.35507023,0.5037278,-0.34461817,-0.38345975,-0.4259713,-0.34123388,-0.33244178
0.09801802,-0.5749172,-0.16380751,0.1240721,0.2574384,0.6463579,0.116735406,0.3919145,0.0070456457,-0.64535534,0.07324859,-0.55412644,-0.21419792,0.22288306
-0.4453557,-0.12964205,-0.13645881,0.15483838,0.065416776,-0.6501043,0.47057542,0.6768133,0.03644855,-0.35837147,0.18843958,-0.27702472,-0.5163406,0.21513051
-0.2865383,0.00471855,0.036502905,0.37663785,-0.106488734,0.06250603,0.37551752,-0.6542918,-0.22787292,0.20062442,0.27097213,-0.1107799,-0.5409031,-0.05779242
-0.5051752,-0.18400778,-0.023060039,0.1718911,-0.59071875,-0.33245537,-0.3021679,-0.28708598,-0.25177878,0.10927474,-0.5897251,0.48130333,0.17169976,0.41810855
-0.54365504,-0.69274443,-0.10435334,0.44974375,0.48165128,0.33277377,0.4156616,0.3771353,-0.03382819,-0.25682172,-0.21670403,0.19436799,-0.5626954,-0.24568349
-0.4541183,-0.39217755,-0.03852018,-0.07421068,0.038929503,0.3399146,0.13250662,0.18076363,-0.21571654,-0.5571961,-0.07891089,-0.0016762766,-0.4954538,0.03744102
-0.4421705,-0.63125354,-0.12442592,0.1046767,0.2727007,-0.03320868,0.83195364,0.0832866,-0.3263277,-0.3071934,0.00396542,-0.49486575,0.17459343,0.25718975
-0.5290516,-0.13190249,-0.6128874,-0.39195743,0.15797506,-0.28362733,0.2697064,0.12462847,-0.5329824,-0.17032717,-0.0007943044,-0.133838,-0.25492197,-0.10423374
-0.14625254,0.34215185,0.28071484,0.16565762,-0.81935453,-0.2714851,-0.27806497,0.14329761,-0.21931301,-0.21821564,0.03115214,0.28293335,-0.15290833,0.06475827
-0.3806925,-0.3030061,-0.23428543,0.14261417,-0.064247265,-0.11694708,0.17367332,-0.2603327,-0.34272385,0.32992712,-0.55773664,0.47901085,0.37822184,0.51495963
-0.13663483,0.117599055,0.01113822,0.077872455,-0.50353354,-0.012639712,-0.4526337,-0.40929618,0.581196,-0.2357578,0.5459787,0.5594806,-0.5881594,0.40833887
-0.38935038,-0.14503886,-0.26630437,0.45340076,0.6637606,0.07126359,0.32047924,0.5416137,-0.11813141,0.18605201,-0.15947604,-0.73552006,0.1184622,-0.50655705
-0.6385739,0.36421445,-0.03012435,-0.1059993,0.5054309,-0.3618899,-0.21323687,-0.7821698,0.17972447,0.19075847,-0.24503915,0.09914176,-0.19992653,-0.30637327
-0.5832481,-0.2674488,-0.4600335,-0.38247353,0.24512038,0.6943077,0.23446204,0.34123182,-0.5311905,-0.2575916,-0.26958978,-0.23404734,-0.25422907,-0.14822453
0.0047577745,-0.5316586,-0.50368506,-0.025297333,0.5040202,0.3767441,0.26847565,0.469811,-0.3907462,0.09920549,-0.08129297,-0.031216472,-0.810439,0.012472694
-0.39829755,0.12884192,-0.7260386,-0.54340696,-0.04059492,0.36804268,-0.16012472,0.62198186,-0.15220825,-0.43449736,0.19851518,-0.40146086,-0.6537641,0.10441353
-0.19574647,-0.15687405,-0.3032902,0.4761596,0.29473877,0.08670488,0.2416593,-0.021527855,0.28804278,-0.45083305,-0.281684,-0.14658307,-0.32832542,0.011885227
-0.5548038,-0.36420864,-0.52526456,-0.3609015,-0.537225,0.62031746,0.16138478,0.49609002,0.60932416,-0.44909194,-0.44330657,-0.5776988,-0.22599836,-0.37518698
-0.22697614,-0.502687,0.51757014,-0.40910697,-0.1433844,0.21729757,0.5625707,0.078261696,0.01301117,0.16520192,-0.45100263,0.42481524,-0.098584875,-0.45544097
-0.18583815,-0.0548004,0.53482026,-0.00855435,-0.10712918,-0.23882584,-0.32249537,-0.24532332,0.12115535,0.017101092,0.47716767,0.060300697,-0.2819633,-0.3982458
-0.30545688,-0.5642704,-0.51331675,-0.118136026,0.03386664,-0.47783,0.26231515,0.061916456,-0.20370685,-0.37214515,-0.4871489,-0.38845053,-0.48421687,0.061123103
-0.040732782,-0.45217797,-0.1297946,-0.22084416,0.6255851,-0.3338441,-0.029687393,-0.2622688,0.24485049,-0.48326287,-0.042647894,0.104719855,-0.50305426,0.6513392
-0.37802944,-0.39787185,-0.658279,0.48772672,0.11247341,0.24016106,0.6467609,0.4433914,0.06292935,0.01132289,-0.36098614,-0.006863917,-0.6197724,-0.39973062
-0.39799324,-0.40295053,-0.4961998,0.28532222,0.20429717,0.29997402,0.5131245,0.08600338,0.08282705,-0.49278995,-0.12831031,0.07825542,-0.56075966,0.14150323
0.015899247,0.37275672,-0.026890606,0.028973358,0.041385546,0.52665204,0.051265735,-0.4238546,-0.4502337,0.38308242,0.40428978,0.17633612,0.026505051,-0.30237165
-0.25032544,-0.5626755,0.47666192,-0.197655,-0.024731081,-0.32555327,-0.044224072,-0.5761742,-0.5059064,-0.026543487,0.055119317,0.051307462,0.1915394,0.011583827
-0.3410146,-0.04456122,-0.39734983,-0.8036048,0.32854772,0.1674409,0.47073302,0.4725572,-0.22179407,-0.14240408,0.20417088,0.4497264,0.7003199,-0.28314131
-0.07137969,-0.18322472,0.11178539,0.26746917,-0.19470596,-0.14038585,-0.34543273,-0.5499681,0.15504658,-0.055051684,0.49071297,0.003227219,-0.069065236,-0.38650277
-0.3958273,-0.26691562,0.12571545,0.3639769,-0.26894897,0.104276165,-0.22684866,-0.2516434,-0.24549459,-0.1384508,0.5390266,-0.10737286,0.05875974,-0.0033288298
0.19465813,-0.01745675,0.36619657,0.39475498,-0.28213093,-0.0987191,0.47942314,-0.5103362,-0.104624175,0.47149587,0.19565816,0.011741498,-0.23960268,-0.10201145
-0.6322533,-0.52824974,-0.11359167,0.72806907,0.45080566,0.23963776,0.29135865,0.47586143,-0.0670288,-0.25112626,0.15279433,0.14342244,-0.56570363,-0.33362883
-0.69065315,0.11896864,-0.34068906,-0.5188481,0.4594915,0.28021333,-0.054701027,-0.42684305,0.36289087,-0.33573595,0.1927116,0.045014992,0.1802811,0.013275642
-0.35141286,-0.23639475,0.5563709,0.55846214,0.38376087,0.016173704,-0.18674408,-0.4327532,-0.17571254,-0.33121428,0.64608955,0.038153738,-0.14530793,0.2557354
-0.21713382,-0.31038707,-0.050856095,0.263269,-0.5220912,-0.39757732,-0.094375536,0.082157336,-0.12146372,0.35589594,-0.640192,0.26692435,-0.09158936,0.33422577
-0.17245345,-0.57253635,0.1675057,-0.14576735,0.11305554,-0.466272,0.18647873,0.06526485,-0.54841423,0.3485219,-0.14780638,0.4979519,0.24766493,0.34344786
-0.053112444,-0.08383156,-0.28792727,0.1073114,-0.5937798,-0.30377135,-0.3312202,-0.2489312,0.4033547,-0.17691407,0.34736472,0.47726128,-0.2369262,0.62732905
0.03293381,-0.14303795,0.14210963,-0.31539893,-0.47447157,-0.2355493,-0.3932504,-0.41439465,0.45920545,0.13982178,0.33011627,0.33071992,0.00082337466,0.2442008
-0.50199455,-0.25195056,-0.52403325,0.35020638,0.22111763,-0.30203977,0.39162076,0.55693877,0.20528032,-0.054497223,-0.64239436,-0.20070165,-0.06640644,-0.15916201
-0.6752548,-0.16621722,-0.404472,-0.3318954,0.4372026,-0.13532747,0.062846184,0.35077426,0.11583425,0.30328503,0.52108663,-0.49877155,-0.26521233,0.1023999
-0.4458371,-0.5681944,-0.06266541,0.23239383,0.23517302,0.42870918,0.30694413,-0.0332717,-0.024959495,-0.5704265,0.10004342,-0.11227933,-0.25013298,-0.22632666
-0.06880606,0.051506948,0.44738775,0.48111817,0.18397471,0.58062106,0.29375395,0.19064176,-0.2775946,0.50899905,0.63833666,0.094432816,-0.03893994,-0.21397568
-0.646705,-0.56422234,-0.2011348,-0.16566873,0.4147072,0.69115144,0.23773523,-0.06407479,-0.097470485,-0.3047491,0.30559397,-0.47631207,-0.014696317,-0.6592696
0.20575011,0.2534119,-0.46890074,-0.019544603,0.049026653,-0.28894386,0.10122831,0.19654936,0.32642874,-0.4576507,0.21842557,-0.22134098,-0.33582354,0.47743165
0.117844254,-0.07619925,-0.109855115,0.43861943,-0.4801955,0.123060524,0.16865966,-0.43904534,0.5366525,-0.02627376,0.7266048,0.060541347,-0.38536102,0.54498476
-0.2687525,0.3278376,-0.16034009,-0.40231243,-0.04263957,-0.1301446,-0.10254414,-0.024884276,0.11025303,-0.25858322,0.109595485,-0.0310761,-0.27929258,-0.034323223
-0.119558774,-0.730189,0.43238902,-0.03695241,0.018349895,-0.574175,0.46361372,-0.4161533,-0.2907563,-0.09795488,0.37670112,0.12975046,-0.23817928,0.30227745
-0.46148506,-0.54187435,-0.29638618,0.47149733,0.23386307,0.045271102,0.45822456,0.2251502,0.29391575,-0.011012182,0.37197825,-0.003644551,-0.4744573,0.30898055
-0.37102446,0.58754,0.30049926,0.6136437,0.30547962,0.38478333,0.4403547,-0.44181043,-0.13997553,0.39492476,0.091384925,0.5569431,0.07574622,0.045017608
-0.31243223,-0.6128154,-0.69760054,-0.45340282,0.25423342,-0.30235553,0.5841402,0.2261417,-0.56660014,0.1756083,0.22771583,-0.36063692,-0.0051388214,-0.28261423
-0.12284994,-0.572301,-0.72263056,0.50127697,0.25002068,0.03148204,0.6338118,0.35123527,-0.47094336,-0.01346384,-0.2900672,-0.14851858,-0.43997732,0.039617024
0.2379079,-0.6351916,0.18652773,0.33565068,0.0027438314,-0.50136435,-0.031532418,-0.5090617,-0.043993182,-0.26239407,0.38323668,-0.24895817,-0.26195124,-0.018279746
-0.22188541,0.39706904,0.573673,0.4488433,-0.5571399,-0.097880095,-0.17563288,-0.3528379,-0.37466517,-0.120906256,0.41642874,-0.2583548,-0.21254586,-0.5434835
0.64257,0.22201045,0.101369604,0.24477193,-0.1222881,-0.54463273,-0.4000082,-0.08487167,0.66429913,0.04570781,0.4262421,-0.66796255,-0.42883703,-0.032886222
-0.5247551,0.17342862,0.054530673,-0.089314796,-0.11870517,0.20723404,-0.27585506,-0.5539972,-0.020191941,-0.18193752,0.41588363,-0.07894951,0.353406,-0.42651197
0.3035793,0.36401,0.0915807,0.4313666,0.31358534,-0.5436878,-0.10935871,-0.1507229,0.6330382,0.12310108,0.4176475,-0.6400659,0.23999804,-0.6357852
-0.46147597,-0.1092842,-0.37271738,-0.09808766,-0.08700037,-0.67191404,0.15857916,-0.36336714,-0.05802474,0.36663106,0.29512903,-0.049727697,-0.3064564,-0.40927497
0.42583796,-0.07230097,0.06728564,-0.10514189,-0.8285569,0.1253436,-0.6369907,-0.009620012,0.30472296,-0.22735347,0.426555,-0.032957554,-0.44833982,0.18410112
-0.05130317,0.026435224,0.08490456,-0.05473587,-0.68883795,-0.003260584,-0.6013421,-0.41840637,0.1740632,-0.022848563,0.45633027,-0.008086076,0.059257295,-0.17593728
-0.59471804,-0.4380388,-0.42074594,-0.23897552,-0.42837316,0.59097004,-0.027234472,0.49812207,0.59284896,-0.38993436,-0.45840496,-0.5624311,-0.46486455,-0.34062088
-0.4272691,0.53643197,-0.050685283,0.2829632,-0.26553005,-0.2978003,0.16710421,0.06925483,0.2061278,0.09602117,-0.015038648,0.026030853,-0.7141562,0.17777647
0.008271036,0.034487925,-0.28775522,0.09253632,-0.28264835,-0.4926351,0.33799863,-0.031881817,0.29148102,0.60972667,0.0016846678,0.21751462,-0.65102094,-0.36083865
-0.38047668,-0.5161191,0.08616681,-0.28070292,-0.31084475,-0.44264808,-0.14833543,-0.11867196,-0.17268428,-0.229869,0.075754315,0.24650617,0.4195335,-0.6744184
-0.32831687,0.3110882,0.5839411,0.23916002,0.4809575,0.42491254,-0.39088035,-0.07349908,-0.31444046,0.12700753,0.5174797,-0.25431526,-0.07494592,-0.10515727
-0.40737498,0.09655717,0.2528744,0.47047397,-0.5337893,0.36110497,-0.63107324,-0.42233068,-0.18491231,-0.009732213,0.46923903,-0.47683275,0.011188869,-0.16941997
0.14733492,0.6836543,0.18696722,-0.46812034,-0.32554147,-0.17024375,0.07081741,-0.44952205,0.03284557,-0.086884744,0.26241803,0.5167873,-0.41318107,-0.2481746
-0.36754888,-0.2890698,0.15754947,-0.48982665,0.04070057,0.3698748,-0.4304354,-0.3018391,0.39751244,0.23779978,0.691019,0.18080279,0.21815753,-0.2626873
0.5674144,0.19148481,0.4601307,-0.15293726,-0.61406136,-0.3472506,0.6620223,0.37971643,-0.0030619928,-0.031829305,-0.19343904,-0.11445924,0.1222385,-0.050947625
-0.40697065,0.1572401,0.08498189,0.08311085,-0.324631,-0.32689744,-0.22055726,-0.13818145,-0.03458452,0.1301044,0.49123052,-0.031492468,-0.09334734,-0.4905798
-0.12438608,0.03622685,0.0004007853,0.3445291,-0.259953,-0.11634399,-0.2552182,-0.07535737,-0.34874344,-0.0072813146,0.38398,-0.27274787,0.023669807,-0.5633903
-0.02245551,0.31425703,-0.21485996,0.64484507,-0.1595462,0.18305726,-0.17135586,0.16384076,0.03328081,0.05693706,0.46197128,-0.053905,-0.5479334,-0.5324661
-0.34553698,-0.056688495,0.23165844,-0.05277003,-0.28016257,-0.17879616,-0.22937045,-0.0599115,0.113140665,0.060644582,0.45895848,0.020259243,0.061862834,-0.4301991
-0.575647,0.07342689,0.41596884,-0.027664881,-0.2539586,-0.07341402,0.36765325,-0.48457873,-0.067802645,0.28337264,0.30559632,0.41388074,-0.5432462,-0.4037252
0.08685934,-0.17739171,0.24224955,0.43981573,0.32625684,-0.27574936,0.34748515,-0.5462419,-0.13592248,0.2493349,0.7030434,-0.075790025,-0.077853926,-0.004478384
-0.18396312,0.47359324,0.029182576,0.34538114,0.19309378,-0.06265976,-0.08252405,-0.026436083,-0.23954767,-0.101671174,0.5630567,-0.11477294,-0.32905203,-0.7370364
-0.52322125,0.256265,0.26911572,-0.57450414,0.1942873,-0.17645589,-0.4966037,-0.21560952,0.31214264,-0.07187083,0.5052022,-0.5457904,-0.5131146,-0.4614304
-0.4896495,0.4346779,-0.070699014,-0.20843127,0.20628324,0.11982734,-0.37962705,-0.23955648,0.47306624,0.10353925,0.34101143,-0.2402216,0.08460309,-0.3882795
-0.7117907,0.38673317,-0.35984877,-0.14635101,0.04461156,0.25835082,-0.39406866,-0.2715386,-0.19621195,0.037892252,0.41929755,-0.27364588,0.13483177,-0.37971407
-0.032653023,0.573598,0.50372916,0.03973209,-0.25160524,-0.55587316,-0.34421167,-0.11312523,-0.1256136,0.4016479,0.13851914,-0.27804083,-0.66474175,-0.21972175
-0.17305262,-0.23312445,0.0012881561,0.4041819,0.10530707,0.08498941,0.07233097,0.2650031,-0.07273493,-0.44211143,-0.490635,-0.73844564,-0.33725256,-0.25296322
0.51153713,0.26463562,0.27626303,0.3454216,-0.021827728,0.43916816,0.07021827,-0.3914004,0.35137415,0.373884,-0.20220652,-0.42747,-0.09863535,-0.34624276
0.50461483,0.1943292,-0.056983095,-0.5187855,-0.51091886,-0.03289125,-0.11590564,-0.47277978,0.3211591,-0.008455435,0.6867971,0.33582097,0.034633003,-0.13169913
-0.6333698,0.14075029,-0.36302415,0.058805764,-0.051217165,0.0054892367,0.08555556,0.349053,-0.05453687,0.08567874,-0.27927127,-0.4707254,-0.16658396,-0.34652227
0.10665691,0.45129687,-0.61978173,-0.20681274,0.1683034,-0.4247882,-0.17426531,0.13155128,0.35496065,-0.14484659,0.5468969,-0.05463716,-0.31736884,0.28643808
0.24437293,0.15124175,0.26908806,0.5329484,0.016799873,0.53478664,-0.2914464,-0.25820047,-0.029985232,0.52694696,-0.04515655,-0.58909386,0.1246999,-0.19208796
0.42924488,-0.034822855,0.09473825,0.044739626,-0.0075276047,-0.06793188,-0.23106581,0.0016121962,0.46208683,0.04387086,-0.37339148,-0.39148,0.42210743,-0.64654726
0.20851696,-0.5945555,0.41468382,-0.3956539,-0.49990496,0.07242663,-0.1087141,-0.45280775,-0.41975594,-0.2844538,-0.39874944,0.03539557,0.23851416,0.24118283
0.031226773,-0.25875747,0.038289577,-0.1007366,-0.25964674,0.024603546,0.011195728,-0.52312964,-0.33005255,-0.20988783,-0.5704696,0.53582567,0.5145034,-0.247711
-0.13682775,0.05664866,0.3184477,-0.27147505,0.567717,0.23621342,-0.18509029,-0.08622708,0.036903907,-0.3609429,-0.5974508,0.6613532,-0.13908957,-0.20663494
-0.029594466,0.03151412,0.28630623,0.31561735,0.054471917,0.22336991,-0.035229854,0.08045206,-0.01553693,0.19125076,0.5694827,-0.343166,0.016845489,-0.42412704
0.20425263,-0.10002975,0.11853871,0.07684676,0.011483655,0.15812548,-0.07481598,0.12444748,0.44127944,0.60902977,0.12639873,-0.27762237,0.4431087,-0.17677523
-0.120538026,0.27920762,0.18567383,0.46707094,0.05709996,0.248022,-0.41432583,-0.38257453,0.45936763,0.4359539,-0.086178,-0.34739438,0.21152978,-0.40868178
0.26271108,0.30816042,0.4220261,0.35546452,0.3163054,0.37376168,-0.5507252,-0.23309061,0.37427068,-0.09891984,-0.22641386,-0.30158013,0.33963943,-0.21553351
0.2679467,0.54295343,0.59694684,-0.3236701,-0.43453583,-0.03659674,0.2587911,0.17781828,-0.6064556,0.005747385,-0.38360682,0.57412,-0.16289815,-0.04632969
-0.3057384,-0.24622396,0.0512606,0.48570752,-0.12384071,0.042193785,-0.47736338,-0.29747713,0.3665174,0.6184629,0.1839635,-0.43164277,0.39847174,-0.26219213
0.5487714,-0.14342734,0.49923447,-0.39942846,0.343365,0.25288123,0.5667953,-0.19933143,-0.2151779,-0.07680089,-0.6266228,0.28164485,-0.045531806,-0.016064104
0.23657209,-0.10287185,0.60618234,0.6076437,0.3462966,0.1764284,-0.19039862,-0.2662883,0.31223375,-0.09419188,-0.14661896,-0.70500565,0.16180049,-0.54549515
0.033623725,0.065811664,0.71084714,0.046355523,0.21436647,0.054050174,-0.19264315,-0.2068629,0.39270753,0.22104658,-0.506827,-0.16698113,0.25204468,-0.5192291
0.07760591,-0.096465334,0.18781167,-0.10298931,-0.083349794,0.36090785,-0.22824213,-0.40838322,0.24705762,0.32185712,-0.07779699,-0.4595296,-0.03257085,-0.2692854
0.2666702,0.04996965,0.13122727,0.25430468,-0.10537839,0.4171114,-0.1579853,0.14019053,0.5223699,0.28326145,-0.6211052,-0.32054776,0.42006585,-0.5742913
0.27726576,0.1055983,0.11850165,0.27612248,-0.34180674,0.2179588,0.023140933,0.21093662,0.4994318,0.35527322,0.24719122,-0.19311193,0.20349303,-0.28731683
-0.1394062,-0.1657898,-0.06494979,-0.20005752,0.11507045,0.057179525,-0.6883715,-0.6346392,0.4950057,0.29318133,0.65224063,0.16990054,-0.31750122,0.37333697
-0.25436023,-0.06354862,-0.3952995,0.008129374,0.4405304,0.009902817,-0.033976417,0.14917059,0.3638338,-0.41856456,-0.24753991,-0.13604261,-0.29409873,-0.16863771
-0.029507924,-0.11277385,-0.07960448,-0.44081816,-0.4367338,-0.08129375,-0.19732949,-0.49736887,0.4909764,-0.0061451024,0.36795202,0.3180633,0.31985515,0.37887022
-0.47797915,-0.74489915,-0.43516448,0.24607378,-0.107880786,0.100348465,0.19272587,0.6774091,-0.18088149,0.3074892,0.2356275,-0.10509777,-0.28926617,-0.29063755
-0.48729813,-0.42674595,-0.17157976,0.5523287,-0.015934184,-0.15727787,0.3801385,0.45194238,0.2494824,-0.24282183,0.08981646,-0.2041858,-0.7007475,0.2526715
-0.46347347,-0.49549028,-0.052115846,-0.16211687,0.283533,0.15351923,0.31645632,0.28333452,-0.52903396,-0.23196456,0.34282878,-0.5943923,-0.088567086,-0.055763416
-0.5124198,-0.3102442,0.2147846,0.47515512,0.2945465,-0.3230354,0.39214185,0.32727027,-0.539668,-0.28946185,0.5453562,-0.6185322,-0.05696902,0.12193682
-0.6601112,-0.107428916,-0.22312479,-0.40063834,-0.2735016,0.4464004,-0.031104527,0.2425012,0.30771345,-0.3042743,-0.18332905,-0.11234758,-0.28604722,-0.3935218
-0.66157514,-0.46763352,-0.37140512,0.49783826,0.26156315,-0.093378074,0.34033805,-0.22467873,-0.6342613,-0.09424152,0.20726731,-0.5712736,-0.41838107,0.29526317
-0.5318039,-0.46404317,-0.37938148,-0.24129418,-0.3672494,0.58580154,0.045167066,0.4438906,0.6144425,-0.3491211,-0.4007898,-0.4966207,-0.38302842,-0.3120858
-0.40956602,-0.0976609,-0.42819864,0.0043320083,0.4389578,-0.3808182,0.69181526,0.4989596,-0.09027695,-0.09004487,0.5848611,-0.5431748,-0.12577473,0.41104496
0.2552161,0.05509281,-0.5129065,-0.0059987,-0.3562248,-0.40356863,0.071147874,-0.5906922,0.5468409,-0.21864715,0.42302132,0.52363676,-0.14676164,0.5616106
-0.48259866,-0.489004,-0.18253826,-0.3366441,-0.0041510426,-0.1944002,0.42202225,0.14891747,-0.22097972,0.0661622,-0.07783391,-0.19581582,-0.48855242,-0.3357118
-0.48611152,-0.3608398,-0.6097289,-0.04083597,-0.010950514,0.1555858,0.3684784,0.25339308,-0.5585475,0.018389175,-0.13906509,-0.34316623,-0.04756337,-0.2572761
-0.45658293,-0.54225326,-0.083872825,-0.49737862,-0.2415376,-0.0062068,-0.14547592,-0.3166011,0.016368471,-0.16410683,-0.20681717,0.58310694,0.3243244,0.24254996
-0.7166531,-0.034456253,0.058454312,-0.2886913,-0.1765682,-0.34887615,-0.06112303,-0.18953313,-0.080905035,-0.55909693,-0.47086552,0.37746555,-0.31826508,-0.07421336
-0.3460401,-0.35259014,-0.33962592,-0.09714801,-0.42682472,0.6054254,0.12894964,0.4965953,0.42783552,-0.44879848,-0.39123708,-0.36486107,-0.561768,-0.38425115
0.4642846,0.1914529,0.003502377,-0.3903495,-0.12793307,0.05594763,-0.08793976,-0.51930314,0.33557466,-0.24136333,0.5763857,0.14788389,-0.2657179,0.5432508
0.42082313,0.2911342,-0.3518312,0.0040216567,-0.18470441,0.18590371,-0.22012632,-0.6081569,0.55769753,-0.33990997,0.15297379,0.4380475,-0.19725183,0.27700052
0.23852047,0.16165467,-0.10559031,-0.24032243,-0.7536021,-0.15737832,-0.55834514,-0.27336553,0.23403102,0.16605477,0.27081603,0.19977091,0.3497625,0.12777872
-0.5867416,-0.41372988,-0.0062307045,0.59734476,0.5470323,-0.17882414,0.42241013,0.2522688,0.094529696,-0.42936367,-0.14450093,-0.6902087,-0.017291913,-0.051718988
0.04512584,-0.024634065,0.24649523,0.12647007,0.21653804,-0.23116063,-0.185578,-0.825874,0.61746013,-0.12989667,0.5481698,0.384418,-0.54735786,0.17826757
-0.4641385,-0.08978854,-0.27546263,-0.17698774,0.71020734,0.5059105,0.26713747,-0.07876628,0.6346812,-0.16657902,0.45013785,-0.5276207,-0.19964235,-0.22167152
-0.459038,-0.55666643,-0.35091507,-0.23452921,-0.45755818,0.5378868,-0.08943391,0.5987657,0.60604894,-0.4652415,-0.4424659,-0.5574889,-0.5600527,-0.37228727
-0.3047499,-0.2417888,0.53622735,-0.19708636,-0.2883294,0.42401707,-0.38024652,0.09661013,0.3560424,0.30538586,-0.12903301,0.5165979,-0.47054544,0.50557894
0.12629825,-0.13129573,0.07904278,-0.3206297,0.07563302,-0.2205756,-0.5167852,-0.34954897,0.3615167,-0.08016645,0.44051233,0.26382586,0.34810406,0.08958927
-0.6940791,-0.6993125,-0.41836712,0.07925327,0.6755024,-0.04471851,-0.31936637,0.31901568,-0.34583515,0.30675647,-0.41505733,-0.29207107,-0.2869228,-0.1528394
-0.4284647,-0.54924935,-0.26011184,0.03321214,-0.3985258,0.5272172,0.19213983,0.46357906,0.563235,-0.35050932,-0.27416465,-0.3195665,-0.5159452,-0.25120854
-0.41970286,-0.53409916,-0.49130994,-0.1701738,-0.41524082,-0.147309,0.029434994,0.36779463,-0.17303166,0.040195916,-0.37464643,-0.4772128,-0.1350892,-0.25942934
0.17428117,0.045999534,-0.1814259,-0.32159308,-0.56069374,-0.18558879,-0.06604025,-0.4613687,0.5445216,-0.19588754,0.41160384,0.19481139,-0.111074075,0.5483185
0.19701356,0.38308984,-0.24223214,-0.37218755,-0.3909878,-0.19091071,-0.58519006,-0.35784936,0.12967007,-0.24051994,0.638851,0.5476859,0.048096318,0.13284853
-0.42964667,-0.47357535,-0.5521042,0.2539934,-0.025334638,-0.0042258603,0.12471183,0.5771083,-0.54313844,0.3040702,0.21638703,-0.20638286,-0.6795801,-0.09424244
-0.5752482,-0.40769348,-0.30019102,0.4551139,-0.08514799,-0.36932173,0.14110048,0.65078783,-0.5486493,-0.25447854,0.1150812,-0.38300094,-0.07506523,-0.32442343
-0.14162557,0.04480492,0.18729575,0.025398355,-0.37232226,-0.094811276,-0.6699451,-0.3395682,0.38606197,0.107215114,0.75756764,0.13710792,-0.715151,0.35215014
-0.6577671,-0.23497526,-0.33815062,-0.031035574,0.28385305,0.12262703,0.34168246,0.5277852,0.28075823,-0.07240835,-0.20025711,-0.5460365,-0.31449702,0.1573356
-0.54354644,-0.59479696,-0.052043952,0.57166517,0.34558535,-0.0863931,0.39026853,0.3471582,-0.19860552,-0.34234414,0.024916722,-0.11344715,-0.19407696,0.04801082
0.19437882,0.3450184,-0.27444485,-0.17747267,-0.6948039,0.08605228,-0.5492156,-0.5338177,0.422897,-0.18785724,0.42124185,0.4629575,0.25459346,0.03784554
-0.112045094,-0.08612148,0.22433034,0.5136828,-0.7328896,0.064960696,-0.09151698,-0.117916435,0.39163658,0.25549048,0.13382727,0.0035195875,0.09324663,-0.6843229
-0.14567837,0.10481007,-0.053597525,-0.4160358,-0.51904476,0.30487925,0.1115251,-0.476546,0.15296705,0.07608017,0.7140229,0.35066253,-0.044106863,-0.09842342
-0.008963394,-0.13558695,-0.3818656,-0.2448066,-0.48581323,-0.2823303,0.11278385,0.2361071,0.072955795,0.37395114,-0.67112446,0.4235889,-0.64533687,0.009774907
-0.32349044,0.05430707,-0.26436764,-0.36197928,-0.29620916,-0.13982667,-0.2046355,-0.0911142,0.09320312,0.22083198,-0.21930686,0.26928997,-0.4531581,0.0048237387
0.050859943,-0.5233398,0.14647253,-0.33577156,-0.20182358,-0.57432675,-0.25425643,-0.14915235,0.1372599,-0.18580592,0.17772314,0.4502885,-0.03591653,-0.2562234
-0.07530934,-0.46382594,-0.4687367,-0.2567544,-0.20126168,0.45000365,0.08527642,0.3549586,0.59039557,-0.25133172,-0.114621215,-0.6802001,-0.3452344,-0.23894641
-0.13867934,-0.4431989,0.27395126,0.33535165,0.25287718,0.1980225,0.4758627,0.34414488,-0.44140074,-0.44219264,0.47559363,-0.67029715,0.09162065,-0.24767871
-0.577431,-0.2751198,-0.3117016,-0.47582617,-0.5247715,-0.43923077,-0.016141087,0.12455275,-0.2801581,0.28106263,-0.26380277,0.5870086,-0.08921911,-0.28497395
-0.07401293,-0.5695943,0.12468524,0.06995163,-0.17182815,-0.418367,0.16389905,0.5271852,-0.110524036,-0.33873358,-0.13808216,-0.4898337,-0.5248885,-0.23719847
-0.47210488,0.021609265,0.26440394,-0.16448845,0.054757062,-0.41492033,-0.25140914,-0.4347083,-0.33617875,-0.30708024,-0.14406745,0.45275846,-0.06063071,-0.42988458
-0.29943514,0.31028736,0.5452862,0.3282099,0.39073417,0.40926293,-0.03869881,-0.25013536,0.20721233,0.4066159,-0.049223013,-0.1983733,0.43260145,0.08759575
-0.2653813,-0.018663663,0.6129582,-0.64821583,-0.16933905,-0.13784306,0.30841208,-0.14093065,0.048818916,0.08450167,-0.35834506,0.2978483,0.24352562,-0.23336762
-0.20792694,0.092633784,0.18233392,-0.7422747,0.00356196,-0.2408799,0.054238107,-0.1311046,-0.31751674,0.16955128,-0.5664258,0.33894086,-0.3520553,0.15886705
-0.27026922,0.18270722,0.30047724,-0.6613381,0.014425782,-0.288155,0.23053752,-0.27443796,0.10811681,-0.38023284,-0.5393926,0.564616,0.06270093,-0.27052128
-0.10693938,-0.14841987,0.067197114,-0.7598113,0.6441021,0.049936406,-0.27689645,-0.4829024,-0.14460662,-0.15054488,0.2818311,-0.03369545,0.39298135,-0.31923443
-0.14711618,0.2699436,0.07633043,-0.7916296,-0.022728734,0.5549259,-0.3512121,0.2405922,0.22004317,0.09885964,0.049591202,0.101062864,0.3623963,-0.11119627
-0.41016644,0.4597824,0.008596186,-0.76267403,0.36199868,0.10910124,-0.33716017,-0.32029596,-0.06322628,-0.20324168,-0.3499334,-0.54394746,-0.2975928,0.1903555
-0.11955834,-0.03391065,0.37855375,0.037113946,-0.5565122,-0.14186983,0.3089617,0.013724842,0.20577964,0.12829526,-0.1989339,0.2652167,0.24012463,-0.5202127
-0.2141717,-0.09662238,0.68047535,-0.208229,-0.57630527,0.054054797,0.25927135,-0.13596857,-0.15073775,-0.036491517,-0.055992197,-0.22647512,0.06601912,-0.37692183
-0.27665207,-0.0013224533,0.23284125,-0.5700649,0.16768423,-0.4677676,-0.035546422,-0.41181722,-0.03513004,0.027113268,-0.21508208,0.31180623,-0.21101539,-0.07725461
0.010887339,0.3422911,0.6171677,0.048244167,0.27977297,0.103032485,-0.037745357,-0.4590437,0.06161087,0.3826802,-0.2690977,-0.5381845,0.30568737,0.13660857
-0.45452684,-0.21328261,-0.23168233,-0.44583753,0.32343876,-0.33802575,-0.19158614,-0.30049548,0.044757158,0.28697908,0.44459376,-0.27061644,0.4667268,-0.10478254
-0.13981982,0.37038124,0.5455492,-0.5816839,0.12307963,-0.36356118,-0.15333156,-0.0869697,0.06500812,-0.33010057,-0.1187861,0.19678953,-0.48158646,-0.12553544
-0.5021158,0.21736231,-0.3612686,-0.8098851,0.16268799,0.51540667,-0.21659373,-0.19682905,-0.058946528,-0.20264086,-0.019478243,0.06608318,0.36208627,-0.28479624
-0.5076145,0.2539699,0.14952928,-0.58799237,-0.13804656,-0.50547814,-0.26813245,-0.32121032,-0.37350842,-0.040646195,-0.12612613,0.19756433,0.013524524,-0.2578545
0.026553066,0.033989433,0.44016355,-0.18917303,-0.47886443,-0.33521518,-0.4266268,0.2851735,-0.6196598,0.09845963,-0.3749354,0.14650607,0.20637853,-0.22996561
-0.26888788,0.4628504,-0.07570478,-0.7326349,-0.0425134,0.43333972,-0.03881519,0.017765176,-0.49217293,0.34545165,0.2411201,-0.039768413,0.72609013,0.32476944
-0.22355501,0.21813774,0.21872438,0.43437415,-0.23548211,0.33308056,-0.55434597,-0.39492086,0.25947484,0.3415367,-0.4321783,-0.1481581,0.08175115,-0.36775815
-0.40804657,0.039790574,0.34535885,0.51518536,-0.49583328,-0.16830866,-0.43571597,-0.45845777,-0.034407116,-0.4462715,-0.16881219,-0.16189723,0.26925775,-0.25515205
-0.45797804,0.09388157,0.09484552,-0.35235748,-0.12170937,-0.26121286,-0.20190987,-0.34937918,-0.19453394,-0.06505366,-0.49044096,0.5268521,-0.11198785,-0.27815306
0.08006446,-0.056843348,0.28463534,-0.29519254,-0.35310328,-0.42479882,0.374479,-0.5214391,-0.5874957,-0.47981703,-0.5231568,-0.022425866,0.31005117,-0.13887395
0.47925246,-0.15367608,-0.5943718,0.2534183,0.15520744,0.12847503,0.45390525,0.53867716,-0.11327833,-0.3264267,-0.61477906,-0.5268224,-0.446368,-0.59450847
-0.37988368,0.3104489,-0.27965513,-0.37498668,0.14932153,0.19336218,-0.29065886,-0.618871,0.24618581,-0.04534334,0.16785379,-0.15771404,-0.019517563,-0.32941324
-0.45418957,-0.20540048,-0.2648976,-0.060551055,0.4616678,-0.092224926,0.55832815,-0.09879477,-0.5677046,-0.23434386,0.05055364,-0.27107373,0.17267199,-0.38785216
-0.3583016,0.47987118,0.25640413,-0.41476354,-0.0041735363,-0.22487046,0.12201586,-0.004364019,0.16310981,-0.36492604,-0.33386526,0.43538225,-0.06573538,-0.3386394
0.2506398,0.25767913,-0.2228091,-0.13146241,0.0038676423,-0.2343304,-0.19545677,-0.25182652,0.23812419,-0.2889565,0.2751666,0.01739025,-0.099956505,0.091794945
-0.5967809,-0.17941335,-0.16570038,-0.26110902,0.09190844,0.20122872,-0.3517877,-0.28691494,-0.28904048,-0.43729195,0.23798749,0.2193425,0.48024306,-0.3994326
-0.16016643,0.26971206,-0.0825261,-0.61955446,-0.16353272,-0.22368304,0.01761148,-0.100212835,-0.13871369,0.18466058,0.15840492,-0.072756596,0.04258539,0.039480604
-0.15779164,-0.20519036,0.5999392,-0.5647227,0.17814423,0.2192205,-0.31306368,0.10213512,-0.038804147,-0.3220046,-0.12774341,0.45604184,-0.031174703,-0.40622145
0.50300926,0.04297939,0.46314874,-0.36589602,0.11834077,0.37861526,0.27281788,-0.024987802,-0.10680755,0.3407962,-0.6858885,0.04273995,0.20484656,-0.56050295
-0.24608198,0.12868507,0.3476221,0.39961377,-0.14531095,-0.0005695251,-0.21441756,0.4907505,0.2292225,0.10708964,-0.21261865,-0.36129272,0.06456247,0.27397805
-0.41144815,0.19600773,-0.1580931,0.007863158,-0.20646939,-0.41954502,0.32400385,0.44356534,0.20412423,0.122591905,0.16447976,-0.16342066,-0.1785486,-0.07665581
-0.36092925,0.40574265,0.49799985,0.4565328,0.22419977,-0.295155,0.24888624,0.034899324,0.42711243,-0.3031588,0.598973,0.3079911,0.25679857,-0.5398862
-0.17066197,0.4525926,0.47805327,0.043341964,-0.6200683,-0.35244507,0.21772492,0.28793466,-0.30881137,-0.02678137,0.4455811,0.34817743,-0.04592951,-0.46279636
-0.23302314,0.36574543,-0.03895792,0.5669521,0.11114507,-0.3087938,0.4213886,0.6394128,0.08290699,-0.0445587,0.5468713,-0.58052063,-0.50577575,-0.4206187
0.22854468,0.41136074,0.44536656,-0.2612649,-0.080105215,-0.26432624,0.69072795,-0.27055672,-0.3135861,0.2923767,0.6270076,-0.46227953,-0.033353686,-0.2047633
-0.2105296,0.3738293,0.53673977,0.27169007,-0.64065444,-0.122067526,0.10427102,0.074532665,0.32598895,-0.0023740318,0.31979835,-0.3538623,0.04860154,-0.4373334
-0.41191283,-0.3152931,-0.30517134,-0.21743312,-0.45277652,0.5122365,0.092834435,0.3506124,0.4794255,-0.3618792,-0.22861785,-0.63449806,-0.57238925,-0.5681478
-0.20327032,0.4149092,0.27965623,-0.19166796,-0.23526926,-0.29838514,-0.09192137,-0.00047438493,0.2529535,-0.41225383,0.21303466,-0.112015836,-0.2317246,-0.11614695
0.05675675,0.44271696,0.38571325,0.4349947,-0.2288706,-0.40278968,-0.0709261,-0.25036258,0.12387306,-0.28183144,0.49450576,0.11894595,0.17730226,-0.72559583
-0.21460316,0.16180916,0.37381205,0.25556958,-0.67690605,-0.3299389,-0.03479029,0.25120047,0.18507145,-0.13870911,-0.09613736,0.05328971,0.11450702,-0.28036058
-0.6456162,0.21993418,0.19440503,-0.41496626,-0.12426166,-0.61772895,-0.2373466,-0.40075403,0.09898329,0.07617534,0.14905958,-0.14709851,-0.08696827,-0.27756822
-0.21729651,-0.37792885,-0.33151156,-0.37178636,0.38611296,0.10953371,0.48434368,-0.18368506,-0.52554554,-0.4217007,-0.07614216,-0.6060978,-0.4419832,0.107554965
-0.48924637,0.066136,0.48737192,0.23260835,-0.29414538,-0.59956586,-0.2455403,-0.07593913,-0.23545927,-0.39748502,0.18280305,-0.04008644,-0.18121943,-0.1343504
-0.15640962,0.091724664,0.47294316,0.25554547,-0.324573,-0.41194105,-0.12995663,-0.06950475,0.08590852,0.049624432,0.4954042,-0.13228002,-0.30231217,-0.32644382
-0.221046,0.38665643,-0.16454263,0.15769292,0.06953143,-0.14695466,0.20362382,0.5925074,0.33918312,0.15991932,0.37364566,-0.36954367,-0.620125,-0.060990483
-0.4028983,0.043117434,-0.038300667,-0.497629,0.043055795,0.016774746,0.17484997,-0.22324315,0.08580148,-0.19522053,0.3141864,0.58257186,-0.0960337,-0.27052101
-0.2519014,-0.12000355,0.055073295,0.023182908,-0.12478334,-0.17836568,-0.12940596,-0.30095497,-0.21940859,-0.3076709,0.2548164,0.33647513,-0.12437856,-0.6087607
0.106264874,-0.29828718,-0.2884235,0.11179041,0.56719023,-0.5421326,0.14525971,0.3647493,-0.16451135,-0.24319139,0.4750246,-0.4022199,-0.5959932,-0.39300257
-0.50551146,-0.23878841,-0.4366226,-0.39752352,-0.022587651,0.6131346,-0.21923073,0.35179472,0.49596688,-0.2598893,0.26386762,-0.7108324,-0.280718,-0.52531636
-0.62452596,-0.100437425,-0.23484637,-0.61454225,0.22109522,0.6123447,0.049732126,-0.25007045,-0.029151225,-0.1880786,0.29902184,0.34046984,0.0013235166,-0.2188065
-0.36522883,-0.018098945,0.11038945,-0.25386587,0.11913939,-0.52201295,-0.34364972,-0.5691177,0.44742373,-0.18669178,0.10135229,0.41803896,-0.31165248,-0.3096325
-0.61747974,0.13350917,-0.3736345,-0.47464246,0.48616216,-0.3472679,-0.24829955,-0.12601161,0.38526458,-0.21067695,0.4547908,-0.091151096,0.6247487,0.15026462
-0.5526243,-0.41695833,-0.36340722,-0.30101854,0.079407506,-0.48222488,0.11670799,0.2917562,0.36627495,-0.003373258,-0.19795127,0.440719,-0.4547263,0.18504839
-0.5616196,-0.017615533,0.36038846,-0.2831219,-0.04050416,-0.19067453,0.13877872,-0.37204126,-0.11936472,-0.41684955,-0.09226872,0.6036724,-0.11623903,-0.068414226
-0.17563087,0.29698157,-0.16519918,-0.5266515,0.2668899,-0.46926078,0.0630994,-0.10611022,0.07594794,0.3530126,-0.16514128,0.48934177,-0.65296364,-0.1813211
-0.078685045,-0.017589577,-0.059876535,0.0044692312,-0.6329823,-0.18302867,-0.5822551,-0.37066707,0.26070786,-0.22329755,0.50287586,0.38356137,0.14107257,0.35794327
-0.6054818,0.3832429,-0.4293747,-0.49689236,0.20633285,0.028592799,-0.3761426,0.038186114,0.3012394,0.24235435,0.7061601,0.123284966,0.20190722,0.2090225
-0.6157401,-0.197033,-0.30901903,-0.12686287,-0.19707683,-0.123315714,0.07317446,0.6475687,-0.041800708,0.31330806,-0.07656672,-0.48200762,-0.4248016,-0.31182057
-0.5252659,0.11841541,-0.43739286,-0.51752365,0.030571438,-0.17653425,-0.020898279,-0.25447878,0.25777164,-0.27178496,0.5258644,0.097751155,0.12937368,-0.25564876
-0.35293674,0.34706432,0.13987869,-0.40956143,0.12430866,0.026242625,0.5476972,-0.20460188,-0.11719032,0.0030014128,-0.24322824,0.620152,-0.49379528,0.027443385
-0.396714,0.2559058,-0.17603417,-0.40195045,0.24301763,-0.582871,0.17874293,-0.19033206,0.23343252,-0.5467617,-0.5314855,0.4446882,-0.3994101,-0.05198538
0.35138103,0.25052905,0.116050005,-0.19859211,-0.7350614,0.26739445,0.20183705,-0.673682,0.34840122,-0.1280161,0.54260725,0.47582442,-0.28264982,0.1272044
-0.36445495,-0.10169838,0.028698994,-0.081133164,0.07861922,-0.40687838,-0.36821672,-0.7397441,0.1528388,-0.13232933,0.017565442,0.50821674,-0.48703766,-0.30152565
0.3203293,0.04208691,0.22544205,-0.21151054,-0.25079846,0.083645694,-0.43891367,-0.45517173,0.27047974,-0.0032497626,0.5792638,0.062210135,-0.1714788,-0.16763407
-0.6255389,0.094105296,-0.47862184,-0.44839185,-0.31120297,0.06552577,-0.6230681,-0.12649842,0.016612386,0.09841593,0.44954455,0.20247099,0.33235013,-0.20540327
-0.2826745,-0.17135283,-0.3969935,-0.3852156,0.6493267,0.10995263,0.41002646,0.021169012,-0.16077586,-0.53294647,0.57762045,-0.407075,0.1536588,-0.34957772
-0.5743553,0.004240601,-0.18682127,-0.157578,-0.31704345,0.021320036,-0.11016382,-0.27807185,-0.35443053,-0.29980874,-0.2234657,0.39060223,-0.109276325,0.29345027
-0.4461001,0.13690886,-0.6402452,-0.37625694,0.5007537,-0.16833031,0.11630091,-0.25251818,0.3588842,-0.37560502,0.20662045,-0.026990343,0.37550372,0.19600256
-0.21983209,0.04387428,-0.80161387,0.16770023,0.4549855,-0.23017068,0.2860059,-0.10165235,-0.25260594,-0.15811011,-0.28254524,-0.14801767,-0.4842687,-0.16917542
-0.5108759,-0.082443,0.23313595,-0.09065827,-0.2921512,-0.3805509,-0.11100906,-0.005431782,-0.0021302612,0.24465135,-0.09277245,0.44912574,-0.2765544,0.020693904
-0.42481676,-0.088272676,-0.5496859,-0.35595804,0.6842161,0.047115378,-0.102182925,0.099276915,0.116001494,-0.4312063,0.2459958,-0.29642218,-0.093850724,0.118308075
-0.02851201,-0.21864851,0.2719821,-0.07278896,-0.70594126,-0.017784998,-0.052676767,0.10554836,-0.3979748,0.24406683,-7.06967e-05,0.1396887,0.052573837,-0.41826892
0.46623176,0.29083937,-0.38672918,-0.45710424,-0.42349446,-0.21046545,-0.17355472,-0.22202535,0.35209763,0.15135077,0.2509,0.30598465,-0.2862158,0.37582916
-0.19127181,0.091866665,-0.15614136,0.120574445,-0.41164413,-0.59553653,-0.30862197,0.4757261,0.46356362,0.16366018,0.3407007,0.47082952,-0.062078275,-0.4966431
-0.6947358,-0.22476538,-0.28865412,0.11588793,0.1439155,0.06792125,0.51540923,0.27906293,0.30889136,0.07030717,0.196561,-0.18861984,-0.54184216,0.16385981
-0.54489887,-0.4066391,-0.024785277,0.48310757,0.088575736,-0.0642063,0.3606943,0.29845548,0.17511411,-0.44684565,0.27992985,-0.37751988,-0.22555391,0.22626784
0.13049719,-0.20533176,0.40441164,-0.29329807,0.43341234,-0.22096406,0.16420098,-0.658402,-0.1999243,0.645424,-0.25001103,-0.31976277,0.19016421,0.09228976
-0.5221789,0.5439113,-0.38685074,-0.02017921,0.21247154,0.6562326,-0.13845855,0.40967345,-0.03874468,-0.17650388,0.40991858,-0.6559799,-0.53098136,-0.43824968
-0.15356842,0.3597344,0.35427967,0.55415875,-0.640527,-0.108927466,-0.36579767,0.11835032,-0.13451456,-0.047704052,0.1605885,0.10528228,-0.3134196,-0.5562181
0.13074884,0.2537731,0.33008483,-0.03466551,-0.7432045,-0.13186596,-0.21050908,0.0014871681,0.2748214,-0.12234678,0.35296592,-0.1411445,0.15580307,-0.023461286
-0.1295809,0.5361134,-0.19301543,-0.15805021,0.088688284,-0.3697386,0.21178694,-0.23248577,0.26641566,-0.2644646,0.52593416,0.17714973,-0.6773985,-0.29508734
-0.101881385,-0.15983033,-0.27364126,0.10626423,0.034852527,0.25731343,0.29231977,0.3098135,0.5992078,-0.5233596,-0.44976503,-0.65234154,-0.15278414,-0.055877324
-0.5136189,0.000131018,-0.466587,-0.6415497,-0.4662459,-0.042734317,0.110911146,-0.2079841,0.19533353,-0.14814858,0.360344,0.16916749,0.42813686,-0.10958689
-0.34408557,-0.04074125,-0.6067259,-0.31160092,0.3060299,-0.038011186,0.3599491,0.20998594,0.24278305,-0.43095848,-0.4101781,-0.60146916,-0.21677616,0.08067827
-0.47719303,-0.5921001,-0.38042068,0.65948784,0.3740199,-0.07880084,0.41566423,0.49863067,0.13242903,-0.1354541,0.12627067,0.08115516,-0.22841594,-0.11216961
0.19331893,0.451999,-0.21077837,-0.43490648,-0.39645723,-0.27125227,-0.16788742,-0.24061857,0.3805318,-0.33817482,0.32994008,0.26182812,-0.31892216,0.7457998
0.15779538,0.50422883,0.37055278,0.06153987,0.2886672,0.019794364,0.38549173,0.4927851,-0.09143337,-0.14584838,-0.049273442,-0.02005402,-0.48285034,0.6904691
0.38819176,0.08070773,0.34107426,-0.63198745,-0.70764786,-0.03946166,-0.11139715,-0.12427258,0.55197877,-0.24064566,0.24519613,0.15912275,0.5178827,0.5190136
-0.10717046,-0.47880018,0.3625119,-0.46637768,-0.1260073,-0.13520181,-0.17473441,-0.15027906,-0.35488245,-0.28578293,0.11332213,0.5037205,0.051060405,0.11182576
-0.011872982,0.12314899,-0.3271673,-0.025328,-0.19519874,-0.027104955,-0.35333836,-0.36026317,0.4996007,-0.29502046,0.6655759,-0.035446472,-0.30226147,0.3223429
-0.49806228,-0.32591388,-0.17655078,-0.34361145,-0.33587015,0.36031836,-0.054497648,0.34172988,0.3949908,-0.34938413,-0.24658403,-0.2343258,-0.42371887,-0.38573202
0.17423834,-0.1195176,-0.2703905,-0.055174418,0.37211677,0.25598034,0.2566523,0.4284807,0.5421225,-0.7199713,0.123650715,-0.304192,-0.6382923,0.44924128
0.16921909,-0.10246133,0.27846208,-0.33095813,-0.16182351,0.435483,-0.5676887,-0.24464056,0.41335624,-0.37167042,0.06917802,0.5458916,-0.54317456,0.39142632
-0.76208395,-0.63269204,-0.42071047,-0.21144797,-0.034084722,-0.18700737,-0.07083129,0.3976658,-0.38838774,0.28512123,0.19019412,-0.08540477,0.23261249,-0.18010549
0.2094301,-0.26065794,0.13143687,-0.1875354,-0.51380086,-0.2321877,-0.08961917,-0.6976594,0.5846977,0.026846938,0.45387423,0.23632386,0.25496826,0.5698177
-0.46120158,-0.44556892,-0.44606182,-0.11712312,-0.5073226,0.5755953,0.14094266,0.5197571,0.58661497,-0.4143987,-0.5617895,-0.5294126,-0.4885939,-0.21741574
-0.30379862,0.37774205,-0.690101,-0.71733236,-0.052984975,0.08884092,0.181544,-0.05120425,-0.14088148,0.12947194,-0.23093212,-0.061786834,0.2876926,-0.14876358
-0.38289854,-0.37102485,-0.5537381,-0.50047547,-0.116069786,0.62777954,0.0424747,0.36152187,0.5814427,-0.29797307,0.09682251,-0.6219112,-0.086045295,-0.4209029
-0.3808859,-0.05457595,0.14905117,-0.4094495,0.14250083,-0.26794863,0.3851513,0.106966205,0.16599952,0.3113608,-0.074031815,0.3152263,0.38378504,-0.32325882
-0.42618808,0.01113593,0.24088317,-0.52437156,-0.05361688,-0.010755091,0.29537353,-0.233022,-0.10494199,0.20571858,-0.3305381,0.20894195,0.38629648,0.24305817
-0.56292194,-0.12718584,-0.42430183,-0.5175756,-0.14192162,0.5522661,-0.19364558,0.4299324,0.3753208,-0.3875272,-0.09276545,-0.39587888,-0.20756768,-0.42486852
-0.85315543,-0.10412333,-0.2350318,-0.47576654,0.35658824,-0.40218598,0.13930722,-0.026735619,-0.41860476,0.10728086,-0.15717068,0.13662511,0.13407773,-0.06467569
0.40501574,0.35181186,0.025916062,-0.39554128,-0.22027513,0.09809344,-0.16767564,-0.51675504,0.52908534,-0.62988764,0.34901148,0.113202445,-0.0046883426,0.3958683
-0.24134207,0.03177929,0.4201518,-0.17228371,-0.24571401,-0.27269787,-0.10182748,-0.084481314,-0.15783706,-0.032593984,-0.46776816,0.49268174,-0.33303988,-0.16917485
-0.67035085,-0.08185695,-0.52580935,-0.3734934,-0.024463398,-0.35502687,0.6240882,0.29121655,-0.24468976,0.17794749,-0.40429863,-0.15342268,-0.064259954,-0.50366485
-0.52941096,-0.4244217,-0.5570323,0.5084737,0.27033478,0.040906742,0.18270262,0.18850133,-0.0002846066,0.25832787,-0.4427257,-0.5042983,0.09040301,-0.30042332
-0.69568324,-0.13440701,-0.5497347,-0.64868045,0.0848297,-0.22632,-0.21096472,-0.4099743,0.5709951,0.0307606,0.08263194,-0.101427115,0.45650676,0.0019481026
0.22132528,0.12963372,0.16601996,-0.007376052,-0.45323557,0.017081948,-0.73948485,-0.17217748,0.20454621,-0.33951846,0.17307433,0.30160978,0.13502862,0.41141543
0.24673904,-0.16184464,-0.43879882,-0.63251364,-0.5061261,0.35568047,-0.1287594,0.23752344,0.5894729,-0.3052838,0.20528701,-0.15566453,-0.24944402,0.29453334
-0.48769054,-0.016979355,0.22249027,-0.5347373,-0.64933056,-0.3477316,0.02898447,-0.26946113,-0.29501304,0.071562536,-0.26872095,0.4537329,0.36232838,0.0011019291
-0.36473185,0.12008434,-0.4991227,-0.539618,0.5917545,-0.08375716,-0.4065083,0.04492278,0.03186244,-0.20154859,0.48687404,0.2486587,0.23248687,-0.27159843
-0.65088254,-0.05101848,-0.3745629,-0.63654566,0.38963205,0.24417394,-0.17420687,-0.2356121,0.20528771,-0.45409966,0.10978724,-0.025381079,0.32695413,0.048617776
-0.2840084,0.13008866,-0.17864938,-0.5711298,0.36836916,0.3883133,-0.58890396,-0.14365795,0.018231055,-0.3814429,0.012864495,0.06769815,0.3203443,-0.22945334
-0.049542308,-0.09801608,0.22310235,-0.14588292,-0.4562973,-0.0650345,0.072398394,-0.50980216,-0.617347,-0.39583787,-0.17525537,0.6407687,0.23472385,-0.44355032
0.19040082,-0.65280503,0.1155929,-0.6069487,0.14294843,-0.4202709,-0.007266085,0.09730488,-0.4114039,0.044829488,-0.118801,0.12648219,-0.45271268,0.38056642
-0.40029612,0.17418183,-0.15155573,-0.14889869,0.104348816,-0.5197538,-0.5137834,0.10525246,-0.4573524,-0.017688865,-0.13221994,0.4079623,-0.7246328,-0.20967074
-0.5391331,0.18926823,-0.44897512,0.07506332,0.110329255,-0.15022223,0.7063588,0.62533814,0.21859775,-0.124591626,0.1727363,-0.45968288,-0.28945133,0.35561168
0.40382499,0.7600058,-0.0807573,-0.6401823,-0.5403734,0.27743158,-0.16471346,0.009043905,0.071440116,0.021394335,0.44594768,0.56899077,0.42030987,0.3449049
0.26374343,0.010986478,-0.32844692,-0.31094435,-0.4410931,0.21511097,-0.45239076,-0.3129363,0.44989243,-0.48092544,0.6201948,0.040275138,-0.3196687,0.5589435
-0.669376,-0.6504992,-0.27808312,-0.30330455,0.63781065,-0.11750148,0.40985548,0.25701028,-0.57064193,-0.168958,-0.0012665013,-0.17083837,-0.43135756,0.29512537
-0.3063682,-0.4670074,-0.6309005,-0.20670517,0.22231661,0.43409252,0.6049941,0.25082275,-0.29146627,0.08708551,-0.5786277,-0.090272464,-0.3918004,-0.37718228
-0.37983486,-0.5312658,-0.71149325,0.25026068,0.43576115,-0.3372058,0.7670466,0.36414897,-0.043989357,0.12670368,-0.44727585,-0.08628601,0.016441733,0.03531485
-0.4658884,0.43891326,-0.35830668,-0.23591766,-0.096552074,0.2246863,-0.5400027,-0.13629766,-0.31739745,-0.5394094,0.086185135,0.07353233,-0.12517408,-0.17138386
-0.30963856,-0.46142685,0.1524102,-0.034519173,-0.21869619,0.052719742,0.2230689,-0.27714497,-0.51202863,-0.060220897,-0.58523697,0.09417496,0.07738043,0.6035013
-0.67012453,-0.68170166,-0.29245454,-0.4615563,0.60844606,-0.03773025,-0.08709486,0.0945837,-0.30721027,0.31211782,-0.32613662,-0.4891679,-0.062216345,-0.14486265
-0.3823419,-0.48145422,-0.01905459,-0.052945506,0.3068612,0.23218395,0.18130699,0.24870646,-0.07583875,-0.610238,0.02522758,-0.08438456,-0.28352925,0.035651304
-0.07346155,-0.19372116,-0.32301164,0.5396608,0.3454333,-0.015898785,0.40805945,0.45915556,-0.0034821394,-0.691947,-0.107399724,-0.15427113,-0.6385335,0.26322466
-0.42122924,0.2747771,-0.2684514,-0.7293304,0.29103363,0.19616148,-0.10896969,0.2828236,0.16718897,-0.27740702,0.15475412,-0.07317719,-0.068670996,0.16441485
-0.14591902,-0.25183105,0.5339598,-0.54848516,0.0022014286,-0.23837014,-0.15907474,-0.18297239,-0.27877158,-0.040573753,-0.17663366,0.47035092,0.15582709,-0.02097244
-0.7027965,-0.5538685,0.038959693,0.35855657,0.26318344,-0.18157274,0.16644894,0.31344187,-0.26998034,0.17496379,-0.35590026,-0.61947936,-0.030241977,-0.17027965
-0.19952999,0.047564227,0.52503353,-0.615525,-0.19102243,-0.026538676,-0.102130376,-0.4110873,0.024356058,-0.28219378,-0.43688375,0.080731936,-0.5553252,-0.2187753
0.14780775,0.13769373,0.21071444,-0.12210728,-0.1071038,0.26445854,-0.53467923,0.0038342206,0.4106643,0.4362578,0.5154923,0.4708205,0.5307552,-0.27523535
-0.5116916,-0.345021,0.11218823,-0.040987596,0.108749986,0.08550046,0.37737557,0.26019245,-0.047984917,-0.08574545,0.42798987,-0.75114405,-0.4201698,-0.06353379
-0.16677047,0.24926707,-0.017574804,-0.6300736,-0.4745078,-0.41337764,-0.08815531,-0.4377595,0.3860487,0.026559735,0.28990254,0.55084485,-0.4414966,0.28575405
0.23619606,-0.7598655,-0.3264436,0.09627994,-0.11041394,-0.35963184,0.17142801,0.65047306,-0.40986198,-0.2565075,-0.02714384,-0.34923226,-0.51010865,-0.12626398
0.6158254,0.2805891,-0.22205712,-0.5795771,-0.41950297,0.057230588,-0.46226344,-0.44649467,0.30202428,-0.0745747,0.19576728,0.13476834,-0.54131645,0.6608922
-0.5372162,-0.5287686,-0.49447086,0.47540694,0.5814667,-0.33243185,0.13814187,0.43356788,-0.35105842,-0.21228872,-0.58060366,-0.1299369,0.107338,-0.28339493
0.30945536,0.0037816355,0.24935035,-0.44627735,-0.52540475,0.36000267,0.10193606,-0.43446752,0.1971472,-0.3635739,0.3185312,0.5413901,0.559713,0.20561372
-0.30613235,-0.42537126,-0.4848585,0.6438743,0.46614853,-0.0059182514,0.8085132,0.1503322,-0.042654578,-0.23818277,-0.39305812,-0.29846436,-0.17203414,-0.10654768
-0.5825183,-0.20381796,-0.38874924,-0.5218568,-0.17547105,0.48048475,-0.20517333,0.43587947,0.40634045,-0.38822335,-0.14857523,-0.34256887,-0.21057181,-0.38116866
0.54952896,0.07144428,-0.11458503,-0.4286202,-0.15635984,0.44710374,-0.45315465,-0.1514518,0.42932746,-0.089416586,0.67158866,0.49775982,-0.43916136,0.15152834
0.61251086,0.36949652,-0.3851356,-0.2737428,-0.2393867,0.2426066,-0.30900478,-0.17666483,0.42027357,-0.27239677,0.42313883,0.33688357,-0.6777652,0.57113856
0.37942776,0.2249916,0.28844804,-0.49986622,-0.29341635,0.23339419,-0.36862946,-0.25529408,0.4523998,-0.26415431,0.6863909,0.5155665,0.2863592,0.2133062
-0.06449886,0.23469463,0.40654913,0.56071794,-0.3756435,0.086676195,-0.56589115,-0.33957604,0.12561196,-0.2430902,0.2698781,-0.40226582,0.033389796,-0.30642688
0.021569125,-0.22700198,0.18647657,-0.32021692,-0.47742477,0.13196985,-0.7591009,0.063768364,0.39898786,-0.112153925,0.2782435,0.2583052,-0.07073641,0.07998613
0.135473,0.015514487,0.051686876,0.4250683,-0.30193526,0.38776264,-0.26161987,0.06412661,0.16638534,0.32319745,0.51735634,-0.41201428,-0.1438508,-0.41379604
0.31965378,-0.09563256,0.37179962,-0.14546598,-0.29647076,0.36378667,-0.69776726,-0.4555586,0.6631076,0.38620335,0.40539482,0.51219636,0.17002743,-0.07307098
-0.5359769,0.06373829,-0.16814436,-0.78101045,-0.21360609,0.115828715,-0.35375145,-0.20039801,0.12908833,-0.29571927,-0.42535016,0.5673318,-0.1976048,0.21375528
0.34055993,0.17995016,0.0938908,-0.430299,-0.5488373,-0.1858961,-0.7650894,-0.19687384,0.5008046,-0.13796236,0.2031663,0.2561357,-0.16991802,0.2800253
0.14233927,0.06628809,0.41643503,-0.13220727,-0.5808223,0.42571622,-0.5440748,-0.37042743,0.69589525,0.55031127,0.4560877,0.22525199,-0.050304133,-0.15624203
0.25987348,0.20392814,0.09907329,-0.39321312,-0.40262938,0.43539888,-0.62331325,-0.55925,0.55086374,0.07094149,0.28611657,0.40166506,-0.060843736,0.2484229
-0.40166122,0.19731528,-0.48005074,-0.550874,0.6222142,-0.018383922,-0.3475882,-0.20375974,0.33509848,-0.41368422,0.15141843,0.04160831,0.586097,-0.2778007
0.23157416,0.28961638,-0.09099033,-0.4011726,-0.38051212,0.073394746,-0.24997917,-0.46203792,0.45986226,-0.3944885,0.44535252,0.4171635,0.38816357,0.19952284
-0.35458958,0.073575936,-0.1122152,-0.067463234,-0.59117717,0.12555335,-0.36505055,-0.44027767,0.5406662,0.11770533,0.6016466,0.31490844,0.31348398,0.029724613
-0.6705481,-0.31747928,-0.3605057,-0.55162156,-0.088620335,0.5610945,-0.16384152,0.22584833,0.57679534,-0.22089793,-0.10599444,-0.53887177,-0.20846693,-0.4646477
0.17973979,0.3001131,-0.15767856,-0.28260937,0.1594688,0.35785094,-0.15723577,0.27184135,0.2956361,-0.676853,-0.15210688,-0.10044872,-0.7170937,0.30594978
-0.61836696,-0.3650849,-0.42062148,-0.4503908,0.22421661,0.030963495,0.31579915,-0.10795661,0.06430569,-0.43667015,-0.47093537,0.29037952,-0.5831997,-0.14201316
-0.26689604,-0.015988817,-0.1544574,-0.574041,0.11648236,-0.014892498,0.55923426,0.20753339,-0.03763928,-0.08589057,0.42462376,-0.42951944,-0.44242746,0.14509107
-0.50400645,0.012349527,-0.7529128,-0.36898288,0.29405248,-0.022548629,-0.035371594,0.72932285,-0.07104219,0.37321478,0.13056566,-0.6361256,-0.18933047,0.048353843
-0.51710165,-0.38327137,-0.3527143,-0.37268323,-0.37595722,0.50864613,0.082318895,0.57672286,0.5371794,-0.46664882,-0.44873568,-0.4297396,-0.5059716,-0.41126952
-0.10786644,-0.016545469,0.35739213,0.00045176962,-0.15780395,0.30165505,-0.15395096,-0.4259821,0.7687119,-0.04915227,0.37789798,0.20153476,-0.63605547,0.32098386
-0.4448274,0.19142513,-0.40965268,-0.3209365,0.121142425,0.29598123,-0.29338816,-0.22833899,0.106762536,-0.5343712,0.049049772,0.16447146,0.3341913,0.020337194
-0.039836865,-0.5120689,-0.63841814,0.23119707,0.1511534,0.45879897,-0.19634345,0.44907773,0.2098668,-0.39415058,-0.5253668,-0.15155235,-0.5810121,-0.25812218
-0.49301532,-0.53538257,-0.40352407,-0.300722,-0.4358978,0.52106804,0.031499222,0.58334965,0.6549372,-0.4356039,-0.38084403,-0.57913125,-0.41392097,-0.35989726
0.030798169,0.5255472,-0.057069935,-0.6190949,-0.41998392,-0.28849262,-0.23003675,-0.5114429,0.2759866,-0.15899397,0.017724045,0.6161509,-0.49372414,0.24194212
0.17614803,-0.041390806,-0.023368655,-0.47841132,-0.3994208,0.51800996,-0.5917792,-0.0015833896,0.58787423,-0.2510661,0.43561238,0.06173263,-0.29196933,0.4216398
-0.43371642,0.08823946,-0.0007023401,-0.75671697,0.33154908,0.6776341,0.1182164,-0.25796354,0.5815821,-0.24362622,-0.07023623,0.03694346,-0.07891774,0.09869952
0.077258125,0.40932846,-0.17897554,-0.13355576,-0.16405337,0.3409123,-0.39041275,-0.052396707,0.5592729,-0.250987,0.48932523,-0.060744356,-0.54521716,0.5508048
-0.63858825,-0.28344104,-0.47667074,-0.41123688,-0.123091474,0.6747048,-0.21486813,0.47408098,0.4924775,-0.37197796,-0.1456943,-0.5497638,-0.28934264,-0.4476135
-0.50292516,0.23577014,0.06462406,-0.472823,-0.13451615,0.49593315,-0.3408984,-0.51388496,0.16462415,-0.3385395,-0.015406375,-0.3242575,-0.3419641,-0.17122136
-0.45577252,-0.15130864,-0.44642463,-0.3945811,0.367746,0.4654028,0.5147795,0.16315787,0.1415258,-0.67346513,0.00069886254,-0.33575115,-0.23414871,0.06667537
-0.638517,-0.025610335,0.25775903,-0.54597825,-0.02857251,-0.2951611,0.029661745,-0.19905303,0.031133506,-0.47321063,-0.17935765,0.3644797,-0.17492487,0.1303578
-0.5322033,-0.5303317,-0.44212484,-0.37380672,-0.55226547,0.54612046,0.13634449,0.54432154,0.64757824,-0.42975983,-0.28760636,-0.5549118,-0.449163,-0.44718957
0.67958695,-0.14257719,-0.111798786,-0.47406152,-0.061785743,0.27459833,-0.10341305,-0.117584035,0.68006265,-0.16121273,0.16037628,0.3553506,-0.6618736,0.41781873
-0.5281355,-0.28873685,-0.5783973,-0.43205526,-0.4876743,0.6319786,-0.007965395,0.5052564,0.51037616,-0.45200646,-0.38262087,-0.6352941,-0.41245022,-0.41642046
-0.5325764,-0.20010825,-0.55568045,-0.4079108,-0.42035735,0.6601467,0.08114951,0.3358885,0.4275163,-0.35243633,-0.3865156,-0.5501073,-0.46835816,-0.3771564
-0.4512942,-0.3991965,-0.4388869,-0.36282492,-0.36184272,0.5758809,-0.012886799,0.4763655,0.57280517,-0.4205718,-0.25605237,-0.60921353,-0.28082827,-0.42960554
-0.25773284,0.30802622,-0.34414867,-0.8151958,0.16572896,0.22906065,-0.5143421,-0.011568879,0.660524,-0.28354236,0.39867926,0.35516056,0.036034647,-0.25647622
0.5586428,0.37233153,-0.034357317,-0.34892243,-0.21097462,0.32613745,-0.3891988,-0.1900635,0.43219444,-0.3012964,0.13893332,0.5020901,-0.50112766,0.45989344
-0.5031131,-0.34466588,-0.55568075,-0.50442606,-0.36225352,0.5970527,-0.007199313,0.57539546,0.5387709,-0.46000743,-0.18398413,-0.5910813,-0.3403529,-0.44571579
0.35384274,0.21526152,-0.40607506,0.17116976,-0.65547687,-0.4616659,-0.25312328,-0.49449572,0.3941797,-0.45272282,0.424042,0.23620695,0.004792672,0.58429563
-0.44476876,-0.49636412,-0.39167938,-0.2309057,-0.44189334,0.5604686,0.17183404,0.58070636,0.63651955,-0.46054724,-0.45044234,-0.51576394,-0.34362411,-0.32735956
-0.06740239,-0.6555214,-0.41199106,-0.2396125,0.31484705,-0.017623136,0.25108293,0.30784932,-0.04553197,-0.2912242,-0.027795972,-0.2560729,-0.70254606,0.03970716
0.4846066,0.35631645,-0.23210692,-0.5488117,-0.43950665,-0.02371103,-0.20428307,-0.1814009,0.50629056,-0.1371096,0.23409322,0.47853428,-0.41022897,0.6183641
0.3237494,-0.078323655,-0.4016705,-0.3279731,0.35523215,0.43884754,0.07384406,0.16479667,0.17763586,-0.22959091,0.11962414,0.21413812,-0.6072655,0.49705505
0.2880225,0.43340346,-0.18099666,-0.23444036,-0.48636833,-0.21687035,-0.1149017,-0.29578584,0.5784145,-0.36349717,0.19062409,0.39233506,-0.14961167,0.54420567
0.23132011,0.12350166,-0.11832532,-0.1591257,-0.3427324,0.16048612,0.20806468,0.20086668,0.6980663,-0.3146852,0.40495542,-0.19462834,-0.5662144,0.5973756
-0.40341705,-0.43242082,-0.5403114,-0.36000907,-0.16055076,0.6458201,-0.12088691,0.53330404,0.5456139,-0.38135722,-0.12108155,-0.6051276,-0.3714144,-0.3303216
0.20489398,-0.15254122,-0.40152127,-0.15000296,-0.2445496,-0.11923269,-0.26837826,0.2397101,0.47828287,-0.30157244,0.31586847,0.24088736,-0.42078686,0.4748428
0.20188163,0.09214115,0.28596386,0.09307682,-0.6061586,0.33205208,-0.42294604,-0.51452166,0.1568336,0.040880058,0.51759875,0.2570684,-0.5743925,0.05234514
0.3537847,0.32905683,0.37939274,-0.058848917,-0.6016916,0.16562355,-0.5970516,-0.16824245,0.39524922,0.17353241,0.15500908,0.025372025,-0.44390488,0.25617912
-0.5629849,-0.3393689,-0.4988479,-0.52069825,-0.09814399,0.5703264,-0.15726832,0.35320625,0.5932051,-0.27445054,-0.09357088,-0.5816127,0.009322358,-0.32759884
-0.1737105,-0.32757264,-0.20893806,-0.2079091,-0.09554139,0.35041884,0.39903536,0.48155367,0.4382488,-0.60730696,0.22988214,-0.39034492,-0.4094277,0.4274409
0.40025634,0.1578161,0.38816416,-0.25151882,-0.15622282,0.019694788,-0.39244682,-0.25517303,0.49576607,-0.31736472,0.41230264,0.5390806,-0.3075718,0.22907066
-0.42419416,-0.1431161,-0.49577007,-0.39944515,0.51136863,0.33030227,-0.17453815,0.4100924,0.14141034,-0.58060646,0.2936587,-0.44356158,0.016600182,-0.06307089
0.44956547,0.39953253,-0.11146816,-0.6780392,-0.063782156,-0.2636842,-0.19631006,-0.3466003,0.5832424,0.05004013,-0.008797244,0.5702222,-0.5193263,0.22168039
0.22634222,0.08700444,-0.1481747,-0.13167162,-0.43303993,-0.37425593,-0.15215074,-0.36682925,0.5447397,-0.43008876,0.4766623,0.50233114,-0.24142322,0.36843032
-0.48519436,-0.29825813,-0.41382027,-0.33443648,-0.37040886,0.4751482,-0.034522418,0.48961198,0.48335034,-0.40830606,-0.39436045,-0.45980325,-0.355141,-0.28908092
0.338003,-0.004145721,-0.2334767,-0.23967013,0.01987858,0.1652021,0.026141267,0.5607585,0.10555303,0.14805155,0.22070758,0.21727608,-0.69727284,0.46024153
-0.27216893,-0.4321394,-0.4829158,-0.075475745,-0.25971213,0.56779534,-0.055208523,0.53948295,0.55402905,-0.38514912,-0.280127,-0.65009564,-0.3088061,-0.18787737
-0.31892985,-0.29594728,-0.47792432,-0.09274926,-0.36501268,0.6221442,0.20857221,0.49983218,0.44118944,-0.42704454,-0.34360594,-0.5105797,-0.43978187,-0.33652765
0.498623,-0.06272231,0.38102567,-0.37559852,-0.23303232,-0.09455133,-0.5088636,-0.38445953,0.3413429,-0.38374025,0.2686182,0.1905342,-0.11844701,0.30742803
-0.37160274,-0.46306264,-0.46052796,-0.09296679,-0.25625354,0.59496295,0.019935409,0.4728438,0.632949,-0.3324715,-0.3078126,-0.66292894,-0.20138064,-0.2056561
-0.48476905,-0.35574427,-0.48830742,-0.38333815,-0.4187207,0.5961566,-0.02399507,0.5143628,0.5138434,-0.42655426,-0.39867368,-0.574905,-0.5065964,-0.40211514
-0.4941414,-0.40004614,-0.44420177,-0.2415103,-0.5466184,0.5281961,0.09277278,0.5541534,0.5589511,-0.46596,-0.5322648,-0.5224504,-0.41245255,-0.29176432
-0.53559345,-0.651512,-0.45480666,-0.040726,-0.33610573,0.60124385,0.010223405,0.7252704,-0.017108662,-0.21676317,-0.4104594,-0.020674193,-0.5694672,-0.31221145
-0.5103361,-0.5004236,-0.52884316,-0.04424058,-0.11540013,0.15403596,-0.053441193,0.614344,0.22813803,0.13336323,-0.15288605,-0.06288852,-0.56282043,0.031094918
0.25823507,0.40674338,0.003061203,-0.20090687,-0.2689197,-0.16946262,-0.32104617,-0.44944537,0.36717656,-0.26374206,0.24947685,0.3698502,-0.21992712,0.59541875
0.312848,0.35749885,0.15601733,-0.5824266,-0.063102126,-0.013723938,-0.20014791,-0.11764794,0.44469556,-0.24147318,0.23984472,0.4487216,-0.0024172505,0.4796056
-0.5890294,0.52987427,0.40716076,-0.52440965,-0.4125147,-0.4789865,0.34761888,-0.3518151,0.020538967,-0.19316599,0.5533387,0.08740577,-0.055226102,-0.42382014
-0.4487955,-0.2679105,0.552398,0.21537289,-0.50852853,0.09653177,-0.2164834,0.073090784,-0.23072535,-0.65193653,0.21083643,-0.26982313,-0.0067157387,-0.4402147
-0.48758984,-0.024696361,0.43732795,-0.1917404,-0.36806366,-0.15072608,-0.28676787,-0.13819936,0.16284086,0.035134573,0.4541833,-0.1945257,-0.14425667,-0.5947065
-0.16792631,-0.040457495,0.57357955,0.1059189,-0.36404082,0.5460553,0.32843587,0.18924652,-0.2082074,-0.2955351,0.48336765,0.03645483,0.041867614,-0.66933405
-0.4472695,0.4547219,-0.3853468,-0.28468424,-0.22228119,-0.19301017,-0.25165755,-0.4300157,0.17171985,-0.20799561,0.5185229,-0.066846825,0.29879102,-0.6357938
-0.68114775,0.47440913,0.45939034,0.3368439,-0.2738155,0.16054931,-0.49569508,-0.33758286,-0.43259317,-0.3417013,0.018128647,-0.2016328,0.042622752,-0.14493081
-0.10289305,-0.21905676,0.35139546,-0.13122432,0.10760895,0.017781124,0.45375252,0.6183724,-0.21095087,-0.09784359,0.6479521,-0.73927385,-0.38164762,-0.35503855
0.047636807,-0.02618293,0.28586146,0.28424263,-0.47116873,0.019986754,-0.04726852,0.26291203,0.044174645,0.0458322,0.29115546,-0.3252464,0.10748831,-0.6106697
-0.25377622,0.017214375,0.101281784,-0.08726638,-0.5980047,-0.68939304,-0.33980808,-0.32239398,-0.14562795,-0.10404746,0.2821904,0.24286166,0.039034154,-0.22112937
-0.26429188,0.42746556,-0.4403869,-0.73221767,-0.02707281,0.072894774,-0.35943922,-0.25285584,0.03768904,0.06627551,0.5939623,0.08045639,0.20490873,0.09783674
-0.50541294,-0.1886549,-0.098897465,-0.44690266,-0.32471234,-0.3410687,-0.64968127,-0.2522126,0.04874913,-0.3994614,0.59729135,-0.008241465,-0.09096285,-0.39777443
-0.44673416,0.39010105,0.31904057,0.43244514,-0.08360622,-0.5135304,-0.1057755,0.06543391,0.3430795,-0.2362439,0.41976684,-0.44339246,0.112165794,-0.33865803
-0.18714145,0.25573307,-0.042258035,0.06932176,0.026448702,-0.4026298,-0.28309563,-0.20459878,0.29967457,-0.24976917,0.44334126,-0.07855178,0.15385859,-0.47105297
-0.46658316,-0.04123075,0.27440313,0.033542804,-0.30511358,-0.33446774,-0.41893244,-0.25242132,0.011582571,0.089899965,0.08497536,-0.305189,-0.064188816,-0.2400206
-0.041787606,0.3685945,0.635834,-0.25418213,-0.08966208,-0.17192802,-0.1283154,0.07892409,-0.17571999,0.37334898,-0.040387847,0.04078388,-0.43330058,-0.21716991
-0.2765447,0.33134228,0.5433397,0.48161218,-0.4736154,-0.08900975,-0.09338148,0.3018236,0.043040004,0.43140668,0.22873496,-0.15749201,-0.4046071,-0.34612486
-0.26506096,0.2581276,0.17171769,0.44059634,0.34710383,0.47558233,0.5388625,0.09970662,0.37804055,0.29549605,0.6293662,-0.203229,0.017222812,-0.25919205
-0.2348697,0.3369735,-0.23670502,0.34247282,0.10309455,-0.24774176,0.30192554,0.4051079,-0.10019911,-0.43240625,-0.19563195,-0.79372174,-0.5210128,-0.3228093
-0.25845018,0.28881484,-0.03905845,0.11277113,-0.12062015,0.032475706,0.093165204,-0.023844521,0.03283103,-0.46308792,0.3867687,-0.05887882,0.013755951,-0.5645381
-0.43503222,0.22990736,0.61279035,0.13003314,-0.37551403,-0.6073073,-0.3655258,0.1389707,-0.016514655,-0.020002833,0.37171903,-0.00090045645,0.030745678,-0.21920384
-0.030578464,0.09449515,0.23607387,0.13118485,-0.046121486,0.12683436,0.08423736,-0.17032382,0.16624358,0.5055588,0.20003954,-0.4906047,0.35983628,-0.23451251
0.19430844,0.4613346,0.5625452,-0.062223356,-0.10239348,-0.06745846,0.3873969,0.03431258,-0.21313792,-0.2027932,0.4778553,0.05805397,0.3674604,-0.11640704
-0.35671756,0.5966851,-0.047147647,-0.68562627,0.036645256,-0.42863017,0.51777864,0.01935721,0.4069838,-0.22226188,-0.29007334,0.097690016,-0.39542723,0.005798435
0.0027690833,0.42888302,-0.1560998,0.51385623,-0.08922712,0.1723962,-0.4042615,-0.43402675,0.23694767,0.4979484,0.39311782,-0.24836814,-0.11209911,-0.50539804
-0.64719814,0.22916135,0.56520516,0.54860896,0.1830302,-0.3707592,0.6467867,-0.42953742,0.4986848,-0.17437282,0.21155861,0.11616712,-0.012064186,-0.29759467
-0.41610146,0.19298191,0.69093746,0.21623226,-0.19413233,-0.23044775,0.26851755,-0.33472013,0.2589195,-0.43092975,0.061066628,-0.2798462,-0.32858366,-0.37937114
-0.1505188,0.18353668,0.208883,0.160842,-0.30353984,-0.3327527,0.3468233,0.31031618,0.613856,0.41847378,0.20826517,0.01239542,0.4499707,-0.4899644
-0.21299309,-0.114631034,0.52001595,0.00063226355,-0.240918,-0.52309453,0.5793678,-0.09283461,0.3277927,0.1456739,-0.07494231,-0.18270665,-0.038029242,-0.44992408
-0.101671726,-0.07170326,0.6392426,-0.22459228,-0.15555225,-0.5075886,0.1750607,-0.4972221,0.11345515,-0.14869693,-0.17706716,0.119284935,-0.2675441,-0.6445019
-0.57642365,0.30476043,0.20889743,0.45664278,0.25060904,-0.47505918,-0.17842862,-0.50145257,0.1949341,0.06800938,-0.443158,-0.17288533,-0.09495733,-0.5349445
-0.10855897,-0.005647791,0.37599155,0.030468423,-0.48933986,-0.49711627,-0.18966155,0.13177939,-0.6078851,-0.21438819,0.4420452,-0.0040149176,-0.21288736,-0.50533915
-0.5983762,0.5843368,0.38840538,-0.35996968,-0.08575043,0.05633371,-0.19353159,-0.11394802,0.19918498,-0.001950036,0.59074366,-0.43939272,0.45600045,-0.2911564
-0.34013745,0.05558455,0.15669595,0.17312384,-0.19449246,-0.46707338,-0.19805256,-0.10491774,-0.032414157,-0.1405875,0.30287665,-0.23725039,0.06532118,-0.7815142
-0.26412463,0.20556332,0.29857874,0.5320741,-0.29874098,-0.054373726,-0.25605577,-0.10573782,-0.4724994,-0.7129937,0.01839147,0.03254122,-0.07294081,-0.5491927
-0.26681235,0.063794665,0.55945367,-0.25752124,-0.5915024,0.019508798,0.17274296,-0.44815713,0.111540884,-0.12973516,-0.14309469,0.31903717,-0.20877649,-0.30605328
-0.50202686,0.08619188,0.17869855,0.5581848,-0.55864537,-0.17451122,-0.040691927,0.14166765,-0.16785145,0.09969764,0.22117299,-0.17676719,-0.64353836,0.16158499
-0.5012488,-0.34437293,0.27001357,0.39533964,-0.5787434,-0.016346227,0.07426764,0.17186877,0.038062904,0.16490212,0.63003916,-0.34647796,-0.1266788,-0.026614241
0.47040436,0.36419687,0.46707383,-0.39707154,0.13802661,0.047677387,0.4718132,0.014961846,-0.19219968,0.001254178,-0.40844488,-0.03000934,0.25955144,-0.0630851
-0.10138821,-0.5885209,-0.107437484,-0.21513458,0.55824155,0.22486186,0.5798123,-0.3186837,-0.683326,-0.36740434,-0.26295465,-0.586647,-0.21941271,-0.21867399
-0.39827317,-0.48974222,-0.22407056,-0.24874659,0.41850185,-0.2643529,0.71531355,0.30815685,-0.19769725,0.0523408,0.27479348,-0.6581661,-0.14276761,0.1899732
-0.36946616,0.30878058,-0.39571354,-0.6147015,0.45199084,-0.27536854,-0.35526296,-0.33699316,0.12005588,-0.3288809,-0.14466806,-0.13591075,0.37639132,-0.30711395
-0.4855969,0.33675277,-0.4078948,-0.43091124,-0.13531098,0.03975644,-0.09566845,-0.021123426,-0.17302857,-0.17749251,-0.216929,0.048037194,0.75931454,-0.21447058
0.299658,-0.19716696,0.30028048,0.45058125,-0.0564124,0.48509002,0.1085432,0.28967094,0.065625906,0.60268444,0.42898405,-0.10602828,0.1660863,-0.6490257
-0.4557511,-0.34156838,-0.44859403,-0.37219247,-0.38935524,0.56613153,0.030185718,0.48406538,0.50114834,-0.42605007,-0.3342717,-0.5365963,-0.43759936,-0.41107306
-0.4486055,-0.2906053,0.010164436,0.27364376,0.6743114,0.18246286,0.25255054,0.14226125,-0.45567846,-0.24063706,-0.15544684,-0.49410817,-0.112305865,-0.31512153
-0.61721563,-0.18825664,-0.36510894,-0.44569567,0.3632787,-0.42112026,0.2727373,0.21745387,-0.32962942,0.30755025,-0.30511725,-0.27393785,0.07236009,-0.34040946
0.15036462,0.3647478,0.31462592,0.753299,0.25852555,0.430971,0.26259074,0.6005386,0.21926154,0.5405062,0.2571737,-0.07986257,0.2768411,-0.35523987
0.06309721,0.016114082,0.47485617,0.21295707,0.5387576,0.31024265,0.42875025,-0.25444064,0.24620888,0.55583453,0.5854706,0.27703342,0.0007240604,-0.23913205
-0.5857442,0.10384955,-0.68882656,-0.104424335,0.2829617,0.10484621,-0.18161629,0.20520347,-0.3569616,0.08852203,0.25899243,-0.46875107,0.29149565,-0.30193543
-0.44717082,0.30719143,-0.33075947,-0.48552263,0.3517172,-0.15410912,0.08510933,-0.41214,0.35339686,0.10008093,0.5236405,-0.1915052,0.58245355,0.17434658
-0.43863848,0.32299215,-0.5655934,-0.71006894,0.6161786,-0.020486273,-0.09092297,0.043623127,0.19551669,-0.03142489,0.39571306,0.03474168,0.37774512,0.073716976
-0.25114602,0.1655597,-0.28215373,-0.7393383,0.47900328,0.027810693,-0.33141044,0.011339261,0.12972236,-0.20536862,0.4394906,0.11062704,0.28154707,-0.014550281
0.07447814,-0.1555908,0.3251622,0.25067216,0.41214517,0.19577847,-0.17845021,-0.61455786,-0.22379094,0.3474887,0.5477976,-0.3849761,0.29738617,-0.045321874
-0.53846943,0.64947367,-0.6170576,-0.6508833,0.354844,-0.19051361,-0.23150903,-0.12399386,-0.47542188,-0.42503375,0.37833095,-0.07970206,-0.13268356,0.023092458
0.20939378,0.00915621,0.3937321,0.14702937,0.644467,0.009950909,0.25332677,-0.56145215,0.006422968,0.28717506,0.25279585,0.043434877,0.47629243,-0.60831076
-0.4176849,0.17546381,-0.36332026,-0.47869575,0.04612999,-0.20160429,-0.5519787,-0.11989653,0.23175998,-0.39179397,0.04280221,0.09190441,0.6764225,-0.33533958
-0.1020189,0.11765884,0.110205226,-0.4112593,-0.12203461,0.0032141162,-0.74701875,-0.0452402,0.23214388,-0.39270943,0.0835277,-0.033009913,-0.2919204,-0.19972612
-0.44454813,0.35496858,0.37798396,-0.16778697,-0.100055024,-0.31117484,-0.116945915,-0.3945628,-0.05631761,0.033751823,-0.29441547,0.10495883,0.008075483,-0.30545735
-0.006062922,0.26416755,0.13896105,-0.31141844,-0.11098602,-0.03944537,-0.70487624,-0.35993102,0.28839356,-0.24510941,0.6730684,-0.049037702,0.010831048,0.026931474
-0.2557248,-0.17001401,0.2023895,-0.48301387,0.14139281,-0.4990927,-0.29487753,-0.63014424,-0.18530267,0.32865772,-0.0022608489,0.027283493,-0.09986495,0.36671552
-0.2710813,0.25746244,-0.07612256,-0.37193608,0.67658985,-0.40846413,0.13991378,0.307955,0.2483917,-0.2648252,0.20595889,0.45071223,-0.4203195,0.27846974
-0.3029425,-0.11294359,-0.12360944,-0.24230847,-0.13352758,0.17143673,-0.6522197,-0.4792538,0.61196053,0.4808172,0.4515936,0.16852169,0.45003155,0.3780761
-0.3824553,0.29938924,0.27197647,-0.29060462,0.07997479,0.12566455,0.09216393,-0.6408005,-0.48315254,0.04292402,-0.51718,0.20921725,-0.42204753,-0.00662157
-0.5321439,0.41204065,0.22605713,-0.071280345,-0.13285154,0.09702136,-0.053521685,-0.33352566,-0.48545864,0.46724904,-0.35350734,0.2828037,-0.2365309,-0.2533762
-0.3195395,-0.046913687,-0.5390979,-0.3229105,0.35701802,0.46276242,0.090204805,0.14771575,-0.15804495,-0.16764963,0.48185843,-0.54944533,-0.19347128,-0.045492303
-0.23048392,-0.35846514,0.13503057,-0.66701174,0.43273392,-0.6461019,0.15922557,-0.20177673,0.048589412,0.24636175,-0.35151297,0.22557673,0.4322332,-0.037431538
-0.23125213,-0.6598207,0.27933303,-0.06397838,-0.25936398,-0.56807226,-0.42066464,-0.24016169,-0.057389844,-0.21910258,-0.20376258,0.50183094,-0.12548092,-3.3847988e-05
-0.13223267,-0.25520197,0.040001754,-0.09891639,-0.21095401,-0.105263434,-0.71838456,-0.5993056,0.46036407,-0.3252421,0.4738747,0.27876318,-4.2364e-05,0.15260503
0.09657168,0.6143161,0.64148,0.5875377,0.19625342,0.24956,-0.2988131,0.23256457,-0.2705398,-0.28482962,0.12132468,-0.24443035,0.41592506,0.07579245
0.2622162,0.5935677,-0.093916774,-0.19730684,-0.30165866,0.34182498,-0.35499632,-0.377555,-0.16607718,-0.16079128,0.5217286,0.5212118,0.16736019,0.0049999943
-0.5418416,0.20029277,-0.0432382,-0.68345773,0.45208278,-0.1573071,-0.35422298,-0.22144273,0.32409376,-0.06231411,0.5974544,-0.18440135,0.12613285,-0.1294267
-0.17504266,0.19115308,0.34248853,0.21945585,0.39005858,-0.34532017,-0.15412314,-0.29655865,0.029078754,-0.11344491,0.010423699,-0.1093242,-0.08339387,-0.52069736
-0.5671288,0.041934356,0.67271703,0.20401593,-0.19762504,-0.34502485,0.17659429,-0.26262733,-0.028544758,-0.018380934,0.26373604,-0.5502545,-0.20879972,0.01842537
-0.5531972,0.36920133,-0.19020402,-0.48093957,0.034620274,0.4757458,-0.27509493,-0.009987708,0.011238133,-0.21223055,0.11073798,-0.17915784,-0.24060486,-0.44181162
0.2820634,0.34954777,-0.23037788,-0.30358234,0.040047277,-0.26305735,-0.011493683,0.352863,0.55485475,0.112534136,-0.012734374,0.046979684,-0.44662628,0.18963563
-0.2814659,-0.17009069,0.41788313,-0.5400939,-0.010262664,-0.10377977,-0.121075265,-0.08607822,0.18889852,0.21533328,0.30915734,-0.2234566,0.28206813,-0.60964084
0.21125337,0.3144509,0.22587945,0.26003623,-0.27218902,-0.17804478,0.28912413,0.20727779,-0.13303463,-0.049992666,0.07283503,0.36763832,-0.2378929,-0.68726194
-0.21921135,-0.19066043,0.4431071,0.25550166,-0.5792841,-0.2099222,-0.15267758,-0.47564796,-0.10395102,0.36419198,0.31003588,-0.19787821,0.14855683,-0.5458575
-0.47923338,-0.06078976,0.37905157,0.09089137,-0.09613309,-0.21388327,0.088969395,-0.2126616,-0.22561435,-0.62081206,0.58670646,0.19190198,-0.15552308,-0.21659663
-0.43757257,0.15228325,0.23395728,0.60648054,-0.52337676,0.21997447,0.1762956,-0.3942158,-0.1475532,-0.32388085,0.5119714,-0.1642326,-0.26638746,-0.21524674
-0.4375142,0.06194531,0.16723847,0.2573154,-0.29133147,-0.43616593,-0.16472349,-0.34413162,0.008185598,0.087119505,0.04100498,-0.16397113,-0.29303098,-0.58120984
-0.2281214,0.6127117,0.45025373,0.27571896,0.26984087,-0.01711316,0.16070463,0.046925254,-0.3173623,0.2240902,0.66054904,-0.2838349,-0.0089490395,-0.45012757
-0.18549792,0.301772,0.2076501,0.18698448,-0.454753,-0.22155787,-0.062521435,0.08339897,-0.13993149,-0.20457846,0.0438795,-0.04541055,-0.21131036,-0.5414049
-0.01749736,-0.26342648,0.20088786,0.18480895,-0.4966257,0.12138801,0.06231633,-0.15023465,-0.3919912,-0.025281314,0.5037888,-0.5217738,0.017603094,-0.15408705
-0.71684074,0.07191211,-0.5448528,-0.22034276,0.15737142,-0.16991612,-0.38997015,-0.29078352,0.305941,0.29179773,0.44516593,-0.13359658,0.23254319,-0.17227858
-0.35462782,-0.27942675,-0.34951162,-0.35539934,-0.363322,0.4092034,-0.053405594,0.3436349,0.39702025,-0.3417461,-0.25845492,-0.54714173,-0.5353335,-0.40372866
-0.008798029,0.08197007,-0.5538743,-0.2696766,0.39692128,0.15499261,0.35393777,0.29262027,-0.7061039,-0.6133126,-0.4604834,-0.47328725,-0.34670636,-0.620747
-0.30290785,0.33723918,0.51053715,-0.5226436,-0.25869507,-0.11040536,-0.22335744,0.00065025577,0.35525802,-0.1969515,0.12889425,0.34024084,-0.19113116,-0.5355784
-0.05223078,0.2749974,0.58022106,0.13145813,-0.22830878,-0.50378025,-0.30230695,-0.103612244,0.38142163,0.064188205,0.36919203,-0.17268974,-0.25201052,-0.43456113
-0.14012007,0.25080964,0.38250446,0.34260592,0.2284071,-0.16635118,-0.027828366,-0.5346797,0.41062954,0.30929658,0.14568773,-0.31725702,-0.12761302,-0.3626146
-0.43035075,0.31054607,0.3356507,0.28351873,-0.2130085,-0.33970344,0.67157996,-0.1142168,0.3599805,-0.04739323,0.112852335,-0.32153454,0.32485744,-0.0327909
-0.19363615,0.06892885,0.2008034,-0.008392204,-0.3041644,-0.22603561,0.42564717,0.018022258,-0.13134147,-0.3776865,0.27111065,0.17579389,-0.16888025,-0.5932759
-0.39867732,-0.038511775,0.39990056,-0.33826947,-0.13014439,-0.38022888,0.29975602,-0.47735426,-0.027880372,-0.38333845,-0.1104635,0.18277238,-0.43319562,-0.1928819
-0.47293356,0.5488298,-0.31223857,-0.051675986,0.28771183,0.15471044,-0.47434595,-0.3530742,0.024651956,0.36124963,0.12951598,-0.23250306,0.11012654,-0.15532999
0.21709964,-0.26952258,0.18759951,0.08354139,-0.16911553,-0.23778738,0.124178864,0.1202618,-0.32615486,0.06432913,0.6352094,0.03514437,-0.41260478,-0.6047772
-0.13269657,-0.071618676,0.22858919,0.090330414,-0.08228386,-0.30850783,-0.23358451,-0.2122632,0.020048926,0.3245537,0.6288564,-0.37144032,0.06716145,-0.69373405
-0.03552095,0.18722092,-0.059031677,-0.31807756,-0.21540293,-0.301757,0.25200674,-0.069823764,-0.43762463,0.09940973,0.114304736,0.37623104,-0.1407236,-0.5544307
-0.13122933,-0.23050198,-0.16487798,0.41423166,-0.21129128,0.49586606,-0.14528337,0.26695806,-0.12374888,-0.28632933,-0.1556072,-0.7172941,-0.5405797,-0.62488174
-0.05268329,0.047692362,0.30686605,-0.05494905,-0.33015177,-0.32870397,-0.18919818,0.090543,-0.14341196,-0.02254329,0.0363592,-0.08288064,-0.267445,-0.38958538
-0.3018903,0.3236374,0.4119859,0.15749748,0.19551986,-0.4195482,-0.21621615,-0.26497072,0.19664264,-0.29670525,-0.17778763,-0.19508418,-0.70147455,-0.52492106
0.009834762,0.35936305,0.23438165,0.0860599,-0.079531446,-0.6620987,0.047233842,0.0026670278,0.000359904,-0.234665,0.10132162,-0.09694693,-0.6627713,-0.44062346
-0.48692808,-0.06972718,0.40603822,0.12603018,-0.4280562,-0.41724995,-0.16588016,-0.4012368,-0.4968203,0.33174485,-0.40916392,-0.65751654,0.21317565,0.0040154113
-0.30390885,0.23650344,0.2591041,0.53609776,-0.49539545,-0.04350837,-0.25364423,-0.59029233,-0.43242177,-0.23169768,0.22438982,0.024221329,-0.44299248,-0.606337
-0.47656482,0.087282844,-0.083162665,-0.41919208,-0.022579394,-0.4871308,-0.12772259,-0.140352,0.4043598,-0.37710917,-0.26808646,0.0805734,0.11908054,-0.37675518
-0.2057114,0.50521255,0.53263104,0.18915477,0.02085776,-0.17255044,-0.25975415,-0.22399834,0.30975398,0.086496554,-0.040248662,-0.37361875,-0.19995145,-0.41894606
-0.661042,0.028779054,-0.29944962,-0.5143228,-0.22018853,0.41801354,-0.12919535,0.24443357,0.26703873,-0.30624333,-0.272133,-0.2352807,-0.32849792,-0.41704828
-0.1311795,0.23565659,0.23317073,-0.27353585,-0.38119602,-0.28682014,0.02931313,0.34782395,0.33241516,0.13636751,0.46101448,-0.26982036,-0.23126014,-0.050099395
-0.0893447,0.14675356,-0.06294735,-0.12314657,0.1539795,-0.46146923,0.37477702,0.057966813,-0.09794693,-0.111572854,0.4220427,-0.599309,-0.68441963,-0.21006861
-0.17202814,0.5752149,0.17297362,-0.13696338,0.47943002,-0.12531279,0.018161431,0.17937593,-0.03472795,-0.051974628,0.34903878,-0.5175285,-0.2768278,-0.009366107
0.61788553,0.23740427,-0.5352423,-0.35386986,-0.60241103,-0.068726495,-0.073821016,-0.48913777,0.41690204,-0.15830177,0.44410554,-0.11338514,-0.5692628,0.35754207
0.18878987,0.21088946,-0.39657116,-0.6313506,0.4778377,0.23400861,0.09990601,0.10256997,0.59668165,-0.067903295,0.5470689,-0.420026,-0.42011294,0.24372935
0.23228925,0.27543244,-0.27587572,0.26989505,-0.051494937,-0.67361295,-0.0459604,-0.38687888,0.024329292,-0.28198865,0.39830166,-0.55655986,-0.5482503,-0.36085564
-0.31712225,0.30923826,-0.0062919646,-0.21476051,-0.35059232,-0.21586883,0.018303258,-0.33601373,-0.22449642,-0.10114382,0.09047886,-0.16014582,-0.1540701,-0.30971918
-0.20367219,0.40540162,0.566229,0.07259517,-0.18001989,-0.28976616,0.20248999,0.15407401,0.24118198,-0.12068505,0.5724911,-0.020216295,0.33445972,-0.65350056
-0.15303953,-0.053501282,0.47335404,0.20282105,-0.080988996,-0.3659977,0.065944195,0.16142803,-0.029875306,-0.26565275,0.5774893,-0.071487114,-0.112282686,-0.5495173
0.23895904,0.12076158,0.48786137,0.027177352,-0.049507227,-0.0302246,-0.29819807,-0.33343995,-0.4967756,-0.34289742,-0.5145317,-0.015159909,-0.18166637,-0.72701234
-0.5263967,0.20913628,-0.3949106,-0.62908643,-0.10443668,0.4710312,0.23474827,-0.39414868,-0.0794024,-0.08323574,-0.17761536,0.046962775,0.5729111,-0.23759681
0.3216255,-0.20495094,0.35322383,0.11818893,-0.34920302,-0.45803833,0.30630177,0.00986618,-0.35396704,-0.23397416,0.62707555,-0.16942611,-0.21311405,-0.43054676
-0.62826514,0.39409244,0.40474397,-0.28648576,-0.09793931,-0.24072364,0.27259436,-0.7267294,-0.38675544,-0.3168684,-0.24473205,-0.093335256,0.2851916,-0.16366304
-0.00060060614,0.08659046,0.23223767,0.2194263,-0.36117065,-0.27803165,0.07183417,-0.03303726,-0.4186049,-0.27956438,0.2512226,0.37591577,-0.6033158,-0.45931932
0.12541506,0.43550378,0.34263164,0.4071314,-0.10651807,-0.1577929,0.17437832,-0.26045814,-0.37642166,-0.4965641,0.3684716,-0.39479506,-0.5173543,-0.22619112
-0.46980613,0.108206764,0.46677318,-0.10135588,-0.21364783,-0.555232,-0.19301298,-0.48493052,0.09991684,-0.27682436,0.21123631,-0.20635906,-0.34068784,-0.11529532
-0.35037887,0.07408791,0.24997932,0.28837103,0.20130838,-0.1789479,0.48103446,0.2534505,0.0400717,-0.17746525,0.6582166,-0.7817036,-0.39010525,-0.12149889
0.3578645,0.32793483,0.07453093,0.40887958,-0.34123445,-0.66010183,-0.04335957,0.11682248,0.50220966,0.20348424,0.19013377,-0.0935023,0.29413876,-0.5890446
0.019195361,0.18258062,0.48825255,0.47838575,0.21600066,-0.50135773,-0.05270911,-0.12977748,0.23571591,0.22607835,-0.043873187,-0.18982032,-0.42181313,-0.021592338
-0.32090917,0.5363377,0.72222316,-0.07864706,-0.0801711,-0.41225332,0.009040795,0.072792836,-0.40226752,-0.47402605,0.105820395,-0.22260015,-0.24358134,-0.06468923
0.31194112,0.5657916,0.19280526,-0.40669575,-0.1406584,0.27360424,-0.48292705,-0.23152399,0.44314754,-0.16116971,0.58199894,-0.06147914,-0.470615,0.3315809
-0.47837394,0.28576347,-0.22442162,-0.50542027,0.57248294,-0.23505121,-0.77477413,-0.24290118,0.17122622,-0.14880869,0.50506276,-0.1983345,0.04728326,-0.19017561
0.4532699,0.10844052,-0.5149904,-0.26148808,-0.4931891,0.12626426,-0.6937707,-0.059928663,0.47924855,-0.42809904,0.56340337,-0.28619477,-0.4059771,0.031276986
-0.35065684,0.5934694,-0.5495994,-0.6295367,-0.039319612,-0.021833474,-0.3296635,-0.24504937,-0.041194294,-0.09018887,0.4163883,-0.04370103,0.12667193,-0.0958668
0.211726,0.065746136,0.40172905,0.2592598,0.04015778,-0.2204369,-0.14635937,0.048488658,0.4264275,0.107081994,0.016361197,-0.48509514,0.10423867,-0.7694881
-0.11816854,-0.22421329,-0.59804124,-0.21527071,0.21303862,-0.28614476,0.8617618,0.5267693,-0.3349431,0.15559107,-0.1104161,-0.10055507,-0.0075136274,-0.6583044
0.13006486,0.30326542,0.33256513,-0.15825202,-0.30763546,-0.104254216,0.24978438,0.13167487,-0.116196044,0.20001563,0.6738394,0.26134273,-0.58405304,-0.4363475
-0.5261896,-0.004718948,0.22206822,0.08799169,-0.5265582,-0.45335066,-0.116606034,-0.1291182,0.2848385,-0.086955085,0.42049682,0.09703883,-0.14007483,-0.51315165
-0.33328703,0.34629464,0.24749894,0.14005405,-0.18123445,-0.33279404,-0.01886183,-0.080528,0.07923074,0.24271172,0.49729732,-0.250249,-0.6275631,-0.2105012
-0.09295311,0.441091,-0.33856097,0.15291649,-0.6350497,-0.2184936,-0.23957287,-0.26930642,0.5410332,0.10941565,0.44351858,0.2314686,-0.51644164,0.13511755
-0.40099913,-0.07817034,0.09848218,0.1895504,-0.20488358,-0.34228766,0.09883809,-0.046843786,0.5339048,-0.28935,0.3882018,-0.2868061,0.39478803,-0.5027426
-0.32403708,0.054657515,0.41500214,-0.036016833,-0.46044004,-0.2752094,-0.02902908,-0.37505844,-0.0663915,0.23831947,0.07417233,0.120829724,-0.12328021,-0.34399748
0.3806354,0.31853178,0.050065476,-0.5198282,-0.32247347,-0.13292703,-0.31162918,-0.016805727,0.60667396,-0.1343784,0.47431314,0.11611478,-0.1919613,0.20662835
0.065128304,0.12882519,-0.09684939,-0.5195519,-0.48433393,0.27221158,-0.59095085,-0.09043398,0.57614577,-0.2558071,0.39409408,0.33159444,-0.24454586,-0.053153735
0.2890163,0.16570923,-0.29475117,-0.46886763,0.26646024,0.06731767,0.06843008,0.033182077,0.37168613,0.098787434,0.44857475,-0.088650696,-0.6646338,0.19560167
-0.374269,-0.039313328,0.07223148,0.059056938,-0.58295095,-0.4140789,-0.49919534,-0.21048371,-0.12294529,0.057047024,-0.014088282,0.026059773,-0.39131668,-0.27811292
-0.08055981,-0.099766634,-0.23052378,0.4987768,-0.34999847,-0.25038156,0.09482467,-0.17916201,0.26837283,-0.0095477775,0.25357366,0.5748757,-0.45036545,-0.7223799
-0.42114642,-0.37228176,-0.39921293,-0.1802574,-0.4146693,0.5287005,-0.03039577,0.58569586,0.4918522,-0.47015762,-0.22184262,-0.56946427,-0.41827476,-0.42180887
-0.5265636,0.19586708,0.63129324,0.13227466,-0.44591632,-0.0048376666,-0.15199707,0.2881191,0.40459386,0.37312543,0.5230102,-0.39409366,-0.04089088,-0.03717392
-0.48135138,0.48820692,0.14349055,-0.5418446,0.066808194,-0.36979693,0.59568036,-0.26848495,0.36750135,0.39435855,0.5050529,0.08904377,-0.59583026,-0.31854707
-0.61769146,0.49009755,0.41485432,0.60164607,-0.16631302,-0.10456336,0.21243085,-0.077885345,0.03291318,0.021494428,0.51619095,-0.15725107,0.04984838,-0.5219861
-0.13023984,0.33614203,-0.29400387,-0.20502228,-0.48173177,-0.39174545,0.45018366,0.66713494,-0.19650435,0.11689887,-0.025707828,0.33597216,0.21263026,-0.32237446
-0.5015986,-0.13215482,0.40303707,0.2581844,-0.48096907,-0.06253878,-0.49187648,-0.39336357,0.4811115,0.10725957,0.62906295,0.3770636,-0.3396805,-0.32522598
-0.21295665,0.13296154,-0.28083453,0.31942698,-0.60254395,-0.20269036,-0.23784867,0.05316177,0.4450459,0.16020003,0.24235299,0.17928147,-0.13342747,-0.6079748
-0.19882071,0.07823881,-0.15668884,0.49327013,-0.3797694,-0.13395004,-0.43499443,0.29847103,0.11752228,0.06546281,0.3037416,-0.01591906,-0.14675646,-0.5106836
-0.35332724,-0.09558206,0.18554851,-0.010571424,-0.4860097,-0.1841387,-0.30358395,-0.50595665,-0.1560383,0.1906261,-0.07322799,-0.17134191,0.2757774,-0.5730876
-0.47708875,0.12708144,0.6701713,0.52216107,0.61526585,0.19804879,-0.08355239,-0.004272203,0.3831264,0.2280159,0.14246793,0.0378778,-0.014263193,0.005597067
0.2700746,0.40263727,0.22205998,-0.26880145,-0.16505386,0.14907028,-0.23636173,-0.18501334,0.44648975,0.013997013,0.55194867,0.5023573,0.3341872,-0.44912657
-0.25439736,0.42123568,-0.027629633,0.02614239,-0.12641957,-0.15283155,0.055661976,-0.117234126,0.4569466,0.15921403,0.017459448,0.22598739,-0.29582807,-0.07164944
0.14216012,0.34045255,0.20441349,-0.018951042,-0.41536674,0.07476925,-0.61976343,-0.3575034,0.13150024,-0.4831303,0.6575011,0.3210729,-0.0344253,-0.4903604
0.07572303,0.47019145,0.08282954,-0.25247788,-0.4564256,0.18503833,-0.7772507,0.5670894,0.15210591,-0.21558444,0.56668216,0.5822262,0.1738988,0.33442798
-0.20142089,-0.13473113,0.5762083,-0.7173469,0.032262146,-0.31925792,0.29371762,-0.21789615,-0.242392,-0.06896455,-0.28395873,0.28016326,-0.25600922,0.08808638
-0.098184615,0.47917032,0.07703274,-0.5896954,-0.40441516,-0.22524567,0.113494106,0.45150536,-0.28920776,-0.2310069,0.32258818,-0.05910257,-0.18755296,0.10827173
0.2634866,0.14071909,0.42225626,0.6034357,0.12847386,0.24281055,0.024786277,-0.34507978,0.45806104,0.24815434,-0.37990516,-0.31113654,0.10255582,0.3847122
0.22101228,-0.21146728,0.08254039,-0.34217727,0.42034996,0.06271508,-0.13958605,-0.6696059,-0.3772578,0.5154003,-0.46958205,0.23702694,-0.27743715,0.10298113
0.003933942,0.1292809,0.2909867,-0.5706982,-0.41884893,0.098346025,0.3724556,-0.46344665,-0.20045733,0.40702453,-0.42069077,0.051925678,-0.3774999,-0.1601671
0.5325153,0.2084867,0.27242166,-0.43158993,-0.4706684,0.17429937,-0.40394574,-0.48418653,0.40912712,-0.03542786,0.46191257,0.12773116,-0.18559901,0.61402804
0.29780093,0.24008068,0.7151642,-0.047131088,0.25321004,0.26650196,0.21708861,0.052887663,0.0005005486,0.6537751,-0.07500802,0.022369111,0.129076,-0.3557629
0.10559884,0.052955706,0.18648969,-0.40895423,0.10509084,-0.3116527,-0.4415409,-0.16732858,-0.6137382,-0.6794896,-0.42170867,0.52817535,-0.37317675,0.32612294
-0.36618415,-0.3088523,-0.022594148,-0.097589225,-0.012715027,-0.03740007,-0.049544603,0.14599425,-0.40605196,-0.56903416,-0.42041075,-0.6823371,-0.48287803,-0.059479713
-0.28301266,-0.49734756,-0.2769425,-0.43542284,0.3693259,0.056404714,-0.32287472,0.34528863,-0.17347573,-0.09371265,-0.2910328,-0.4420152,-0.614216,0.037433475
-0.27314502,-0.41519094,0.11386171,-0.42255527,0.11013522,-0.009097185,0.008305401,-0.45083702,0.06475888,0.5640701,-0.40256023,0.18337119,0.28937164,0.20175382
0.4435767,0.48209757,0.30140185,-0.39610538,-0.46029282,0.26410034,-0.58732086,-0.45049733,0.37490705,-0.16415823,-0.15734081,0.21760379,-0.4236473,0.09121129
-0.27417988,-0.101312004,-0.3662988,0.54640573,0.2130763,0.14223847,0.49189535,0.51196605,0.08256145,-0.31443653,-0.35468787,-0.57336384,0.102937475,-0.6500156
-0.44061273,0.13561736,0.03339453,0.49510223,-0.5201167,-0.00037673296,-0.11911015,-0.17215931,-0.22867645,0.2434824,0.34973216,-0.8022123,0.5935328,-0.11615921
-0.4478994,-0.12825352,0.5705678,-0.33527747,-0.47654894,-0.05166313,0.016450236,0.054216575,-0.42984444,0.09297342,0.07974161,0.17841597,0.2409797,0.09025238
-0.7322726,-0.09967267,-0.20205702,-0.12623768,0.09141106,-0.22960545,0.24301603,0.48540366,-0.371368,0.13550538,0.52052623,-0.53273517,0.4412285,-0.12428758
0.48281747,0.0040432774,0.24150808,-0.22353525,-0.2949245,0.4138722,0.15464799,-0.43369037,0.28204513,0.34873885,0.25933364,0.29191127,-0.3788784,-0.024147581
0.23798259,0.42652968,0.059181027,-0.7811609,-0.5247607,0.14233673,-0.4359936,-0.24443007,0.4958923,-0.16802037,0.5064394,0.1976547,0.12190238,-0.080342785
0.4826615,0.2287686,0.32903513,-0.27328268,-0.112336725,0.23954569,-0.49005592,-0.4655093,0.76425135,-0.28677464,0.2658854,0.4642851,0.062014736,0.15760271
-0.29475623,0.44723806,0.41544273,-0.3614054,0.23552074,-0.15592678,0.13063197,-0.022454202,0.08495436,-0.20639859,-0.14385799,0.7289957,-0.004055947,-0.24070886
-0.30789155,-0.47027427,0.010986664,-0.28941825,-0.38237354,-0.5907423,0.12229851,-0.24581598,-0.009764511,-0.113253675,-0.5052387,0.4919204,0.11298146,-0.21880211
0.3900418,0.16293572,-0.1680921,-0.3851824,-0.70800346,0.19896576,-0.57587516,-0.40919352,0.31723252,-0.12534465,0.24842182,0.4214105,-0.50553316,0.24133393
-0.30766222,0.5799419,-0.41070965,-0.32092825,-0.0073421467,0.37310714,-0.4250735,-0.47032338,-0.04240555,-0.16610314,0.5226043,0.3831149,0.042059883,0.07706473
-0.16774137,-0.48718077,-0.33396545,-0.35388264,0.058558587,0.40051192,-0.0463863,0.37421364,0.57724285,-0.22926117,0.23797801,-0.62856823,-0.18678965,-0.4383062
0.36782375,0.44775233,0.18421428,-0.44456795,-0.5558597,0.5101337,-0.19474071,-0.2586992,0.17244366,-0.018801574,0.4028813,0.4262275,0.2033989,0.25715008
-0.42717975,0.1380113,0.6779033,-0.09316956,-0.607724,-0.07452787,0.04220315,0.3156608,-0.09310008,0.12255305,-0.24534406,0.4803141,-0.19086176,0.055662334
-0.26209468,0.2897843,0.5303805,-0.61872804,0.24341108,0.37155688,0.54561424,-0.12651123,-0.2320755,-0.14233057,-0.5227481,0.34584016,0.26379916,-0.03472162
-0.6038695,0.4690775,0.08422611,-0.3526399,-0.2373484,-0.2030005,0.2158294,-0.056004763,0.010699394,-0.0706463,-0.16625394,0.52748984,0.05321479,-0.04025026
-0.49148247,-0.36776742,0.34069353,-0.18867749,-0.17504796,0.014370645,-0.32970643,-0.2273566,-0.60482365,-0.31583312,-0.02849932,0.26061586,-0.32165405,0.022625813
-0.3921991,0.36883155,-0.11252285,-0.17122224,-0.2502113,0.3505435,-0.26834017,-0.38136443,0.26474807,0.103392124,0.19244634,-0.10898315,0.09606839,-0.1539812
-0.569476,0.16184531,-0.32652634,-0.67527634,0.20044075,-0.02512526,-0.24920651,-0.17285085,0.2414814,-0.15217903,-0.03778003,0.014835006,0.35290125,0.092353046
-0.04516399,0.6609696,-0.19829024,-0.6877701,-0.038170677,0.5287861,-0.36566034,-0.11071353,-0.20476082,0.26123038,0.62894744,0.2952063,0.003465173,-0.12325925
0.01766183,-0.053130154,0.32731152,0.109597884,-0.57566756,-0.2017297,0.25367972,0.12359056,-0.2739443,0.0029478064,0.2854787,0.18227626,0.039013255,-0.08936982
-0.5786389,0.0974307,-0.48434144,-0.75555557,0.1075045,-0.03792261,-0.26887694,0.19917145,-0.3817158,-0.21007854,0.10776254,0.07208438,0.21084882,0.4543341
-0.14195882,0.15210724,-0.12040878,-0.49524957,-0.44447762,-0.27206898,-0.3247151,-0.05866708,-0.24259147,-0.29808983,0.43702716,-0.011511093,0.054956317,-0.4512721
-0.3946405,-0.20227286,-0.63868797,0.68591887,0.69745976,-0.21415246,0.36917976,0.5943179,0.034332905,0.07543646,-0.59794974,-0.3333935,0.14896856,-0.22123544
0.32879177,-0.16045363,0.31158513,-0.60198337,0.25464407,0.16264315,0.28054595,-0.2050675,-0.2816319,0.29937273,-0.015153799,0.3039881,-0.23424245,0.1226223
-0.491861,0.13713165,0.40624452,-0.35283935,-0.14311568,-0.20651996,-0.14698434,-0.046625216,-0.23183823,-0.20840214,0.19487873,0.5134595,0.14028943,-0.17487055
0.37995857,0.5693949,0.555749,-0.11478042,-0.34585813,0.5132851,0.39948988,-0.15488002,0.3217905,0.265613,0.6946155,0.3565335,0.19347622,0.25895995
-0.20117597,0.30986926,0.12818289,-0.6585005,0.17423065,0.5476698,-0.098300934,-0.14141211,0.10936981,-0.24264832,0.40697056,0.1114266,-0.3480667,-0.43908155
-0.5429792,-0.18755735,0.5362676,-0.6558037,0.49416244,-0.4083759,0.086710565,-0.32490772,0.42103878,-0.2246349,-0.5053987,0.30789205,0.08538421,-0.27519825
-0.41688278,0.1500147,0.6437114,-0.36044946,-0.2749104,-0.31033286,-0.018209608,0.1282655,-0.1567116,-0.11903674,0.16091144,0.28927305,-0.037113875,-0.6393972
-0.003921254,-0.134967,0.25446254,-0.15108491,-0.7231624,-0.37593022,0.24731714,-0.15884,0.27641237,0.45708638,0.44587833,-0.11162462,-0.035944905,-0.50102043
-0.2775946,0.56602323,0.582606,0.19165553,-0.2743418,-0.20777032,0.059468318,0.1859584,-0.30792582,-0.032297246,0.4644681,-0.37699956,-0.44031173,-0.37458542
-0.5964075,0.09750992,0.49382472,-0.12615348,-0.48648542,-0.59364605,-0.260684,-0.034838933,-0.22928892,0.22811233,-0.105721265,0.022476664,-0.2745019,-0.5872028
-0.078040905,0.3968524,0.2747698,0.24213621,-0.09161283,0.16859618,-0.07153032,-0.16692719,0.0019351349,0.10305136,0.43056262,-0.0013759966,-0.20978425,-0.40785733
-0.47435614,0.6418755,-0.059588294,-0.70834345,-0.12041362,0.30016905,-0.09388969,0.32016772,-0.07725659,0.25060672,0.5376188,-0.23831959,0.20066683,-0.1925934
-0.23058876,0.23612463,0.19959582,0.1408057,-0.18762639,-0.13856925,-0.31360382,-0.058754615,-0.057434317,0.081959985,0.4697683,-0.3112824,-0.13995557,-0.1934374
-0.05579185,0.090171985,0.45162857,0.20981534,-0.25133538,-0.2338304,0.09870972,0.03705533,-0.109787,0.060259413,0.52954435,-0.3734501,0.019812083,-0.5709302
0.23175275,0.27070284,-0.12064593,0.22855146,-0.62312853,0.07558512,0.22643054,-0.46785134,-0.2770808,0.004006301,0.15292916,-0.19828117,-0.17707284,-0.35023314
-0.027873533,-0.16148703,0.2705898,0.21625781,-0.43009433,-0.2235052,0.10913954,-0.30112883,-0.023266157,0.26889646,0.10415771,-0.32607785,-0.41673914,-0.6131323
-0.15856694,0.25392982,0.23886679,0.09046419,-0.35612172,-0.14333265,0.11854829,-0.13459441,-0.03614499,-0.25894895,0.2439363,-0.06794223,-0.08895897,-0.46849027
-0.48389664,0.43968898,0.0759791,-0.3429848,0.14841333,-0.111980684,-0.04467748,-0.48003682,0.4132848,0.2965147,0.55862814,-0.5498586,0.27558774,-0.37924662
-0.5245714,-0.33491927,-0.5665796,-0.50594246,-0.4358324,0.61224943,0.19952162,0.42741606,0.6281209,-0.3949728,-0.35835645,-0.66556937,-0.26148948,-0.43420961
-0.37324625,-0.07419838,0.4500905,0.18137622,-0.2872923,-0.0015535101,0.3932201,0.102923706,0.24693666,0.11951485,0.45923564,-0.33589405,0.24522029,-0.49468768
0.35863408,0.6125554,-0.014297453,-0.3670951,-0.57992536,0.051407948,-0.37533194,-0.39509732,0.24701469,-0.13661546,0.47593862,0.20095058,-0.06869061,0.06417054
-0.045272116,0.14847222,0.06121671,-0.1312294,-0.3197721,-0.48646775,0.32548636,-0.62776774,0.1209485,0.29049256,0.36585563,0.006251461,-0.5025734,-0.6704804
-0.21251805,-0.058849953,0.3559775,0.09368692,-0.03418698,-0.16176233,-0.2768585,0.1173764,-0.31643784,0.10030137,0.6534409,0.111125395,-0.099690065,-0.6219358
0.06300888,0.26029107,-0.05402608,0.21470582,-0.2343743,-0.34235626,-0.24155827,-0.12996334,-0.05444151,-0.07783439,0.018056368,-0.2939052,-0.574904,-0.3280386
-0.45096007,0.16826257,-0.38662627,-0.324805,-0.12895584,-0.15804043,0.06763777,-0.53162044,-0.015787063,0.43980533,0.49291408,-0.31877995,0.017869538,-0.43520296
-0.39992425,0.22851212,-0.13176486,-0.18077886,0.22284323,0.29394853,-0.26735127,-0.37446773,0.37734,-0.15194756,-0.05238305,-0.059574977,0.113442846,-0.71214426
0.25207227,-0.01233658,0.12878764,0.588649,0.14574201,-0.5031713,-0.5196901,-0.020716703,0.37088448,-0.31226143,-0.13641639,-0.31863508,0.30881426,-0.7010995
-0.039353125,0.06431284,0.41340595,0.15744643,-0.078369044,0.2233208,0.20202886,-0.04625816,-0.23674867,0.19042522,0.7663034,-0.1468681,-0.09466103,-0.6594787
-0.03433442,-0.47841802,-0.12459587,0.116052195,-0.010146035,-0.3432888,-0.25223458,0.5135683,-0.44888672,-0.16825774,-0.25623244,-0.6496619,-0.41867393,-0.41510698
-0.23385051,0.013914972,0.3096153,0.1656767,-0.469429,-0.15410203,-0.24060385,-0.04782608,-0.27744588,-0.09214901,0.29984897,-0.09998038,-0.3100542,-0.44537175
-0.12264967,0.15332289,0.36460078,0.46621796,0.23280674,-0.19477946,-0.27634728,-0.22490972,0.22643276,-0.40324774,0.5982614,-0.46948847,0.1910999,-0.5587824
-0.12747553,0.43809858,0.35492504,0.11232192,-0.4878178,-0.32517937,-0.4468813,-0.41189626,-0.26878545,0.23037933,0.3130208,-0.4834757,-0.1526625,-0.357093
-0.24455453,0.25978002,0.33664325,0.33971837,-0.08755021,-0.3265381,0.08957676,-0.6112103,0.26736093,-0.11183859,0.07586125,-0.23442365,-0.2340835,-0.67457455
0.30709353,-0.20756994,-0.24589425,-0.050139952,-0.24326307,-0.13292475,-0.5824565,-0.31155398,0.60962886,-0.5717051,0.23059267,0.40078577,-0.36720723,0.53638905
0.04312548,0.45525196,0.32956228,-0.5524613,0.07741231,0.30785996,-0.31126505,0.17506842,0.31590852,-0.0077492795,-0.014036838,0.059729062,-0.6117309,0.1850153
-0.2768277,-0.6196696,-0.22685562,0.19606762,0.16629368,0.18318716,0.49057823,0.514469,0.33852756,-0.4215985,0.10925526,-0.60131085,-0.10750896,0.36950812
0.36600515,0.3871582,0.29422837,-0.34230316,0.110257916,0.12586343,-0.5942158,-0.13702719,0.55216277,-0.38243386,0.038769312,0.6156139,-0.40226263,0.5083666
-0.412097,-0.43884337,-0.2797498,0.51996166,-0.30530155,-0.52201504,0.5220519,0.6415683,-0.077684194,0.122759745,0.18929963,-0.37224767,-0.20507944,0.22231366
-0.010182725,0.27895606,0.5640386,-0.15540126,-0.4865434,-0.15212737,-0.7769399,0.12536445,0.20140268,0.041739162,0.6733301,0.34533352,0.19482218,0.49171534
0.24988107,0.109089434,-0.23055498,-0.48388523,-0.6340097,0.04460007,-0.2761801,-0.66912097,0.14930703,-0.011767836,0.41950902,0.5461975,0.59548444,0.1385784
-0.022005256,0.0898116,0.45368966,-0.36658603,-0.30527267,-0.35139716,0.23948276,-0.30864576,-0.3992944,-0.37657768,-0.57784,0.31854805,-0.38707477,-0.06591404
-0.38202077,0.014557747,-0.54788554,-0.33189768,0.2134063,-0.1663547,0.7260309,0.34595576,0.2739281,-0.04683353,0.25275937,-0.37976328,-0.45850608,0.25264436
-0.4368247,0.35046136,0.57689005,-0.25410032,0.41904485,-0.29565495,0.5557302,-0.15122466,0.27984777,0.4454023,0.46067807,-0.054147698,0.3238082,0.28772083
-0.08605704,-0.3976532,0.13533826,-0.14418982,-0.31751883,-0.4283742,0.053698,-0.051471114,-0.67683595,0.0789415,-0.14152469,0.41378748,0.06892171,0.3464856
-0.23302272,0.46241856,0.03216525,0.01853741,-0.70111257,-0.4687565,0.22744086,0.51938856,-0.27138877,0.1521361,-0.19912736,0.013415903,-0.36691022,0.03162651
0.07131732,0.23761956,-0.31000492,-0.138575,-0.77321935,0.045500472,-0.07976391,-0.44871968,0.19949958,-0.43898717,0.13597013,0.40965173,0.044624142,-0.24167825
-0.4306537,-0.7312186,-0.52563,0.31271908,0.2948585,0.1375024,0.6770966,0.38297048,-0.045305807,0.22160022,0.033800907,-0.05138192,0.057036575,0.0067787124
-0.029113228,0.08915002,0.41464508,-0.3984912,-0.247224,-0.3268108,0.19363026,-0.29277664,-0.35367304,-0.44056687,-0.6137726,0.35954738,-0.37465894,0.05141005
-0.23041782,-0.35596088,-0.6322499,-0.35890096,0.27365935,-0.13808078,0.2866035,0.5941721,0.14580674,0.035345614,0.21397272,-0.15750532,-0.4791234,0.076404504
0.4554652,-0.39802778,0.122114696,-0.40395027,-0.25700402,-0.67175907,0.29802132,-0.23738164,-0.2119584,-0.031950418,-0.19205512,0.23258954,-0.23981169,0.5680021
0.039453212,0.04806212,-0.021447824,-0.27494818,-0.68396467,-0.32827258,-0.25298548,-0.4406219,0.44419554,-0.14253715,0.4790159,0.39139748,-0.26998916,0.5141689
-0.63440853,-0.42694134,-0.54893464,-0.011705531,0.008518486,-0.4604019,0.24639574,0.43467462,-0.35951644,0.27852133,-0.11900636,-0.3110356,0.27889517,-0.21615237
-0.08055711,-0.4214074,-0.50474167,0.31052223,0.41477156,-0.49097723,0.70339894,0.00828992,-0.49134877,-0.5678942,0.022732891,-0.14740118,-0.35855404,0.1269625
-0.3214128,-0.6113444,0.3361402,-0.069271974,-0.2524125,-0.39741632,-0.031699,0.084947094,-0.25110105,0.0098741865,-0.04100101,0.3663153,-0.31386942,0.030487118
-0.25400564,-0.7633785,-0.4192946,0.22070567,0.1731029,-0.19350827,0.41388732,0.13560066,-0.21478483,0.17034301,0.2679908,-0.30150324,-0.41388315,0.040489875
0.3578627,0.08066289,-0.46781307,-0.080704406,-0.68324775,-0.3093088,0.10556853,-0.57615536,0.18588671,0.12259914,0.603406,0.47646502,-0.50443697,0.25478917
-0.28100774,0.45883515,0.012131855,0.63986236,0.32727826,0.20059429,-0.29121196,-0.1926353,-0.20725256,0.5248795,0.0929115,-0.20686413,-0.18034628,-0.46765795
-0.53635895,-0.36954898,-0.21889597,0.1653929,0.5456733,-0.24353525,0.17879872,0.5594344,-0.314813,0.3140454,-0.19906652,-0.13850763,-0.382901,-0.5066028
-0.5011123,-0.54790664,-0.67656356,0.5051325,0.425891,-0.54907435,0.40127477,0.031695474,-0.17939037,-0.13211645,-0.39711267,-0.20288904,-0.03965919,0.19009463
-0.25616965,-0.37701496,-0.53839666,-0.13115326,0.5450415,0.47815576,0.4727542,0.21442454,-0.6736071,-0.07519805,0.14570126,0.00994138,-0.4606123,-0.37299109
-0.5143516,-0.39300013,-0.26152676,-0.27295125,-0.41651893,0.44519112,0.072596446,0.42488733,0.49746504,-0.37104315,-0.30787086,-0.2923047,-0.45765868,-0.37153533
-0.058346838,-0.1974228,0.5103581,-0.33238247,0.31270838,-0.4635766,0.1547558,-0.6593475,-0.41450793,0.22468859,-0.3389572,-0.14677872,0.14586106,0.5930124
-0.50651383,-0.5080026,-0.38542786,-0.08019445,-0.4352265,0.64523447,0.16967945,0.5603498,0.59049433,-0.44116008,-0.36583924,-0.39647764,-0.4052482,-0.30426767
-0.2445761,-0.35316575,-0.27574152,0.39583862,0.52402973,-0.3832129,0.41976327,0.25472736,0.34040394,-0.23552988,0.30489358,-0.4963911,-0.4461919,-0.33807367
-0.19105533,-0.40552196,-0.30504262,0.3179381,0.1670214,-0.43094417,0.009439958,0.74350584,-0.08622862,0.08185273,0.088340215,0.011556728,-0.4743944,-0.40675327
-0.21703628,-0.3801364,-0.39156342,-0.12988189,0.4375427,-0.07966891,0.70300573,0.3520878,0.20078602,-0.13148211,0.11875547,-0.10590297,-0.6632797,0.28081757
-0.537687,0.14488694,-0.3570372,-0.53633463,0.7057346,-0.118757844,-0.353808,-0.10436009,0.40074098,-0.4360886,0.44411233,0.100960255,0.24548645,0.036456525
-0.5793426,-0.385901,-0.457705,-0.52493834,-0.36679947,0.5604572,0.12722163,0.4075765,0.595986,-0.34235737,-0.3739848,-0.50357103,-0.4293277,-0.41195762
-0.335803,-0.46645784,-0.45094895,-0.47329077,-0.35503417,0.47136045,-0.04692096,0.5758859,0.5312648,-0.43512496,-0.11934708,-0.5978334,-0.52113265,-0.4798623
-0.47629473,-0.402101,-0.3925046,-0.22163169,-0.51918954,0.5606506,0.2146578,0.3711157,0.5728156,-0.3453554,-0.4578304,-0.50757533,-0.4867975,-0.36554214
-0.0032175817,0.01657417,0.15002495,-0.22595315,-0.6890389,0.1980318,0.22248238,-0.2100541,-0.3892109,-0.38015836,-0.21713369,0.17961806,0.3285607,0.26878962
0.28097105,0.26073954,-0.01906259,-0.4863889,-0.37328476,0.091492765,-0.29199678,-0.13563259,0.5568842,-0.46827573,0.45713833,-0.12566055,-0.09935286,0.62343603
-0.19877906,-0.10364859,-0.1616969,0.19502428,-0.32009152,0.33224183,0.5506687,0.64715934,0.17660366,-0.45743486,0.20120628,-0.5855591,-0.34795493,0.47741917
-0.26269358,-0.16639325,-0.5009991,-0.30901667,0.39344049,0.09843923,0.025408909,-0.26882696,0.3646518,-0.6905629,0.12948687,0.1306267,-0.47002816,0.16331382
-0.47529864,-0.4144732,-0.4507042,-0.08653579,-0.5537246,0.6046295,0.16208291,0.5113303,0.5724422,-0.41655993,-0.54812574,-0.5585112,-0.52632135,-0.2783409
-0.039631844,0.19228974,-0.43693805,-0.34992865,-0.51659435,-0.15360214,-0.14246377,-0.49096772,0.4508579,-0.034000598,0.41746312,0.42456222,-0.2707319,0.62214535
0.18109378,0.041120876,-0.4941698,-0.18235123,-0.43237132,-0.0040557925,-0.11596384,-0.32500294,0.2657485,-0.3903417,0.6599166,0.4529141,-0.34702253,0.5192509
0.14014402,0.1824097,-0.04729801,-0.47611207,-0.23762628,-0.36976594,-0.4371899,-0.32460913,0.39956585,-0.20392528,0.31881937,0.33220375,-0.14455166,0.46921992
-0.23331568,-0.23073654,0.20944688,-0.025195029,-0.45010668,0.1981702,-0.00055413315,-0.21915698,0.43615702,0.19647327,0.6831871,0.4926091,-0.48583806,0.39152187
-0.5539004,-0.099067576,-0.14134473,-0.46288878,0.21295463,0.5229163,0.11180911,0.14818491,0.16474248,-0.47351685,0.06842211,-0.12380374,-0.1904056,0.007550094
-0.64822304,-0.49660692,-0.41374037,0.11371229,0.13514681,0.067264624,0.29657444,0.33332127,0.00088638975,0.26991227,0.16355233,0.08089883,-0.58652365,-0.03639868
-0.22887562,-0.09789741,-0.6442786,0.30794662,0.6511144,0.123048015,0.04394511,0.30739453,-0.29210648,-0.3263367,-0.12066335,-0.110057406,-0.24712981,-0.23041013
-0.41840333,-0.26133478,-0.20291218,0.26144302,0.13570231,-0.106047526,0.3446011,0.03746754,0.08729435,0.044831906,0.3879701,0.05187909,-0.48118296,0.1535801
-0.19539855,0.18119338,-0.10097133,-0.08200465,-0.6836843,0.3771697,-0.5501593,-0.2814967,0.10589729,0.0024556282,0.31377026,0.43550438,-0.1351566,0.21071056
-0.37129882,-0.35848746,-0.44575852,0.018650483,-0.327392,0.695584,-0.011851278,0.41086188,0.48313537,-0.34327948,-0.36373967,-0.5952449,-0.51161563,-0.29662192
0.16809231,-0.08376711,0.043907862,-0.47469366,0.23164351,-0.12581134,0.014442818,0.35824296,0.5455647,-0.23855938,-0.37838632,0.51901686,-0.44548175,0.25931853
-0.38630763,0.044342335,-0.6533827,-0.501983,0.38047066,-0.12902771,0.041583806,0.40304878,0.38121304,-0.15264124,0.13739708,-0.42900118,0.028619051,-0.132674
-0.09885957,0.069813184,0.1202243,-0.4937352,0.08059269,-0.20607841,-0.071801566,-0.14262511,-0.3129784,-0.48366013,0.1495537,0.098174654,-0.044284303,0.19906327
-0.12391147,0.22649363,-0.09844743,-0.0483423,-0.7100781,0.18343733,0.25200394,-0.614809,0.69413817,-0.030589597,0.27108905,0.25625747,-0.3849388,0.46451312
-0.4333086,-0.7475895,-0.3324984,-0.4660814,0.734668,-0.3168555,0.6753004,-0.075751536,-0.31170455,0.037253063,-0.001781067,-0.2945527,-0.39544246,0.10485428
0.22975932,0.5889042,0.18080148,-0.598399,0.03701871,0.35529652,-0.079864,-0.39387128,0.30201915,-0.1394282,-0.053234242,0.6365648,-0.49572358,0.62568825
-0.5050837,-0.51444614,-0.38386148,-0.009658189,-0.49195918,0.54482335,0.024521535,0.63995194,0.6052128,-0.46493456,-0.5473725,-0.50180256,-0.5006303,-0.17427155
-0.6368439,-0.22226073,-0.20955127,-0.45540175,-0.2901822,0.3837568,-0.108943485,0.25652915,0.3812632,-0.2899202,-0.22289923,-0.19388622,-0.34055135,-0.38581702
-0.26930502,-0.047245946,-0.2847238,0.06247806,-0.2701631,-0.22877401,-0.08040642,-0.25121257,0.46609446,-0.17292485,0.40925112,0.2683502,-0.20775324,0.33101198
-0.48332748,-0.497861,-0.40781274,-0.25043342,-0.4927152,0.5111627,-0.012621193,0.5943843,0.60102546,-0.46814466,-0.45421767,-0.55588305,-0.40576437,-0.31663075
-0.53815424,0.108127,-0.042599443,-0.52923805,-0.12520142,-0.5302747,0.13300546,-0.3509442,0.25374478,-0.54806644,-0.09814291,0.4199256,-0.29103655,-0.15075737
0.31580257,0.070699446,-0.3635714,0.012674117,0.35263866,-0.18710151,0.33967716,0.2468388,0.3911422,-0.37401208,0.3777362,0.11830253,-0.5749511,0.53855705
0.5013898,0.5980032,0.18911168,-0.31375265,-0.58765054,0.45493054,-0.23000297,-0.45142385,-0.18501607,0.057224073,0.6857646,0.41066748,-0.2957113,-0.13279486
-0.5025895,-0.015028969,0.27303684,0.24814378,-0.38992956,-0.24085231,-0.25293165,-0.42922693,0.45624653,0.5377261,-0.0587999,-0.10115974,0.15836965,-0.4255429
-0.22737229,0.024527341,-0.045432623,0.28916895,-0.2391773,-0.15340109,0.13408694,-0.6787344,-0.47745612,-0.3348081,0.4547854,0.17195323,-0.18466778,-0.30564517
-0.47337934,0.3133379,0.38482422,0.139805,-0.47625697,-0.08967109,0.060643975,0.12980983,-0.2541935,-0.09796956,-0.07872877,-0.0026650738,0.0972031,-0.29939488
0.26580927,-0.5161793,-0.31538624,0.097287476,0.35935932,0.02868582,-0.2105153,0.47847697,0.025454903,-0.10528829,0.39010796,-0.7349407,-0.57424664,-0.08155745
-0.19572172,0.5144026,-0.15244892,0.43201143,-0.7321694,-0.34512675,-0.13320933,0.20754589,-0.37667888,-0.20473912,0.04668886,0.61852497,-0.27289498,-0.38311327
-0.018051388,-0.45486766,-0.39619628,-0.14965743,0.22578706,0.35201058,0.31083372,0.5197829,-0.38579163,-0.57670355,-0.092558056,-0.3314149,-0.5488671,0.10546864
-0.23284918,-0.009622745,0.04052115,0.6112955,0.20822832,-0.093882784,0.32207733,-0.35940626,0.094411224,-0.14947154,0.6359803,-0.053288076,-0.19245741,-0.22833651
-0.3585402,0.21034484,0.65984404,0.6453901,0.14790085,-0.1023034,0.06484331,0.22394273,0.12076341,-0.2682804,-0.21382017,-0.17246185,0.2375226,-0.2533848
0.05868412,0.532544,0.6761402,0.22673406,0.036134586,-0.062107857,0.18257448,0.04380416,0.037053302,0.21841064,0.21790943,-0.25982684,-0.118669495,-0.32273695
0.03279516,0.24388576,0.47425008,0.5987237,0.39822885,-0.059771463,-0.351591,0.093272604,0.48489314,0.25901324,0.5182687,-0.07785462,0.0041907686,-0.43651783
-0.4021607,0.35587907,-0.11042064,-0.3890447,-0.07336721,-0.38803864,0.07533026,-0.22230834,0.28939852,0.029723093,0.3144977,-0.3371382,0.17964555,-0.238865
-0.43616775,0.35854986,-0.02512606,-0.35803202,-0.4150643,-0.19825754,-0.2356235,-0.046707533,-0.18584776,0.021670708,0.6067552,-0.24958484,0.525131,-0.58919036
-0.06785925,0.10348154,0.28196737,0.31732705,0.053380255,0.1718009,0.554482,-0.24583407,0.28820246,0.3882886,0.5133977,-0.41003254,-0.06672388,-0.42556104
0.1624448,0.0741591,0.01856482,0.38189366,0.34707245,-0.17314197,0.51083165,-0.4473416,0.18296005,0.51243305,0.4981528,0.019765705,-0.3525071,-0.6874559
-0.4086372,0.3691132,0.63423085,-0.057208087,-0.5963279,0.040398892,0.4951552,0.0083029,-0.3367718,-0.25157315,0.07488029,0.2742405,-0.21861073,-0.5308887
-0.43512264,0.57921547,0.18651372,0.2655671,0.31831264,-0.48593757,0.6469677,-0.4500425,0.19592384,0.15767829,-0.11870747,0.04906344,-0.5164779,-0.089498535
-0.11971761,0.118220635,0.17743766,0.08712291,-0.14375333,-0.2132738,0.3650768,-0.3608081,0.37942111,0.3726354,0.370376,-0.24614617,0.0649986,-0.4691747
-0.36663917,0.47600982,0.16754559,0.38165307,-0.14626868,0.16757016,-0.01210134,-0.68806756,-0.2575679,0.18876581,0.23879679,-0.07361533,-0.38303608,-0.08827205
-0.37965208,0.5526015,0.4659536,0.3957552,-0.1396278,-0.3101755,-0.31764355,-0.46848056,-0.061373223,0.03940139,0.40768796,-0.07960407,-0.1359945,-0.65316045
-0.25415385,0.55097973,0.6791183,0.5284504,-0.2327307,-0.414349,-0.027390739,0.068238,0.1579117,-0.23739035,-0.02714121,0.061515894,-0.11310189,-0.19949487
-0.13865604,-0.45479593,-0.22704113,0.19272591,0.030304147,-0.18882689,0.2996911,0.5003366,-0.41004312,-0.105522774,0.28122717,-0.4561824,-0.7953392,0.3526811
-0.40822837,0.2822597,0.39508176,0.59223026,0.5059753,-0.03841916,-0.004579572,-0.06303984,0.28011116,-0.11873098,0.30705422,0.38876724,-0.055640716,-0.53585976
-0.3777985,0.07525766,0.536449,0.19510919,-0.06597265,-0.0011334926,-0.548532,-0.363474,-0.30483463,0.25641364,0.22466415,-0.3728365,-0.1504803,-0.0712582
-0.5246174,-0.22373536,0.48224097,0.40591812,0.46255824,-0.58631545,-0.09863592,-0.35576466,-0.40799913,0.046434246,0.57389015,-0.018251484,-0.27896458,-0.3162649
-0.415634,0.49018916,0.6227377,0.38462245,0.34899536,-0.2288864,-0.031101631,-0.24115895,0.06886974,-0.3558523,-0.24654238,-0.34589723,0.099669576,0.08905806
-0.40442687,-0.36888784,-0.37491727,0.09488136,-0.43210557,-0.4360916,-0.06534557,0.1553605,0.18326539,0.26960397,-0.19318618,0.3675722,-0.18421742,0.15654653
-0.365626,-0.17011532,0.46302098,-0.0058601648,-0.4039812,-0.3468699,-0.35993207,0.45797375,-0.355739,0.43828124,0.13449095,-0.106521726,-0.018987203,-0.3174661
0.019507812,-0.25462967,0.44182327,0.11880876,-0.2609386,-0.3056289,-0.015694821,-0.21186721,-0.242738,-0.35631484,0.47104636,-0.066535,-0.20779918,-0.5195672
0.10213789,0.31543753,0.5294921,0.57892406,0.64373296,-0.1947646,-0.44016525,-0.085955516,0.31801057,-0.17233779,-0.10972557,-0.25839585,0.32447755,-0.3573511
-0.3770515,0.17822781,0.42384946,-0.030591497,-0.5665114,-0.22844492,0.011428715,0.45571268,0.13616145,0.021527847,-0.04848285,0.028883344,0.21499363,-0.44907582
-0.23156276,-0.25929302,-0.14492401,0.3687299,0.14379068,-0.47861803,-0.14251065,0.33046553,0.05229961,-0.35995325,-0.18979609,-0.5329027,-0.7136976,-0.1333912
-0.21190341,0.41393116,0.6248344,0.36258242,-0.35803348,-0.23871458,0.26279122,-0.55940235,-0.22235562,0.29921755,0.18068294,-0.30848488,-0.4223318,-0.11329648
-0.4443942,-0.33711627,-0.3173603,-0.1778428,0.21387187,0.08997032,-0.21849118,0.103757285,-0.20436929,-0.22955164,0.3125918,-0.6064107,-0.025379216,-0.23237623
-0.37832618,0.30192158,0.24054295,0.59971565,0.55560684,0.06323422,-0.29005852,-0.27857175,0.008875828,-0.39121202,-0.11698733,-0.39875814,0.39947367,0.007667834
-0.37238228,-0.1762063,0.50434613,0.45930076,-0.050303977,0.4669348,0.22351554,-0.25694552,0.024500495,0.4102456,0.27558273,0.003560971,0.28423947,-0.5209832
-0.25631914,0.069173485,0.048999548,0.10194251,-0.5737609,-0.19054106,0.1288112,0.013807883,0.283313,-0.11022198,0.7737909,-0.0028818783,-0.2085512,0.3784387
-0.34212723,0.2423769,0.41958103,0.2932228,0.22889212,-0.0074721994,-0.3427268,-0.61166406,0.4102185,0.012529317,0.1292914,-0.10041048,0.13844238,-0.3961287
0.31457093,0.09100172,0.4598769,-0.5262874,-0.036993142,0.0980643,0.19220762,-0.047627497,0.18002215,-0.08749973,-0.65344095,-0.0399023,-0.34891868,-0.15396859
-0.6986474,0.3375899,0.51007736,0.33822292,0.01606491,0.2922,-0.28599837,-0.11287166,-0.02185428,0.5344951,0.32841402,-0.15456569,0.039376706,-0.09139091
0.3031368,-0.5399429,0.19894668,-0.27551225,0.16218877,-0.115184985,0.29169253,-0.19192258,0.09408518,0.3737281,-0.38762623,-0.07189699,-0.35790014,-0.20395271
-0.029627841,-0.39305124,0.041806635,0.0034833818,-0.22794308,-0.57721454,0.30747727,-0.25017285,-0.018476702,0.2832616,-0.6105052,0.22376673,-0.037303925,-0.21514373
0.10976202,0.33083597,0.64196664,-0.105928816,-0.6987838,0.0029688398,0.35676417,0.1693151,-0.23921885,-0.10598886,-0.025216712,-0.57481503,0.65412134,0.20960487
0.6224363,0.29452372,0.07904705,-0.21262808,-0.12577756,0.2716561,-0.7583492,-0.23548238,0.28275084,-0.5860984,0.05779702,0.21577273,-0.5578493,0.356964
-0.02841163,-0.25828606,-0.41924915,0.18482864,0.3315687,0.07537564,0.31534111,0.48149064,0.38180664,-0.572074,-0.36603037,-0.16555071,-0.48479223,0.09109139
0.11506376,-0.30819383,0.3891061,0.10667926,-0.09035215,0.3901278,0.07511235,-0.7562345,-0.014013072,0.11443539,-0.6017429,0.056279033,0.109081976,-0.39082345
-0.22092217,0.023336742,0.38468364,0.522576,0.14876582,0.14362894,-0.62848467,0.016003544,0.16299598,-0.055510856,-0.6885957,-0.30171973,0.24632825,-0.22366944
-0.40744618,0.21450758,0.6168286,-0.13403992,0.3898702,-0.1040229,-0.16370521,-0.32396618,0.5230437,0.2983504,0.075397156,-0.042023197,0.00032279268,-0.24229208
-0.5424329,0.5169563,0.5576778,-0.11381609,0.44144574,-0.35483983,0.3787859,-0.03110432,0.6356681,0.093669444,-0.048790213,-0.19746438,0.086782,0.26727664
0.09736043,0.4970688,0.39554,0.41277245,-0.21388628,0.010681922,0.3012467,0.6319205,-0.23023134,0.013779524,0.1479747,0.024887556,0.2876816,-0.53462285
0.07382269,0.09284075,0.089992866,0.78204864,-0.07166129,-0.2919002,-0.05065335,-0.41599748,0.058533452,-0.2771823,0.4131357,-0.49647552,0.07785781,-0.053218547
-0.15064006,0.14641078,0.45783484,0.21324965,-0.40138108,-0.10807774,-0.29853925,-0.2861992,-0.0669517,0.42740682,0.30014688,-0.28040192,0.36953682,-0.3169165
-0.6129392,0.21774974,0.43287873,0.43961084,0.19125524,0.1295361,0.049451463,-0.26172101,0.22310069,0.47799608,-0.04670613,-0.096712016,0.10186273,-0.3357245
-0.14887533,0.53971815,0.40932605,0.39048958,0.49752653,-0.33335483,-0.34691057,-0.068421215,0.68954116,-0.052165773,-0.094002925,-0.1326445,0.07527351,-0.13706604
-0.43686393,0.3589931,0.46706843,0.30771488,0.39746016,0.36602914,-0.52896786,-0.555706,0.014092515,-0.1929449,-0.32048264,0.14194857,0.21840416,-0.37930793
-0.03931132,0.32872897,0.4585541,0.5012885,0.6373178,0.10866809,0.19601198,0.16973048,0.42323807,-0.012033375,0.5162812,-0.110145904,0.29607195,-0.14704974
0.226058,0.075147815,0.53710186,-0.3568151,-0.31673953,-0.5568067,0.18248008,0.30867615,-0.23082466,0.4198069,0.08776834,0.32246092,0.69602466,0.040142138
0.050471637,-0.047062814,0.73340464,-0.22346786,-0.5645053,-0.15712434,0.21264629,0.47718018,-0.42635176,-0.18968049,-0.3044731,0.099033736,0.41167435,-0.08226239
-0.3354193,-0.38222998,-0.5808362,-0.21755771,0.33048907,-0.6456566,0.75330436,0.21958236,-0.5322723,0.16400212,-0.47170633,-0.3548751,0.092862405,-0.033758923
-0.037471313,0.42599872,0.3327667,-0.4986539,0.6861453,0.111271486,0.36783054,-0.37025344,-0.28492606,-0.07420802,-0.66466546,0.37685117,0.18339296,0.319669
-0.07071938,-0.5222478,-0.039614324,-0.5329133,0.45675775,-0.5170103,-0.010312357,-0.17389339,-0.1370825,0.4131143,-0.6617675,0.26694345,0.22184299,0.01941204
-0.08028305,-0.3715237,0.5581981,-0.24334292,0.1271313,-0.025402939,-0.18848467,-0.26808003,0.31278086,0.3977891,0.19864482,-0.2664225,0.053557873,-0.3455591
0.22581466,-0.11406639,0.15577668,0.0080181025,-0.58800566,-0.19325827,-0.07147916,0.35034865,-0.18674412,0.17619038,0.07158731,0.28547558,0.19498143,-0.28500146
-0.2145769,0.26805246,-0.35401383,-0.019516418,0.19925016,-0.2964485,-0.20443496,-0.0063362843,0.32857454,-0.6605897,-0.14829496,-0.117876925,-0.17574178,-0.023940852
0.4229586,0.5825217,0.0010203418,-0.29212993,-0.76564974,0.26770768,-0.6410459,-0.291509,-0.28450656,-0.14545248,0.07336334,0.12213264,-0.03051943,0.11908015
-0.24252215,0.3448144,0.46077082,-0.009401797,0.13605335,-0.6742581,0.12424285,-0.1836004,-0.17778976,0.2768236,-0.5783365,0.06268781,0.22763221,0.20625953
-0.41023272,0.41488758,0.4244165,-0.030558653,0.17343213,-0.20163165,-0.31825873,-0.16809975,0.0042688064,0.39397192,-0.5332608,0.11397215,0.11985939,0.06581379
0.26168454,0.08303799,0.12096211,-0.54659444,-0.6361884,-0.35084713,-0.08533515,-0.5934655,0.7078295,-0.2634738,0.1674197,0.07140585,-0.41585356,0.33399913
0.04648749,-0.24991307,0.21969275,-0.43981734,0.3508369,-0.103349335,-0.08530341,-0.06233292,-0.1363293,-0.40219408,0.3265945,0.5561764,-0.24964912,-0.015630227
-0.42185682,-0.3933182,-0.39111537,-0.11472459,-0.26304677,0.5378057,-0.14369787,0.58046955,0.50891584,-0.43319455,-0.41698045,-0.56793594,-0.41504306,-0.28095534
-0.13363817,-0.26946363,-0.4575046,-0.26897353,0.23245442,0.62701494,0.2981207,0.63892007,0.24198733,-0.5663741,-0.17812826,-0.077020414,-0.5986937,-0.077658534
-0.5683302,0.028529016,0.10957449,-0.3609612,0.21478397,0.18826169,-0.5807525,-0.46336514,0.22514535,0.28341758,0.52680016,-0.09368888,0.2447891,-0.08486087
-0.19883771,-0.73608345,-0.08727847,0.45754117,0.430855,0.42678928,-0.16671737,0.42537892,-0.31661895,-0.4079366,-0.070782565,-0.354325,-0.43009993,-0.43077984
-0.5625458,0.45929495,0.07869463,0.017689554,-0.27540043,-0.33892167,-0.2709648,-0.4321797,-0.09351223,-0.046514977,-0.008706593,0.2912751,-0.33529237,-0.035122726
-0.5593219,0.057077542,0.4755104,-0.10196365,-0.042247836,-0.39726722,0.105207615,-0.4125728,-0.36266643,-0.25722575,0.287591,0.2613313,-0.18891534,0.035894036
0.20642976,0.019787041,-0.08575204,-0.0872547,-0.4050317,0.71702826,-0.11902034,-0.2826006,0.41271532,-0.15322462,0.25037563,0.44588652,-0.27681848,0.6574974
-0.30164924,-0.451666,-0.07901288,0.010982082,0.20112215,0.39236537,0.19940887,0.52648884,-0.49652222,-0.54148656,-0.097736955,0.039727766,-0.18789461,-0.34574732
0.25903124,-0.057753492,-0.5718762,-0.07916059,-0.74216384,0.12013642,-0.17024556,-0.515369,0.05938729,0.14930147,0.55510706,0.77053446,0.73687977,-0.16962315
-0.4101035,0.046393525,-0.19509377,-0.3001192,0.1651888,0.22396219,0.28130433,0.25022036,0.057606384,-0.6178055,0.033967298,-0.109659314,-0.39606872,-0.04134678
0.4693114,0.24364327,-0.17021835,-0.41976193,-0.5262715,-0.016542938,-0.17023441,-0.25610468,0.05285897,-0.31196296,0.35000694,0.32632035,-0.074655786,0.50059855
-0.28913715,-0.4851466,-0.40758115,0.15875843,0.23983815,0.14820974,0.504269,0.23068707,-0.28041098,-0.27612895,0.14362545,-0.114245035,-0.64648366,0.26379892
-0.47130653,-0.48941132,-0.142902,0.42330095,0.44407094,0.104404904,0.2387549,0.17905967,-0.36783224,-0.4118836,0.3248936,0.018726083,-0.50375277,0.27334315
0.17166503,-0.072941154,0.350945,-0.48660907,-0.27607337,0.4544622,-0.29064083,-0.20575538,0.6929261,-0.16575558,0.1489238,0.19607009,-0.4191116,0.26546672
-0.43695322,-0.45514655,-0.6530804,0.3580861,0.59114206,0.31831595,0.3642428,0.5092302,0.15950218,-0.016632445,-0.058355518,-0.101035774,-0.5774625,-0.11071241
-0.24892126,-0.4805683,-0.57289994,-0.21406408,0.16230477,0.22069003,0.6143408,0.58873737,-0.051907632,0.12076706,-0.13330106,-0.39531597,-0.28802875,0.2057083
0.49234185,-0.24471413,0.039429072,0.17835441,-0.4788085,-0.14469019,-0.47238442,-0.62016886,0.1847694,0.4391184,0.6225281,0.27139872,-0.42510048,0.22484002
-0.51953334,-0.55287004,-0.4606083,0.113975674,0.18507332,-0.16294304,0.5541786,0.3716548,0.10957447,0.2865164,0.10225965,-0.04168991,-0.14668049,0.2796157
-0.613934,0.30402645,-0.24702491,-0.57286865,-0.19323695,0.12537694,-0.23089607,-0.10325053,0.35301718,0.40790543,0.58167136,0.06758867,0.18708465,-0.021305116
-0.44890043,-0.34419945,-0.1965936,0.37673518,0.031132849,0.07022025,0.046851687,0.15024203,-0.054872625,-0.023501806,0.12169318,0.08392632,-0.24625751,-0.019325798
0.03732319,0.15602519,-0.51512533,-0.1091393,-0.22523487,-0.28322446,-0.28905496,-0.30799457,0.446357,-0.100979306,0.5816737,0.42328808,-0.34908313,0.53883046
0.2225748,0.21504764,0.20820107,0.5393174,0.08575578,-0.05080904,0.4875931,-0.4729057,0.3109028,0.08125498,-0.09632388,-0.40588197,-0.33352008,0.19607775
-0.635794,-0.15957394,-0.4746663,0.35383043,0.37035075,0.49089903,0.09994569,0.36020586,0.03351593,0.20931478,0.11066492,-0.31356913,-0.6599962,0.11613553
-0.60791296,-0.5483764,-0.4268577,-0.0055302307,-0.47137567,0.6740151,0.22506838,0.39933133,0.68237305,-0.2862259,-0.38915792,-0.5467455,-0.420271,-0.2680243
-0.6877708,0.0090019945,-0.07500275,-0.2453049,-0.14667487,-0.35805184,0.07722268,-0.3018079,0.015397817,0.21673971,-0.06496366,0.3034566,0.016490782,-0.035370912
-0.62431943,-0.48847193,-0.074296065,-0.225957,0.5573548,-0.043729074,0.4427267,0.16513367,-0.2123308,0.018385671,0.32179683,0.07512161,-0.48672462,0.078885466
-0.5729225,-0.5317672,-0.43254578,-0.049763504,-0.48009428,0.6650456,0.13392381,0.5754913,0.61571735,-0.4231592,-0.37489086,-0.48071685,-0.45006132,-0.29826796
-0.2454336,0.4393151,-0.28498325,-0.44588032,-0.4280594,0.18057299,-0.48439714,-0.61625916,0.26262066,0.08233454,0.5001156,0.07975698,-0.10424128,0.30548963
-0.488259,-0.55131114,-0.24633947,0.13080776,-0.23801595,-0.13652122,-0.27182737,0.07830082,-0.26275587,0.63721627,-0.10171517,0.5888097,0.1064178,0.18741317
0.083925426,-0.04761962,-0.01643223,-0.34957418,-0.36887857,-0.14837836,-0.5912294,-0.5288139,0.58260447,0.07777748,0.7009848,0.18149301,0.45359603,-0.08970019
-0.45284787,0.24177092,0.63270783,0.11077209,-0.48682818,-0.19448155,-0.12706435,0.5767893,-0.5715903,0.10064946,-0.30704874,0.2528249,0.03257306,0.13807623
-0.48767814,-0.30724686,-0.40045053,-0.49245864,0.30091485,0.5989543,-0.20319389,0.42075834,0.4877007,-0.27422622,0.54923135,-0.60199165,0.02984595,-0.60613185
-0.20568785,-0.67717296,-0.2057114,0.32942963,-0.047520295,0.13042037,0.51991004,-0.05661459,-0.58312845,-0.11681021,-0.07154909,-0.6685593,-0.28671497,0.065802276
-0.29745656,0.39849287,0.18802163,-0.22477248,0.18576376,0.27038017,-0.609243,-0.23595527,0.5857046,0.58886653,0.70062053,0.26437053,-0.09632739,0.3561232
