"","sample","cluster","sil_width","n_neighbors","n_intra_cluster","frac_intra","mean_intra_dist"
"1","ADF.Cofilin.slide1_image1_left.2019_08_29",1,-0.000218267423534907,14,12,0.857142857142857,1.75768622133399
"2","ADF.Cofilin.slide1_image1_right.2019_08_29",1,-0.0873311983083841,23,13,0.565217391304348,1.52963050043403
"3","ADF.Cofilin.slide1_image10.2019_08_29",2,0.0608107502340879,30,26,0.866666666666667,1.39643304895505
"4","ADF.Cofilin.slide1_image11.2019_08_29",6,0.344778812113949,16,16,1,1.22556971142329
"5","ADF.Cofilin.slide1_image12_left.2019_08_29",4,-0.081507819787443,21,10,0.476190476190476,1.32412987890034
"6","ADF.Cofilin.slide1_image13.2019_08_29",6,0.21852578959388,17,16,0.941176470588235,1.3410259318854
"7","ADF.Cofilin.slide1_image14_left.2019_08_29",3,0.139273394141416,23,18,0.782608695652174,1.25741193810886
"8","ADF.Cofilin.slide1_image14_right.2019_08_29",5,0.160206715234132,18,10,0.555555555555556,1.22012701461327
"9","ADF.Cofilin.slide1_image15.2019_08_29",2,0.0610246892210464,14,13,0.928571428571429,1.53979541577945
"10","ADF.Cofilin.slide1_image16.2019_08_29",1,-0.0261277895485279,28,17,0.607142857142857,1.45156708886766
"11","ADF.Cofilin.slide1_image17_left.2019_08_29",1,-0.0139528893167098,20,12,0.6,1.38038464177988
"12","ADF.Cofilin.slide1_image17_right.2019_08_29",2,0.113660836189436,21,20,0.952380952380952,1.46450280413876
"13","ADF.Cofilin.slide1_image18_left.2019_08_29",5,0.033582736363861,14,14,1,1.38437048733555
"14","ADF.Cofilin.slide1_image18_right.2019_08_29",1,-0.0289463664074501,23,20,0.869565217391304,1.40878993136181
"15","ADF.Cofilin.slide1_image19_left.2019_08_29",3,0.0672904770363655,15,8,0.533333333333333,1.55508245797379
"16","ADF.Cofilin.slide1_image19_right.2019_08_29",2,0.0986161026572836,19,18,0.947368421052632,1.44673600247999
"17","ADF.Cofilin.slide1_image2_left.2019_08_29",4,0.0903283194044116,14,11,0.785714285714286,1.40121895688603
"18","ADF.Cofilin.slide1_image2_right.2019_08_29",4,0.131343665268209,19,16,0.842105263157895,1.29778581162621
"19","ADF.Cofilin.slide1_image20_left.2019_08_29",2,-0.0591413183016377,14,7,0.5,1.78886580068558
"20","ADF.Cofilin.slide1_image20_right.2019_08_29",5,0.313960914863847,23,22,0.956521739130435,1.1520520622757
"21","ADF.Cofilin.slide1_image21.2019_08_29",5,0.0603203617777648,17,15,0.882352941176471,1.41608320126199
"22","ADF.Cofilin.slide1_image23_left.2019_08_29",6,0.337946979103821,21,21,1,1.21751244561326
"23","ADF.Cofilin.slide1_image24.2019_08_29",4,0.206785857428934,21,20,0.952380952380952,1.29763737169671
"24","ADF.Cofilin.slide1_image25_left.2019_08_29",2,0.0282074732323933,15,7,0.466666666666667,1.65747672709331
"25","ADF.Cofilin.slide1_image25_right.2019_08_29",7,0.180706717904862,20,17,0.85,1.25625706398405
"26","ADF.Cofilin.slide1_image26_left.2019_08_29",4,0.116806322372585,18,17,0.944444444444444,1.39505340117685
"27","ADF.Cofilin.slide1_image27.2019_08_29",7,0.16770374840885,18,17,0.944444444444444,1.28111039300332
"28","ADF.Cofilin.slide1_image28_left.2019_08_29",3,-0.0287807446756383,29,17,0.586206896551724,1.30156201697218
"29","ADF.Cofilin.slide1_image28_right.2019_08_29",3,0.164658288111409,20,20,1,1.40970241040572
"30","ADF.Cofilin.slide1_image29.2019_08_29",5,0.0900567170878742,15,11,0.733333333333333,1.42958627755069
"31","ADF.Cofilin.slide1_image3.2019_08_29",7,0.186304186766554,27,21,0.777777777777778,1.21360022297928
"32","ADF.Cofilin.slide1_image30.2019_08_29",2,0.00744298235523242,68,39,0.573529411764706,1.15930928612514
"33","ADF.Cofilin.slide1_image31.2019_08_29",4,0.122145213900388,14,14,1,1.45625641228782
"34","ADF.Cofilin.slide1_image32.2019_08_29",6,0.214478366126851,22,18,0.818181818181818,1.23542213719878
"35","ADF.Cofilin.slide1_image34.2019_08_29",3,-0.0991193673375591,14,7,0.5,1.59166154896252
"36","ADF.Cofilin.slide1_image35.2019_08_29",6,0.268056931699903,31,29,0.935483870967742,1.06766298737917
"37","ADF.Cofilin.slide1_image36.2019_08_29",6,0.142147544393543,22,19,0.863636363636364,1.19251863726071
"38","ADF.Cofilin.slide1_image37.2019_08_29",6,0.171496010372272,23,17,0.739130434782609,1.15573725520056
"39","ADF.Cofilin.slide1_image38.2019_08_29",4,-0.100375058470902,19,19,1,1.30236999510407
"40","ADF.Cofilin.slide1_image39_left.2019_08_29",4,0.0802950387721611,17,12,0.705882352941177,1.3485331475608
"41","ADF.Cofilin.slide1_image39_right.2019_08_29",4,0.141697541498324,25,18,0.72,1.27173650543586
"42","ADF.Cofilin.slide1_image4_left.2019_08_29",8,0.458373535906832,16,16,1,0.82564019016426
"43","ADF.Cofilin.slide1_image4_right.2019_08_29",2,-0.0380607338346929,20,11,0.55,1.54424930420207
"44","ADF.Cofilin.slide1_image40_left.2019_08_29",1,-0.0233905828222091,16,15,0.9375,1.63557898950952
"45","ADF.Cofilin.slide1_image40_right.2019_08_29",3,-0.0640038872869064,21,11,0.523809523809524,1.6170450163089
"46","ADF.Cofilin.slide1_image41.2019_08_29",7,0.153674686756101,28,14,0.5,1.1974615389109
"47","ADF.Cofilin.slide1_image43.2019_08_29",2,-0.0295205741765003,15,14,0.933333333333333,1.53215264714744
"48","ADF.Cofilin.slide1_image44.2019_08_29",7,0.083171462959977,27,15,0.555555555555556,1.21419728475421
"49","ADF.Cofilin.slide1_image45_left.2019_08_29",8,0.497542640588291,19,18,0.947368421052632,0.781782902767314
"50","ADF.Cofilin.slide1_image45_right.2019_08_29",2,-0.054804074253209,27,17,0.62962962962963,1.50721559686913
"51","ADF.Cofilin.slide1_image46.2019_08_29",2,0.114192932027322,14,14,1,1.60739543588797
"52","ADF.Cofilin.slide1_image47.2019_08_29",5,0.204968129653251,19,14,0.736842105263158,1.27686601987936
"53","ADF.Cofilin.slide1_image48.2019_08_29",6,0.328188759325318,31,30,0.967741935483871,1.05907321008233
"54","ADF.Cofilin.slide1_image49.2019_08_29",2,0.0577233997662303,28,23,0.821428571428571,1.37014515640566
"55","ADF.Cofilin.slide1_image5_right.2019_08_29",7,0.0751502867234434,30,15,0.5,1.18370206971828
"56","ADF.Cofilin.slide1_image50.2019_08_29",6,0.210033512674524,15,14,0.933333333333333,1.40490281528126
"57","ADF.Cofilin.slide1_image51.2019_08_29",6,0.332139033829168,14,14,1,1.31375637841614
"58","ADF.Cofilin.slide1_image52_left.2019_08_29",6,0.374993883836486,56,54,0.964285714285714,0.983490227627691
"59","ADF.Cofilin.slide1_image52_right.2019_08_29",6,0.330534222058221,19,19,1,1.13191265104684
"60","ADF.Cofilin.slide1_image53_right.2019_08_29",4,-0.136612469780366,27,11,0.407407407407407,1.33173678399116
"61","ADF.Cofilin.slide1_image6.2019_08_29",2,0.115973460381637,14,14,1,1.72600225955577
"62","ADF.Cofilin.slide1_image7.2019_08_29",2,-0.0054112693139291,15,14,0.933333333333333,1.50577589971595
"63","ADF.Cofilin.slide1_image9.2019_08_29",6,0.320529708401617,29,28,0.96551724137931,1.0656658543576
"64","ADF.Cofilin.slide2_image1_left.2019_08_29",4,0.186828621721341,16,14,0.875,1.40398363548226
"65","ADF.Cofilin.slide2_image1_right.2019_08_29",4,-0.012361340866811,22,19,0.863636363636364,1.40122144263225
"66","ADF.Cofilin.slide2_image10.2019_08_29",6,0.20554534337305,16,14,0.875,1.27411721702537
"67","ADF.Cofilin.slide2_image11_left.2019_08_29",1,-0.057281063437898,15,7,0.466666666666667,1.72737603782994
"68","ADF.Cofilin.slide2_image11_right.2019_08_29",1,-0.03354997990932,14,13,0.928571428571429,1.6661853131352
"69","ADF.Cofilin.slide2_image13_left.2019_08_29",1,-0.09824821200575,23,16,0.695652173913043,1.46617529664049
"70","ADF.Cofilin.slide2_image13_right.2019_08_29",4,0.0866349845085072,19,19,1,1.42003354662472
"71","ADF.Cofilin.slide2_image14_left.2019_08_29",2,0.0718801361436752,14,13,0.928571428571429,1.53952095566021
"72","ADF.Cofilin.slide2_image14_right.2019_08_29",1,0.0431454416135604,52,43,0.826923076923077,1.27732807750182
"73","ADF.Cofilin.slide2_image15.2019_08_29",5,0.20500710949337,14,13,0.928571428571429,1.33661800700741
"74","ADF.Cofilin.slide2_image16.2019_08_29",7,0.262064016645368,18,17,0.944444444444444,1.27043474973264
"75","ADF.Cofilin.slide2_image17_left.2019_08_29",6,0.261547833597482,18,16,0.888888888888889,1.20591043767996
"76","ADF.Cofilin.slide2_image17_right.2019_08_29",6,0.37671784295832,30,30,1,1.02734360867953
"77","ADF.Cofilin.slide2_image18.2019_08_29",6,0.27217719094176,18,18,1,1.14878025284626
"78","ADF.Cofilin.slide2_image19.2019_08_29",4,0.188336693463535,17,17,1,1.41432729492805
"79","ADF.Cofilin.slide2_image2_left.2019_08_29",7,0.238297528806211,26,24,0.923076923076923,1.17242735937765
"80","ADF.Cofilin.slide2_image2_right.2019_08_29",1,-0.0133170217398347,17,15,0.882352941176471,1.46546828581874
"81","ADF.Cofilin.slide2_image20.2019_08_29",7,0.133207160062629,27,14,0.518518518518518,1.31600157718606
"82","ADF.Cofilin.slide2_image21.2019_08_29",6,0.152093196407664,14,13,0.928571428571429,1.48092231264019
"83","ADF.Cofilin.slide2_image22.2019_08_29",6,0.241151377173937,36,26,0.722222222222222,1.0441616721482
"84","ADF.Cofilin.slide2_image23_left.2019_08_29",5,0.109553838699389,15,10,0.666666666666667,1.48013860455086
"85","ADF.Cofilin.slide2_image23_right.2019_08_29",3,-0.0354571643915349,16,11,0.6875,1.52656059311478
"86","ADF.Cofilin.slide2_image25.2019_08_29",1,-0.012388141552206,19,12,0.631578947368421,1.49535967712274
"87","ADF.Cofilin.slide2_image26_left.2019_08_29",4,-0.02739231034576,14,14,1,1.65606520358054
"88","ADF.Cofilin.slide2_image27.2019_08_29",2,-0.0508069563392922,23,13,0.565217391304348,1.49783337228082
"89","ADF.Cofilin.slide2_image28.2019_08_29",2,-0.0159871225967406,26,13,0.5,1.50433512763885
"90","ADF.Cofilin.slide2_image29_right.2019_08_29",3,0.0889966191562877,19,10,0.526315789473684,1.41488561261139
"91","ADF.Cofilin.slide2_image30.2019_08_29",8,0.641104650879749,24,24,1,0.603916902359917
"92","ADF.Cofilin.slide2_image31_left.2019_08_29",1,-0.0248328360490643,14,12,0.857142857142857,1.62575189666437
"93","ADF.Cofilin.slide2_image32_left.2019_08_29",3,-0.0112021176161534,15,7,0.466666666666667,1.53770096705648
"94","ADF.Cofilin.slide2_image32_right.2019_08_29",4,0.105163959898234,17,17,1,1.34223529751624
"95","ADF.Cofilin.slide2_image33_left.2019_08_29",1,-0.0199650760135396,20,12,0.6,1.55092280729618
"96","ADF.Cofilin.slide2_image4_left.2019_08_29",6,0.0852093925505268,14,8,0.571428571428571,1.61015617352305
"97","ADF.Cofilin.slide2_image4_right.2019_08_29",2,-0.0711754564476073,25,13,0.52,1.4271452520041
"98","ADF.Cofilin.slide2_image5.2019_08_29",8,0.52704094672627,15,15,1,0.746727829044312
"99","ADF.Cofilin.slide2_image6.2019_08_29",5,0.0716283146422559,15,8,0.533333333333333,1.5008633153861
"100","ADF.Cofilin.slide2_image7.2019_08_29",6,0.216695580554217,48,38,0.791666666666667,1.02832751567129
"101","ADF.Cofilin.slide2_image8.2019_08_29",4,0.0675776718725642,14,14,1,1.56078109851371
"102","ADF.Cofilin.slide2_image9_left.2019_08_29",1,-0.0750848871665254,17,8,0.470588235294118,1.6785057048421
"103","ADF.Cofilin.slide2_image9_right.2019_08_29",1,0.00945009465860603,15,15,1,1.59615465145131
"104","Arhgef8.image1_left.2020_01_10",2,0.0483052458498143,25,19,0.76,1.40836070036295
"105","Arhgef8.image1_right.2020_01_10",1,0.0394737217612174,17,16,0.941176470588235,1.67260814494287
"106","Arhgef8.image10_left.2020_01_10",2,0.105745116255224,15,15,1,1.64146320184037
"107","Arhgef8.image10_right.2020_01_10",2,0.062708489732591,38,23,0.605263157894737,1.30991149558415
"108","Arhgef8.image11_left.2020_01_10",2,0.00462097183213809,35,19,0.542857142857143,1.34547738806787
"109","Arhgef8.image11_right.2020_01_10",1,-0.0112193285293052,24,11,0.458333333333333,1.46169212398855
"110","Arhgef8.image12.2020_01_10",1,-0.0113196824498836,19,12,0.631578947368421,1.56601956433487
"111","Arhgef8.image13_left.2020_01_10",2,-0.0813498109804597,14,6,0.428571428571429,1.78287525853254
"112","Arhgef8.image13_right.2020_01_10",3,0.0702485069036071,15,11,0.733333333333333,1.49645167872719
"113","Arhgef8.image14.2020_01_10",7,-0.0037765044810271,21,7,0.333333333333333,1.533050480572
"114","Arhgef8.image15.2020_01_10",5,-0.0108347997857381,14,5,0.357142857142857,1.46330932051475
"115","Arhgef8.image16.2020_01_10",5,0.0826148928709337,14,10,0.714285714285714,1.45908941206507
"116","Arhgef8.image17_left.2020_01_10",2,0.00510859592122404,14,10,0.714285714285714,1.63814419564072
"117","Arhgef8.image17_right.2020_01_10",2,0.0168036670161889,14,11,0.785714285714286,1.63523387669399
"118","Arhgef8.image18.2020_01_10",3,0.00644947172917168,14,9,0.642857142857143,1.86950306447485
"119","Arhgef8.image19.2020_01_10",3,0.0704880571444274,23,9,0.391304347826087,1.33695733466793
"120","Arhgef8.image2_left.2020_01_10",1,-0.0326751611838131,14,11,0.785714285714286,1.73283241190533
"121","Arhgef8.image2_right.2020_01_10",1,0.0345752038261459,25,20,0.8,1.40288843463647
"122","Arhgef8.image3_left.2020_01_10",2,-0.0664056822393679,28,16,0.571428571428571,1.42075235021517
"123","Arhgef8.image3_right.2020_01_10",1,0.0231480840193408,27,24,0.888888888888889,1.47713890971121
"124","Arhgef8.image4_left.2020_01_10",1,-0.177699761133127,15,9,0.6,1.71045950129923
"125","Arhgef8.image4_right.2020_01_10",3,0.123061396021144,14,11,0.785714285714286,1.46456892310746
"126","Arhgef8.image5.2020_01_10",2,-0.102180583266405,28,11,0.392857142857143,1.34572760044916
"127","Arhgef8.image6.2020_01_10",2,0.031506853467363,14,9,0.642857142857143,1.75093845346075
"128","Arhgef8.image7.2020_01_10",2,0.0233666183959089,18,14,0.777777777777778,1.48288707368338
"129","Arhgef8.image8.2020_01_10",3,0.183597274909019,23,20,0.869565217391304,1.27399967206664
"130","Arhgef8.image9.2020_01_10",2,-0.0544687242015145,20,12,0.6,1.6736043705605
"131","Arhgef8.nextpart_image1_left.2020_01_10",2,-0.0111928502302968,14,11,0.785714285714286,1.69423035639921
"132","Arhgef8.nextpart_image1_right.2020_01_10",2,-0.0735792354851583,18,12,0.666666666666667,1.60746971405366
"133","Arhgef8.nextpart_image10_left.2020_01_10",2,-0.092427803423991,14,8,0.571428571428571,1.69668563013106
"134","Arhgef8.nextpart_image10_right.2020_01_10",8,0.452246071384446,20,16,0.8,0.788537220964201
"135","Arhgef8.nextpart_image11.2020_01_10",7,0.109266855558327,15,8,0.533333333333333,1.46720734342961
"136","Arhgef8.nextpart_image12.2020_01_10",1,-0.0939936052404436,16,10,0.625,1.62590083940445
"137","Arhgef8.nextpart_image13_left.2020_01_10",5,0.169508232902959,16,15,0.9375,1.38997212940265
"138","Arhgef8.nextpart_image13_right.2020_01_10",2,0.00504528873345768,20,12,0.6,1.53499960908496
"139","Arhgef8.nextpart_image14.2020_01_10",2,0.0506785779940859,15,12,0.8,1.69405049242453
"140","Arhgef8.nextpart_image15.2020_01_10",2,0.0187896836789442,14,10,0.714285714285714,1.60271009168289
"141","Arhgef8.nextpart_image16.2020_01_10",2,-0.0284526585841949,14,10,0.714285714285714,1.61742050870275
"142","Arhgef8.nextpart_image2.2020_01_10",2,-0.023782261759666,22,17,0.772727272727273,1.38114568756751
"143","Arhgef8.nextpart_image3.2020_01_10",2,0.0157232228763394,15,13,0.866666666666667,1.42705253618882
"144","Arhgef8.nextpart_image4.2020_01_10",1,0.0258767946035857,21,20,0.952380952380952,1.49720492049771
"145","Arhgef8.nextpart_image5.2020_01_10",1,0.0289203003656468,19,8,0.421052631578947,1.55048302856253
"146","Arhgef8.nextpart_image6_left.2020_01_10",2,-0.0533837100698073,17,8,0.470588235294118,1.52075397046644
"147","Arhgef8.nextpart_image6_right.2020_01_10",5,0.19628122352115,14,12,0.857142857142857,1.46273874969386
"148","Arhgef8.nextpart_image7_left.2020_01_10",1,-0.0133847233593599,23,17,0.739130434782609,1.48624450731514
"149","Arhgef8.nextpart_image7_right.2020_01_10",2,0.0280291616718339,14,10,0.714285714285714,1.57382327733717
"150","Arhgef8.nextpart_image8.2020_01_10",3,0.0643601203593962,27,12,0.444444444444444,1.36989106631724
"151","Arhgef8.nextpart_image9_left.2020_01_10",6,-0.0383946155736608,16,8,0.5,1.41107398683696
"152","Arhgef8.nextpart_image9_right.2020_01_10",2,-0.0518085939106394,21,16,0.761904761904762,1.6444919511196
"153","BMP.slide1_image10.2020_11_05",5,0.122742098292327,22,8,0.363636363636364,1.1874960339507
"154","BMP.slide1_image11_left.2020_11_04",1,0.0243048572636372,19,11,0.578947368421053,1.53872158209656
"155","BMP.slide1_image11_right.2020_11_04",5,0.268543070933338,18,18,1,1.25715844432262
"156","BMP.slide1_image12.2020_11_04",4,0.124176410199401,36,21,0.583333333333333,1.30437109734705
"157","BMP.slide1_image13.2020_11_04",4,-0.0690284565191918,19,17,0.894736842105263,1.42206871660385
"158","BMP.slide1_image13.2020_11_05",5,0.0914783680359357,14,7,0.5,1.47119436271922
"159","BMP.slide1_image17.2020_11_05",1,0.0895849994446897,14,13,0.928571428571429,1.51467469545398
"160","BMP.slide1_image18_right.2020_11_04",1,0.105520479547876,22,22,1,1.47413874190609
"161","BMP.slide1_image19_left.2020_11_05",5,0.209097370982172,22,17,0.772727272727273,1.19790784909281
"162","BMP.slide1_image19_right.2020_11_05",2,-0.00257234634210719,58,46,0.793103448275862,1.21898748869877
"163","BMP.slide1_image19.2020_11_04",8,0.617407919866417,15,15,1,0.636730506274784
"164","BMP.slide1_image2.2020_11_05",4,0.199714342330362,14,14,1,1.47854797583728
"165","BMP.slide1_image20.2020_11_05",8,0.331760227919913,24,12,0.5,0.893339941548537
"166","BMP.slide1_image21_left.2020_11_04",2,-0.0529213327306761,26,19,0.730769230769231,1.42237711372093
"167","BMP.slide1_image21.2020_11_05",5,0.152867958324162,14,13,0.928571428571429,1.45538198611835
"168","BMP.slide1_image24.2020_11_04",1,0.0424812247037608,21,17,0.80952380952381,1.44083332242272
"169","BMP.slide1_image24.2020_11_05",4,0.235745712579524,14,14,1,1.51062969396003
"170","BMP.slide1_image25_left.2020_11_05",4,0.121497128656493,22,12,0.545454545454545,1.37873335799789
"171","BMP.slide1_image28_left.2020_11_05",5,0.182495509183243,44,23,0.522727272727273,1.09440041064309
"172","BMP.slide1_image28_right.2020_11_05",1,0.0495445528954803,16,13,0.8125,1.61484807175817
"173","BMP.slide1_image3.2020_11_04",2,0.0620712891646319,17,11,0.647058823529412,1.51689831059786
"174","BMP.slide1_image4.2020_11_04",1,0.103885911519162,15,15,1,1.56946219799039
"175","BMP.slide1_image6.2020_11_05",2,0.0172158802971774,15,10,0.666666666666667,1.60111828651825
"176","BMP.slide1_image8_left.2020_11_04",7,-0.0243974849489371,19,4,0.210526315789474,1.58965839974317
"177","BMP.slide1_image8_right.2020_11_04",1,0.0200953642798944,42,30,0.714285714285714,1.31282333373428
"178","BMP.slide1_image9.2020_11_05",2,0.0636647579228917,21,12,0.571428571428571,1.4309930066236
"179","BMP.slide2_image10_left.2020_11_04",1,0.00519193109466249,21,17,0.80952380952381,1.5000013171417
"180","BMP.slide2_image10_right.2020_11_04",4,0.178842923185824,16,16,1,1.53877651160733
"181","BMP.slide2_image10.2020_11_05",8,0.589149962085298,15,15,1,0.72180061051896
"182","BMP.slide2_image12_left.2020_11_04",2,0.090785131996895,27,23,0.851851851851852,1.37589433002512
"183","BMP.slide2_image12_right.2020_11_04",1,0.00179616846626095,48,35,0.729166666666667,1.25642780906031
"184","BMP.slide2_image13.2020_11_04",5,0.220240104739402,14,14,1,1.33891467779241
"185","BMP.slide2_image15_left.2020_11_04",4,0.180428682611614,23,21,0.91304347826087,1.34146929889148
"186","BMP.slide2_image15_right.2020_11_04",1,-0.0607281540029419,14,10,0.714285714285714,1.63936600582861
"187","BMP.slide2_image18_left.2020_11_05",1,-0.0114306286800212,26,15,0.576923076923077,1.41672026747254
"188","BMP.slide2_image18_right.2020_11_05",1,-0.0295423280221361,28,17,0.607142857142857,1.42456368268333
"189","BMP.slide2_image2_left.2020_11_05",5,0.132085549777853,14,13,0.928571428571429,1.37505458536171
"190","BMP.slide2_image2_right.2020_11_05",4,0.202209852151794,23,23,1,1.34269015698968
"191","BMP.slide2_image2.2020_11_04",4,0.135447437995763,15,15,1,1.41163718875535
"192","BMP.slide2_image20.2020_11_05",4,-0.0580005190353431,15,5,0.333333333333333,1.59472964999939
"193","BMP.slide2_image22_left.2020_11_04",1,0.0685304248889626,14,11,0.785714285714286,1.59186768025681
"194","BMP.slide2_image22_right.2020_11_04",4,-0.0317568237629801,16,12,0.75,1.33096805007553
"195","BMP.slide2_image23.2020_11_04",2,0.0623953509987167,14,12,0.857142857142857,1.61142134546383
"196","BMP.slide2_image24.2020_11_05",1,-0.0188463068781516,17,8,0.470588235294118,1.50817951975272
"197","BMP.slide2_image25_left.2020_11_05",1,-0.0329394356775775,15,11,0.733333333333333,1.67039640969556
"198","BMP.slide2_image25_right.2020_11_05",5,0.271775992227467,17,16,0.941176470588235,1.24742805611913
"199","BMP.slide2_image26_right.2020_11_05",4,0.204495883503587,24,23,0.958333333333333,1.33717677996036
"200","BMP.slide2_image27.2020_11_04",4,0.210371977799144,15,15,1,1.38372396464205
"201","BMP.slide2_image28.2020_11_05",1,-0.0936992530847626,19,9,0.473684210526316,1.55759311637319
"202","BMP.slide2_image31.2020_11_04",1,0.0881452433886593,15,12,0.8,1.50904429578175
"203","BMP.slide2_image34.2020_11_04",8,0.659391953677301,22,22,1,0.599049730006163
"204","BMP.slide2_image35.2020_11_04",8,0.612020598189731,23,23,1,0.640076783056887
"205","BMP.slide2_image4.2020_11_04",1,-0.0172663622164083,51,28,0.549019607843137,1.34184377892053
"206","BMP.slide2_image5.2020_11_04",1,0.07392713152569,16,14,0.875,1.54815503492384
"207","BMP.slide2_image7.2020_11_04",8,0.628965667159733,20,19,0.95,0.601204477163426
"208","BMP.slide2_image8_right.2020_11_05",4,0.205544695772974,17,17,1,1.38618617489942
"209","Col9a1.image1.2020_07_23",3,0.129594308580486,19,17,0.894736842105263,1.29126347495721
"210","Col9a1.image12_left.2020_07_23",6,0.111278134464655,14,10,0.714285714285714,1.43476643026271
"211","Col9a1.image12_right.2020_07_23",3,0.0553343881349706,45,26,0.577777777777778,1.19505980530193
"212","Col9a1.image13.2020_07_23",7,0.207777823144598,14,13,0.928571428571429,1.27035670615199
"213","Col9a1.image14.2020_07_23",8,0.579651311626449,18,18,1,0.697417500361375
"214","Col9a1.image15.2020_07_23",3,-0.0371635002435892,16,13,0.8125,1.54017668615732
"215","Col9a1.image16_left.2020_07_23",3,0.137855855893379,17,14,0.823529411764706,1.33559420492544
"216","Col9a1.image16_right.2020_07_23",3,0.20764772639285,25,25,1,1.25689228833795
"217","Col9a1.image17_left.2020_07_23",3,0.165849552032101,17,16,0.941176470588235,1.39976683818529
"218","Col9a1.image18_left.2020_07_23",4,0.064287738941909,21,17,0.80952380952381,1.3663198797153
"219","Col9a1.image18_right.2020_07_23",1,0.0477054149519951,14,13,0.928571428571429,1.74204152564066
"220","Col9a1.image19_left.2020_07_23",5,0.209606578811674,17,15,0.882352941176471,1.26791427035261
"221","Col9a1.image19_right.2020_07_23",6,0.244410224363485,28,22,0.785714285714286,1.14127165868193
"222","Col9a1.image20.2020_07_23",4,0.10816297112485,20,20,1,1.28410499333641
"223","Col9a1.image3_left.2020_07_23",3,0.16650819110991,29,28,0.96551724137931,1.29173609541156
"224","Col9a1.image5_left.2020_07_23",3,0.0873759297049487,22,17,0.772727272727273,1.37554339974062
"225","Col9a1.image5_right.2020_07_23",3,0.0437594170244863,15,12,0.8,1.55698725703605
"226","Col9a1.image7.2020_07_23",4,0.0659584450923286,14,12,0.857142857142857,1.56669927647808
"227","Col9a1.image8.2020_07_23",7,0.123401011957815,14,10,0.714285714285714,1.53210538929412
"228","Daam.slide1_image1_left.2019_08_29",2,-0.062492055433595,16,9,0.5625,1.65809892377263
"229","Daam.slide1_image10.2019_08_29",6,0.108999056902554,16,14,0.875,1.24517899096211
"230","Daam.slide1_image11.2019_08_29",2,0.0398444305816036,24,16,0.666666666666667,1.5018111919694
"231","Daam.slide1_image13.2019_08_29",2,-0.0729472223404317,16,7,0.4375,1.56579598678765
"232","Daam.slide1_image14_left.2019_08_29",5,0.0851682213305525,17,8,0.470588235294118,1.33777655739195
"233","Daam.slide1_image14_right.2019_08_29",2,-0.00021670638483644,22,18,0.818181818181818,1.40280346274181
"234","Daam.slide1_image15.2019_08_29",6,0.255606692823342,35,30,0.857142857142857,1.05836966625593
"235","Daam.slide1_image16_right.2019_08_29",7,0.0957356643368529,17,9,0.529411764705882,1.4167183178142
"236","Daam.slide1_image17_left.2019_08_29",2,-0.00916295262624143,14,7,0.5,1.94972156511267
"237","Daam.slide1_image17_right.2019_08_29",2,-0.0146357452348656,15,10,0.666666666666667,1.55639411343758
"238","Daam.slide1_image18_left.2019_08_29",8,0.658646631259669,21,21,1,0.558590649651602
"239","Daam.slide1_image18_right.2019_08_29",4,0.146231179691752,25,25,1,1.37184286009475
"240","Daam.slide1_image19_left.2019_08_29",6,0.223563906870405,22,22,1,1.11981505846472
"241","Daam.slide1_image19_right.2019_08_29",1,-0.115994941960829,15,9,0.6,1.58829454025294
"242","Daam.slide1_image2_right.2019_08_29",2,0.0524350075180049,31,26,0.838709677419355,1.33259034070549
"243","Daam.slide1_image20_left.2019_08_29",6,0.297125595158644,17,17,1,1.30635171243944
"244","Daam.slide1_image21.2019_08_29",7,0.0293827777346685,22,9,0.409090909090909,1.36076213743964
"245","Daam.slide1_image23.2019_08_29",2,0.0831955092066359,14,10,0.714285714285714,1.49180037258112
"246","Daam.slide1_image24_left.2019_08_29",4,0.100885024091837,14,14,1,1.66264968353044
"247","Daam.slide1_image24_right.2019_08_29",4,0.130993337161837,17,17,1,1.40753548429009
"248","Daam.slide1_image25.2019_08_29",2,0.0847307352428957,18,16,0.888888888888889,1.39654982508243
"249","Daam.slide1_image26_left.2019_08_29",7,0.134390952441798,14,8,0.571428571428571,1.51479459270062
"250","Daam.slide1_image26_right.2019_08_29",1,0.103363672467597,14,11,0.785714285714286,1.84334509203543
"251","Daam.slide1_image28.2019_08_29",1,0.0727321314825513,34,32,0.941176470588235,1.30345742308977
"252","Daam.slide1_image29_left.2019_08_29",4,0.196387615896478,15,15,1,1.45832794484618
"253","Daam.slide1_image29_right.2019_08_29",7,0.0761756624412664,22,15,0.681818181818182,1.26588515882704
"254","Daam.slide1_image30.2019_08_29",6,0.368242827934202,35,35,1,1.02439281209352
"255","Daam.slide1_image31_left.2019_08_29",8,0.562060208985455,16,16,1,0.733221104994124
"256","Daam.slide1_image31_right.2019_08_29",2,-0.0332340295205774,28,23,0.821428571428571,1.44039568999052
"257","Daam.slide1_image32.2019_08_29",5,0.050284379574535,23,11,0.478260869565217,1.44709369937718
"258","Daam.slide1_image4_left.2019_08_29",6,0.051774799475359,16,9,0.5625,1.52287527898776
"259","Daam.slide1_image5_left.2019_08_29",2,0.00250994323307401,28,19,0.678571428571429,1.45385673297957
"260","Daam.slide1_image5_right.2019_08_29",4,0.139976742376948,16,16,1,1.45614300966424
"261","Daam.slide1_image7_left.2019_08_29",6,0.147030054459504,19,14,0.736842105263158,1.20922621694267
"262","Daam.slide1_image7_right.2019_08_29",1,-0.0252888564185204,15,12,0.8,1.5808612852799
"263","Daam.slide1_image8_left.2019_08_29",2,0.0485418633263775,15,12,0.8,1.59517238721068
"264","Daam.slide1_image9.2019_08_29",6,0.312115428255278,31,31,1,1.04035252221724
"265","Daam.slide2_image10_left.2019_08_29",2,0.0799057009438444,16,14,0.875,1.56521619386813
"266","Daam.slide2_image10_right.2019_08_29",8,0.616207060606498,23,23,1,0.640757096843951
"267","Daam.slide2_image11.2019_08_29",7,0.236988697112194,23,20,0.869565217391304,1.212968907501
"268","Daam.slide2_image12.2019_08_29",1,-0.0081300153905172,16,8,0.5,1.57726956075274
"269","Daam.slide2_image13.2019_08_29",7,0.116755512986735,19,13,0.684210526315789,1.24842633987209
"270","Daam.slide2_image14_left.2019_08_29",6,0.220453574908361,17,16,0.941176470588235,1.34118707986331
"271","Daam.slide2_image14_right.2019_08_29",6,0.338778368250621,15,15,1,1.31473588474488
"272","Daam.slide2_image15.2019_08_29",2,-0.00189584197487227,25,17,0.68,1.35552991587532
"273","Daam.slide2_image16_left.2019_08_29",6,0.351731911597384,20,20,1,1.12242203496732
"274","Daam.slide2_image16_right.2019_08_29",6,0.294563853246387,16,16,1,1.29367440578616
"275","Daam.slide2_image17_left.2019_08_29",6,0.272495421662621,18,18,1,1.23522933360327
"276","Daam.slide2_image17_right.2019_08_29",6,0.314390182038164,25,24,0.96,1.14802923827944
"277","Daam.slide2_image19_left.2019_08_29",6,0.350808102807801,25,24,0.96,1.09642730672559
"278","Daam.slide2_image19_right.2019_08_29",6,0.282015011490888,20,20,1,1.25228185321193
"279","Daam.slide2_image2_left.2019_08_29",8,0.662392206267395,19,19,1,0.587398803194887
"280","Daam.slide2_image2_right.2019_08_29",6,0.229703613854999,16,16,1,1.2168232865164
"281","Daam.slide2_image20_right.2019_08_29",5,0.0198540981751495,17,10,0.588235294117647,1.59865501272795
"282","Daam.slide2_image21.2019_08_29",7,0.23341794033091,23,20,0.869565217391304,1.24259358490942
"283","Daam.slide2_image22.2019_08_29",1,-0.0873078589343994,24,12,0.5,1.48980705608387
"284","Daam.slide2_image23.2019_08_29",5,0.194125078087079,14,13,0.928571428571429,1.35237205540983
"285","Daam.slide2_image26_right.2019_08_29",2,0.000568116441864458,17,8,0.470588235294118,1.51324778140552
"286","Daam.slide2_image27_left.2019_08_29",1,-0.00505989610843496,28,18,0.642857142857143,1.44214893871176
"287","Daam.slide2_image27_right.2019_08_29",8,0.652322334676215,23,23,1,0.557785033563424
"288","Daam.slide2_image3.2019_08_29",6,0.252392105964929,14,14,1,1.44408633516366
"289","Daam.slide2_image30.2019_08_29",4,0.169762141403034,15,15,1,1.43438555206604
"290","Daam.slide2_image31.2019_08_29",4,0.0198919740934827,21,21,1,1.34315073220512
"291","Daam.slide2_image4_left.2019_08_29",7,0.188295973353395,19,15,0.789473684210526,1.21019467327053
"292","Daam.slide2_image5.2019_08_29",1,-0.0179374083832742,14,11,0.785714285714286,1.77290279449529
"293","Daam.slide2_image7.2019_08_29",3,0.113333179050346,16,15,0.9375,1.42784925597879
"294","Ddr.image1_left.2020_07_23",3,-0.00563454466684809,18,13,0.722222222222222,1.44505434313297
"295","Ddr.image1_left.2020_07_23.1",6,0.174699439134124,19,17,0.894736842105263,1.20191466464433
"296","Ddr.image1_right.2020_07_23",3,0.0552931344752714,16,9,0.5625,1.41592392116211
"297","Ddr.image1_right.2020_07_23.1",6,0.302905883384602,37,37,1,1.05971437663429
"298","Ddr.image10.2020_07_23",5,0.0176435296903029,14,4,0.285714285714286,1.64835534029279
"299","Ddr.image11.2020_07_23",4,0.0161785870279312,15,10,0.666666666666667,1.55503523120026
"300","Ddr.image12.2020_07_23",3,0.0735770927624746,14,9,0.642857142857143,1.57882817586929
"301","Ddr.image13_left.2020_07_23",1,-0.0187959743642848,18,11,0.611111111111111,1.57819778806492
"302","Ddr.image13_right.2020_07_23",6,0.232503461037295,21,18,0.857142857142857,1.19241460310242
"303","Ddr.image2_left.2020_07_23",4,0.170305728260441,17,16,0.941176470588235,1.38979218206754
"304","Ddr.image2_right.2020_07_23",3,0.124239893371709,16,15,0.9375,1.43760348656244
"305","Ddr.image2.2020_07_23",1,-0.0163330170754269,14,14,1,1.62313872640316
"306","Ddr.image3_left.2020_07_23",1,0.0367413109227136,18,13,0.722222222222222,1.54030502073541
"307","Ddr.image3_right.2020_07_23",3,0.0275903659518429,14,6,0.428571428571429,1.52176996604814
"308","Ddr.image3.2020_07_23",1,-0.0397616284863287,14,7,0.5,1.63870580238129
"309","Ddr.image4.2020_07_23",3,0.0199183177122077,14,8,0.571428571428571,1.63766927026024
"310","Ddr.image4.2020_07_23.1",3,0.0875336015635641,16,14,0.875,1.39997072390994
"311","Ddr.image5_left.2020_07_23",6,0.300361966905601,21,18,0.857142857142857,1.12483660570683
"312","Ddr.image6_left.2020_07_23",3,0.0608042653738105,28,11,0.392857142857143,1.39789900178019
"313","Ddr.image7.2020_07_23",3,0.161559203837308,16,13,0.8125,1.47113000498439
"314","Ddr.image7.2020_07_23.1",3,0.125460182710875,33,28,0.848484848484849,1.26844502084305
"315","Ddr.image9_right.2020_07_23",1,-0.0432824491241313,15,9,0.6,1.52299278719074
"316","Depdc.image1_left.2020_06_17",8,0.528570911472706,15,15,1,0.794069530584695
"317","Depdc.image1_right.2020_06_17",1,-0.121783846106622,16,7,0.4375,1.72414000724295
"318","Depdc.image1.2020_01_10",2,0.0919936735961722,20,14,0.7,1.45500520381467
"319","Depdc.image1.2020_06_17",4,0.112223944841061,22,22,1,1.30988297903553
"320","Depdc.image10.2020_01_10",2,0.144347314443466,21,20,0.952380952380952,1.42371487013267
"321","Depdc.image11_left.2020_01_10",1,0.0381116652373905,14,8,0.571428571428571,1.65266329849284
"322","Depdc.image11_right.2020_01_10",2,0.0942098002111146,20,17,0.85,1.4992259606698
"323","Depdc.image12.2020_01_10",1,-0.0296012208486036,22,10,0.454545454545455,1.50861760535046
"324","Depdc.image13.2020_01_10",2,0.0567961399702819,14,8,0.571428571428571,1.70991182458588
"325","Depdc.image14_left.2020_01_10",2,-0.00722979045927589,19,13,0.684210526315789,1.54125611936642
"326","Depdc.image14_right.2020_01_10",2,0.111605392972918,16,16,1,1.65574447866019
"327","Depdc.image15_left.2020_01_10",2,0.0471918005758728,16,12,0.75,1.59529727407024
"328","Depdc.image15_right.2020_01_10",6,0.241620476226586,41,40,0.975609756097561,1.00708990879769
"329","Depdc.image16_left.2020_01_10",2,0.0562816919524201,14,11,0.785714285714286,1.66586319490874
"330","Depdc.image16_right.2020_01_10",1,0.000550021275693251,16,10,0.625,1.59390349997647
"331","Depdc.image17_left.2020_01_10",2,-0.0143298062298089,14,9,0.642857142857143,1.6621618788406
"332","Depdc.image17_right.2020_01_10",2,0.0413863870030658,14,10,0.714285714285714,1.60149818385091
"333","Depdc.image18_left.2020_01_10",5,0.120171230815369,18,11,0.611111111111111,1.24440369440473
"334","Depdc.image18_right.2020_01_10",2,0.0777617246670842,16,14,0.875,1.497778405755
"335","Depdc.image19_left.2020_01_10",8,0.417292114553111,14,14,1,0.943778048074716
"336","Depdc.image19_right.2020_01_10",2,0.0710890859878964,31,26,0.838709677419355,1.40454188322835
"337","Depdc.image2_left.2020_01_10",5,0.212217254408383,16,15,0.9375,1.27742034375981
"338","Depdc.image2_left.2020_06_17",5,0.208136490031407,14,14,1,1.23611355357679
"339","Depdc.image2_right.2020_01_10",1,0.0321039301027184,31,24,0.774193548387097,1.42261166536637
"340","Depdc.image2_right.2020_06_17",5,0.209008496855238,14,14,1,1.35975308906189
"341","Depdc.image2.2020_06_17",3,0.159338905533198,30,23,0.766666666666667,1.25875911250097
"342","Depdc.image20_left.2020_01_10",2,0.0829533186395256,16,13,0.8125,1.58402202196375
"343","Depdc.image20_right.2020_01_10",1,-0.0399763854975633,31,16,0.516129032258065,1.46752712258386
"344","Depdc.image21.2020_01_10",2,0.0743682862603242,20,16,0.8,1.47737625241008
"345","Depdc.image22_left.2020_01_10",1,0.0715088830096984,32,27,0.84375,1.37341089778501
"346","Depdc.image22_right.2020_01_10",2,-0.089589992047561,15,6,0.4,1.68060992442507
"347","Depdc.image3_right.2020_06_17",5,0.116060757089761,16,7,0.4375,1.2502055395404
"348","Depdc.image3.2020_01_10",1,0.0344220718604319,58,52,0.896551724137931,1.21637622522435
"349","Depdc.image3.2020_06_17",3,0.102258652697914,31,25,0.806451612903226,1.21142060104219
"350","Depdc.image4_left.2020_06_17",2,-0.0523697753043746,55,31,0.563636363636364,1.26777375777124
"351","Depdc.image4_right.2020_06_17",5,0.192646772711985,24,23,0.958333333333333,1.23711832166145
"352","Depdc.image4.2020_01_10",2,0.0445815219274742,17,10,0.588235294117647,1.53705937272804
"353","Depdc.image5_left.2020_01_10",2,0.0498374245058492,17,15,0.882352941176471,1.60312938730004
"354","Depdc.image5_right.2020_01_10",1,0.0840690411395041,17,16,0.941176470588235,1.50657946576706
"355","Depdc.image5.2020_06_17",4,0.125837922701402,17,15,0.882352941176471,1.47560641412877
"356","Depdc.image6_left.2020_06_17",4,0.119159550542982,15,12,0.8,1.44000380528236
"357","Depdc.image6_right.2020_06_17",3,0.128605520894113,20,17,0.85,1.33914688357262
"358","Depdc.image6.2020_01_10",1,-0.0210553477015005,29,15,0.517241379310345,1.45113738756125
"359","Depdc.image6.2020_06_17",8,0.581187850200123,16,16,1,0.691252135134939
"360","Depdc.image7_left.2020_01_10",1,0.136709290580109,34,32,0.941176470588235,1.27414796756324
"361","Depdc.image7_right.2020_01_10",2,0.00535985335544948,24,12,0.5,1.44846884843456
"362","Depdc.image7_right.2020_06_17",3,0.171082378287853,24,20,0.833333333333333,1.26020480595491
"363","Depdc.image8_left.2020_01_10",2,-0.0109119110461659,14,12,0.857142857142857,1.50608150090957
"364","Depdc.image8_left.2020_06_17",5,0.265604717354705,18,17,0.944444444444444,1.197368017786
"365","Depdc.image8_right.2020_01_10",2,0.016814380830191,14,11,0.785714285714286,1.71694926184788
"366","Depdc.image8_right.2020_06_17",2,-0.0771896900909113,17,6,0.352941176470588,1.6269490584586
"367","Depdc.image9_left.2020_01_10",2,0.12059656023298,28,27,0.964285714285714,1.42961144814286
"368","Depdc.image9_right.2020_01_10",2,0.00746234096267672,18,9,0.5,1.64595227138019
"369","Depdc.slide1_image1.2020_02_06",1,0.0279987200757301,15,10,0.666666666666667,1.67559368493114
"370","Depdc.slide1_image1.2020_10_06",1,0.0213552188869186,16,11,0.6875,1.60519966493514
"371","Depdc.slide1_image10.2019_08_29",2,0.0316389130376792,14,9,0.642857142857143,1.64711020041376
"372","Depdc.slide1_image10.2020_02_06",2,0.0851857188385439,33,23,0.696969696969697,1.33826616076613
"373","Depdc.slide1_image11.2019_08_29",3,0.1304157164808,29,27,0.931034482758621,1.31937768688546
"374","Depdc.slide1_image11.2020_02_06",2,0.0146058259101072,15,10,0.666666666666667,1.60359086713162
"375","Depdc.slide1_image12.2019_08_29",2,-0.00522306503593691,17,14,0.823529411764706,1.55793848856844
"376","Depdc.slide1_image12.2020_02_06",1,-0.0856559565145494,14,5,0.357142857142857,1.58967424484429
"377","Depdc.slide1_image13.2019_08_29",2,-0.137689073012405,22,15,0.681818181818182,1.45414176178809
"378","Depdc.slide1_image13.2020_02_06",2,0.0855176940486411,16,12,0.75,1.52958721716736
"379","Depdc.slide1_image14_left.2019_08_29",1,0.00187152940823151,14,7,0.5,1.65950297236281
"380","Depdc.slide1_image14_right.2019_08_29",3,0.0767367309073424,14,10,0.714285714285714,1.63222349275946
"381","Depdc.slide1_image14.2020_02_06",2,0.149259549340245,15,15,1,1.57679561884178
"382","Depdc.slide1_image15_left.2020_02_06",1,-0.0559797483136673,25,15,0.6,1.43650634160216
"383","Depdc.slide1_image15_right.2020_02_06",2,0.0507439724224178,14,13,0.928571428571429,1.74801795039038
"384","Depdc.slide1_image15.2019_08_29",1,-0.0785996618768938,19,13,0.684210526315789,1.53524511578175
"385","Depdc.slide1_image16_left.2019_08_29",1,-0.034343300777382,14,8,0.571428571428571,1.71874468441378
"386","Depdc.slide1_image16_left.2020_02_06",3,0.204949922507709,18,17,0.944444444444444,1.33365429049897
"387","Depdc.slide1_image16_right.2019_08_29",3,0.125270224801936,20,18,0.9,1.39646377528705
"388","Depdc.slide1_image16_right.2020_02_06",2,0.0440800418096708,18,14,0.777777777777778,1.39655961698448
"389","Depdc.slide1_image17_left.2020_02_06",1,0.0351188877064781,62,49,0.790322580645161,1.27064258088125
"390","Depdc.slide1_image17_right.2020_02_06",2,-0.077870850572944,15,6,0.4,1.61301902166368
"391","Depdc.slide1_image17.2019_08_29",2,0.0843485478760981,26,24,0.923076923076923,1.4267751268172
"392","Depdc.slide1_image18_left.2020_02_06",1,0.0479787140313577,15,13,0.866666666666667,1.64112678532377
"393","Depdc.slide1_image18_right.2020_02_06",2,0.0771827042208501,15,9,0.6,1.64773325533425
"394","Depdc.slide1_image18.2019_08_29",2,0.0790256274508003,16,16,1,1.49385300502821
"395","Depdc.slide1_image19_left.2020_02_06",1,0.0109417481637759,24,15,0.625,1.49047593424118
"396","Depdc.slide1_image19_right.2020_02_06",7,0.148953715069834,30,8,0.266666666666667,1.19491381573453
"397","Depdc.slide1_image19.2019_08_29",1,-0.0543778234002922,14,7,0.5,1.64379111042366
"398","Depdc.slide1_image2.2020_02_06",1,0.0139905211032407,25,21,0.84,1.51443440535524
"399","Depdc.slide1_image2.2020_10_06",2,-0.0581452111482386,21,12,0.571428571428571,1.50864016817998
"400","Depdc.slide1_image20_left.2019_08_29",2,0.0968443165066122,24,22,0.916666666666667,1.382258891668
"401","Depdc.slide1_image20_left.2020_02_06",3,-0.000938678320343789,25,12,0.48,1.38305217470359
"402","Depdc.slide1_image20_right.2019_08_29",2,0.140105523449341,21,21,1,1.54207557476645
"403","Depdc.slide1_image20_right.2020_02_06",1,-0.00232069681970404,15,12,0.8,1.62501077550735
"404","Depdc.slide1_image21_left.2019_08_29",3,0.102131274404792,21,10,0.476190476190476,1.41834877958599
"405","Depdc.slide1_image21_right.2019_08_29",3,0.0335789934868938,15,7,0.466666666666667,1.6609803486687
"406","Depdc.slide1_image22.2019_08_29",2,0.0945354628891387,21,18,0.857142857142857,1.43761180973038
"407","Depdc.slide1_image23_right.2019_08_29",1,-0.0425066437813283,24,15,0.625,1.44763790345934
"408","Depdc.slide1_image24_left.2019_08_29",2,0.0607918603716437,15,10,0.666666666666667,1.50421720745951
"409","Depdc.slide1_image24_right.2019_08_29",3,0.0437427516401366,15,11,0.733333333333333,1.60992233148775
"410","Depdc.slide1_image25_left.2019_08_29",1,-0.0819620702679612,27,17,0.62962962962963,1.55876244748565
"411","Depdc.slide1_image25_right.2019_08_29",2,-0.0417827578593362,16,8,0.5,1.60574888940836
"412","Depdc.slide1_image3_left.2019_08_29",2,0.0945670785073766,21,20,0.952380952380952,1.52651452431726
"413","Depdc.slide1_image3_left.2020_10_06",1,0.0244043516499856,15,12,0.8,1.45393061232146
"414","Depdc.slide1_image3_right.2019_08_29",2,0.109365941785782,28,28,1,1.39193880645505
"415","Depdc.slide1_image3_right.2020_10_06",1,0.00724974947095096,14,8,0.571428571428571,1.669412581993
"416","Depdc.slide1_image3.2020_02_06",3,0.0655461276921043,15,14,0.933333333333333,1.59932282665222
"417","Depdc.slide1_image4_left.2020_02_06",1,-0.0819193330478341,15,9,0.6,1.67200489379187
"418","Depdc.slide1_image4_right.2020_02_06",3,-0.0401612888231505,15,10,0.666666666666667,1.73283454528494
"419","Depdc.slide1_image4.2019_08_29",3,0.0961500747206996,19,12,0.631578947368421,1.32267815023309
"420","Depdc.slide1_image4.2020_10_06",3,0.0815426586158452,24,16,0.666666666666667,1.37415134821976
"421","Depdc.slide1_image5_right.2020_10_06",2,-0.00922866039744707,23,12,0.521739130434783,1.57816785488909
"422","Depdc.slide1_image5.2019_08_29",2,0.0706669871105407,31,22,0.709677419354839,1.33574439273292
"423","Depdc.slide1_image5.2020_02_06",2,0.0373857819786836,19,14,0.736842105263158,1.52739176695055
"424","Depdc.slide1_image6.2019_08_29",3,0.0463235027016274,17,13,0.764705882352941,1.48747921952408
"425","Depdc.slide1_image6.2020_02_06",1,0.0548429688261486,69,61,0.884057971014493,1.19312292619257
"426","Depdc.slide1_image6.2020_10_06",2,-0.0155405852798715,16,8,0.5,1.62962262644812
"427","Depdc.slide1_image7_left.2020_02_06",1,0.00222356007849718,36,20,0.555555555555556,1.35135912695095
"428","Depdc.slide1_image7_left.2020_10_06",1,-0.0762503507844729,14,8,0.571428571428571,1.73555153834863
"429","Depdc.slide1_image7_right.2019_08_29",1,0.0226259013796395,24,20,0.833333333333333,1.51238738437313
"430","Depdc.slide1_image7_right.2020_02_06",2,0.0680804400851127,29,24,0.827586206896552,1.4029425312922
"431","Depdc.slide1_image8_left.2019_08_29",2,0.0776077753727508,28,21,0.75,1.39800688083935
"432","Depdc.slide1_image8_left.2020_02_06",4,-0.116237796417548,14,9,0.642857142857143,1.79748783643681
"433","Depdc.slide1_image8_left.2020_10_06",1,0.0161363268499483,16,10,0.625,1.59025072176282
"434","Depdc.slide1_image8_right.2019_08_29",1,0.0896092606196462,16,16,1,1.59057753187131
"435","Depdc.slide1_image8_right.2020_02_06",2,0.0403054319289348,20,18,0.9,1.39895165648982
"436","Depdc.slide1_image8_right.2020_10_06",2,0.0503411244854026,28,16,0.571428571428571,1.40260656096709
"437","Depdc.slide1_image9_left.2019_08_29",2,0.00586352754317242,14,10,0.714285714285714,1.70828568750306
"438","Depdc.slide1_image9.2020_02_06",2,-0.0221797640597381,24,14,0.583333333333333,1.47713400825108
"439","Depdc.slide1_image9.2020_10_06",2,0.0621576149760848,22,20,0.909090909090909,1.4168556258112
"440","Depdc.slide2_image1.2019_08_29",2,0.059826740796177,14,14,1,1.6031517805206
"441","Depdc.slide2_image1.2020_02_06",1,0.0472034645295474,14,12,0.857142857142857,1.46864914750966
"442","Depdc.slide2_image1.2020_10_06",1,-0.0370782035666603,15,8,0.533333333333333,1.58103276192906
"443","Depdc.slide2_image10_left.2020_02_06",1,0.0648495119566075,38,30,0.789473684210526,1.37795612902376
"444","Depdc.slide2_image10_right.2019_08_29",3,0.0772787032385232,16,13,0.8125,1.57187227473134
"445","Depdc.slide2_image10_right.2020_02_06",1,0.0544259244509788,20,16,0.8,1.42806926053908
"446","Depdc.slide2_image11_left.2020_02_06",1,-0.00214758073580934,16,9,0.5625,1.64903364521304
"447","Depdc.slide2_image11_right.2020_02_06",3,0.0679199488646947,14,10,0.714285714285714,1.65273944526857
"448","Depdc.slide2_image11.2019_08_29",2,0.108990521734941,16,15,0.9375,1.58425549487383
"449","Depdc.slide2_image12_left.2019_08_29",1,0.0275567651915684,33,20,0.606060606060606,1.28893711017169
"450","Depdc.slide2_image12_left.2020_02_06",1,-0.0500830888946947,23,10,0.434782608695652,1.48038255596919
"451","Depdc.slide2_image12_right.2019_08_29",2,0.0645452695895118,17,13,0.764705882352941,1.59474708227862
"452","Depdc.slide2_image12_right.2020_02_06",1,-0.0514226511407804,16,10,0.625,1.72557324058823
"453","Depdc.slide2_image13.2019_08_29",2,0.0693043625362945,31,24,0.774193548387097,1.42153504922289
"454","Depdc.slide2_image14.2019_08_29",2,0.0101768071371394,14,8,0.571428571428571,1.70856783610719
"455","Depdc.slide2_image15.2019_08_29",2,0.0474891712200244,14,14,1,1.62129479840667
"456","Depdc.slide2_image16.2019_08_29",1,0.0297256587236749,18,15,0.833333333333333,1.52933850813021
"457","Depdc.slide2_image17.2019_08_29",1,0.049703571572064,15,10,0.666666666666667,1.58422293997148
"458","Depdc.slide2_image19_left.2019_08_29",2,0.097007960218616,25,21,0.84,1.42766892355217
"459","Depdc.slide2_image2_left.2019_08_29",3,0.064239331192877,16,11,0.6875,1.56139406773218
"460","Depdc.slide2_image2_left.2020_02_06",3,0.0177539873734743,27,22,0.814814814814815,1.54408418105869
"461","Depdc.slide2_image2_left.2020_10_06",2,-0.00227699912265514,17,11,0.647058823529412,1.57619973353294
"462","Depdc.slide2_image2_right.2019_08_29",2,0.0769675241647621,15,11,0.733333333333333,1.60649096165997
"463","Depdc.slide2_image2_right.2020_02_06",3,0.0429148317215749,14,10,0.714285714285714,1.57668864398911
"464","Depdc.slide2_image2_right.2020_10_06",1,-0.0193830660875487,15,10,0.666666666666667,1.63329750163915
"465","Depdc.slide2_image20.2019_08_29",3,0.0165675382071334,29,20,0.689655172413793,1.39564134386414
"466","Depdc.slide2_image21.2019_08_29",3,0.0826643776230269,21,19,0.904761904761905,1.5095714048975
"467","Depdc.slide2_image3_left.2020_10_06",2,0.0732155044419535,18,17,0.944444444444444,1.62235072674694
"468","Depdc.slide2_image3_right.2019_08_29",3,-0.0346196158055331,15,5,0.333333333333333,1.68279419630045
"469","Depdc.slide2_image3_right.2020_10_06",1,0.102725760765634,23,21,0.91304347826087,1.50206260580064
"470","Depdc.slide2_image3.2020_02_06",2,0.0352840423169224,15,9,0.6,1.664020664152
"471","Depdc.slide2_image4.2020_02_06",2,0.0478472168022515,15,9,0.6,1.68041384211883
"472","Depdc.slide2_image4.2020_10_06",2,0.0421735322388865,16,9,0.5625,1.60033534865593
"473","Depdc.slide2_image5_left.2020_02_06",1,0.0617788264716726,15,15,1,1.44386939914124
"474","Depdc.slide2_image5_left.2020_10_06",1,0.046663076786002,17,15,0.882352941176471,1.52643604166273
"475","Depdc.slide2_image5_right.2020_02_06",2,0.0822172426648205,15,13,0.866666666666667,1.58138136192908
"476","Depdc.slide2_image5_right.2020_10_06",1,0.0181247871299622,26,19,0.730769230769231,1.45876949310851
"477","Depdc.slide2_image5.2019_08_29",3,0.093991780838881,23,13,0.565217391304348,1.36214083358042
"478","Depdc.slide2_image6.2019_08_29",2,0.0631563717678178,14,11,0.785714285714286,1.61856783371007
"479","Depdc.slide2_image6.2020_02_06",2,0.0584939924309081,28,19,0.678571428571429,1.3463239109277
"480","Depdc.slide2_image6.2020_10_06",1,-0.0525981717048833,17,9,0.529411764705882,1.668007873445
"481","Depdc.slide2_image7_left.2020_02_06",3,-0.00212494544830378,14,10,0.714285714285714,1.89568114935268
"482","Depdc.slide2_image7_left.2020_10_06",1,0.0174361613055666,19,15,0.789473684210526,1.45269321891662
"483","Depdc.slide2_image7_right.2020_02_06",1,-0.0171743963034465,18,14,0.777777777777778,1.56077326114797
"484","Depdc.slide2_image7_right.2020_10_06",1,-0.0128546979975387,15,10,0.666666666666667,1.62396292115197
"485","Depdc.slide2_image7.2019_08_29",3,0.143478353180455,21,20,0.952380952380952,1.37949588033031
"486","Depdc.slide2_image8.2019_08_29",2,0.0719071710181127,15,13,0.866666666666667,1.50164524355376
"487","Depdc.slide2_image8.2020_02_06",2,0.0512176196213734,21,13,0.619047619047619,1.40573452107678
"488","Depdc.slide2_image9.2019_08_29",3,0.05949171957712,22,19,0.863636363636364,1.50072345655956
"489","Depdc.slide2_image9.2020_02_06",2,0.0387103286275766,14,11,0.785714285714286,1.66663900865043
"490","Dync2h.image1_right.2020_06_17",3,0.0353318193671358,18,11,0.611111111111111,1.44668494979983
"491","Dync2h.image10.2020_06_17",1,-0.03521669348927,23,16,0.695652173913043,1.52280903265359
"492","Dync2h.image11_left.2020_06_17",3,0.0696577713469988,15,13,0.866666666666667,1.52228423860208
"493","Dync2h.image11_right.2020_06_17",2,-0.0447999998847995,16,10,0.625,1.64223696126006
"494","Dync2h.image12.2020_06_17",1,-0.0597416697089064,37,19,0.513513513513513,1.38599711462882
"495","Dync2h.image13.2020_06_17",7,0.120646604536712,26,18,0.692307692307692,1.16903923275716
"496","Dync2h.image17.2020_06_17",4,0.125877934318574,24,24,1,1.313842239466
"497","Dync2h.image18.2020_06_17",3,-0.00957958477126949,31,26,0.838709677419355,1.34686828814367
"498","Dync2h.image19_left.2020_06_17",3,0.0543283209205442,14,8,0.571428571428571,1.40678189028789
"499","Dync2h.image19_right.2020_06_17",3,0.025478736820302,23,17,0.739130434782609,1.34388778120755
"500","Dync2h.image2.2020_06_17",3,0.12949009480238,23,21,0.91304347826087,1.30849404144057
"501","Dync2h.image20_left.2020_06_17",5,0.223829239716268,26,26,1,1.21398164783401
"502","Dync2h.image20_right.2020_06_17",4,0.166565731821693,14,14,1,1.49343621875378
"503","Dync2h.image3_left.2020_06_17",5,0.0674584696638317,15,15,1,1.44198948699962
"504","Dync2h.image3_right.2020_06_17",3,-0.00745011423775454,18,7,0.388888888888889,1.42393991972508
"505","Dync2h.image4_left.2020_06_17",5,0.0198292277861311,18,8,0.444444444444444,1.38191982614196
"506","Dync2h.image4_right.2020_06_17",4,-0.0490950028594844,15,15,1,1.58569897108183
"507","Dync2h.image5.2020_06_17",5,-0.0034565968851519,16,7,0.4375,1.4128721289495
"508","Dync2h.image6.2020_06_17",5,-0.00986518041782452,24,14,0.583333333333333,1.33893919127282
"509","Dync2h.image7.2020_06_17",2,0.0171493184023224,16,10,0.625,1.48120862653932
"510","Dync2h.image8.2020_06_17",2,-0.029311764820972,14,8,0.571428571428571,1.70700990961656
"511","Dync2h.image9_left.2020_06_17",5,0.138595111448127,27,11,0.407407407407407,1.26511691167492
"512","Dync2h.image9_right.2020_06_17",2,-0.0142191471718753,20,9,0.45,1.46227528128307
"513","Dync2h.slide1_image1_left.2020_10_07",6,0.189818425433117,14,12,0.857142857142857,1.39888005775518
"514","Dync2h.slide1_image1_right.2020_10_07",5,0.0866910609798154,17,16,0.941176470588235,1.45139166868535
"515","Dync2h.slide1_image10.2020_10_07",1,0.0024837997474782,17,14,0.823529411764706,1.59406698262025
"516","Dync2h.slide1_image11_left.2020_10_07",1,0.035258041811143,14,12,0.857142857142857,1.69795007608767
"517","Dync2h.slide1_image11_right.2020_10_07",6,0.171742612221356,19,15,0.789473684210526,1.21372989212807
"518","Dync2h.slide1_image14.2020_10_07",5,0.113289975129044,31,20,0.645161290322581,1.20056625783927
"519","Dync2h.slide1_image2.2020_10_07",6,0.347649833966321,20,20,1,1.10888754825649
"520","Dync2h.slide1_image21.2020_10_07",2,0.0526146535220589,29,21,0.724137931034483,1.35378123214758
"521","Dync2h.slide1_image23.2020_10_07",7,0.212919521200397,14,12,0.857142857142857,1.48278499170057
"522","Dync2h.slide1_image27_left.2020_10_07",8,0.634695316882098,23,23,1,0.634630840849215
"523","Dync2h.slide1_image27_right.2020_10_07",4,0.255897223421595,16,16,1,1.39189175102189
"524","Dync2h.slide1_image5.2020_10_07",1,0.102767578402711,15,15,1,1.47719782243815
"525","Dync2h.slide1_image7_right.2020_10_07",3,0.0442497711879992,14,7,0.5,1.61678473731884
"526","Dync2h.slide1_image8.2020_10_07",6,0.15009945551367,34,16,0.470588235294118,1.12034818754568
"527","Dync2h.slide2_image10.2020_10_07",1,-0.106819583127181,32,15,0.46875,1.35300608841808
"528","Dync2h.slide2_image11.2020_10_07",5,0.31766861750941,46,46,1,1.06325093150322
"529","Dync2h.slide2_image12.2020_10_07",1,0.092683949521371,25,21,0.84,1.36189487691292
"530","Dync2h.slide2_image13.2020_10_07",1,0.0815628509483414,25,22,0.88,1.45538482963164
"531","Dync2h.slide2_image16.2020_10_07",1,0.125602398531909,14,13,0.928571428571429,1.63132035376947
"532","Dync2h.slide2_image18_left.2020_10_07",4,0.15269597642747,36,34,0.944444444444444,1.18323142102959
"533","Dync2h.slide2_image19.2020_10_07",1,0.0549652482864204,15,12,0.8,1.60127707575007
"534","Dync2h.slide2_image2.2020_10_07",1,0.0260152444111147,26,15,0.576923076923077,1.43134208222967
"535","Dync2h.slide2_image20_left.2020_10_07",2,0.0483567005130948,29,19,0.655172413793103,1.42350687791439
"536","Dync2h.slide2_image20_right.2020_10_07",4,0.0581648131399402,14,14,1,1.52506359750191
"537","Dync2h.slide2_image22_left.2020_10_07",1,-0.0205106011262165,17,14,0.823529411764706,1.5126725488081
"538","Dync2h.slide2_image22_right.2020_10_07",1,0.107595951349588,14,14,1,1.58176768361709
"539","Dync2h.slide2_image3.2020_10_07",1,-0.0191742520254377,15,7,0.466666666666667,1.68351851086131
"540","Dync2h.slide2_image5.2020_10_07",1,0.0456047930680844,14,13,0.928571428571429,1.71102654097881
"541","Dync2h.slide2_image8_left.2020_10_07",6,0.363957962837609,27,27,1,1.05220480680611
"542","Dync2h.slide2_image9.2020_10_07",5,0.331226868763231,30,30,1,1.12219119322461
"543","EPB4.1.image1.2020_06_17",4,0.21204871515623,33,33,1,1.25094618726851
"544","EPB4.1.image10_right.2020_06_17",7,-0.101756529062206,14,5,0.357142857142857,1.60644195994655
"545","EPB4.1.image11.2020_06_17",6,0.21898420802293,17,16,0.941176470588235,1.20668704483854
"546","EPB4.1.image12.2020_06_17",4,0.133955648446809,17,15,0.882352941176471,1.30853993167067
"547","EPB4.1.image2.2020_06_17",3,0.114314404134004,30,28,0.933333333333333,1.28550632663218
"548","EPB4.1.image3.2020_06_17",4,-0.00428439573772116,19,18,0.947368421052632,1.38708204334806
"549","EPB4.1.image4.2020_06_17",7,0.0746602654508238,18,8,0.444444444444444,1.31757548333552
"550","EPB4.1.image5.2020_06_17",4,-0.0694463383018991,14,7,0.5,1.69931703617688
"551","EPB4.1.image6.2020_06_17",3,0.16735662616868,15,11,0.733333333333333,1.44820632511514
"552","EPB4.1.image7.2020_06_17",6,0.122527286065614,19,8,0.421052631578947,1.28173020522307
"553","EPB4.1.image8.2020_06_17",4,0.137716298991205,16,16,1,1.39816603420072
"554","EPB4.1.image9_left.2020_06_17",8,0.592673399271765,17,17,1,0.670595593936257
"555","EPB4.1.image9_right.2020_06_17",3,0.156037862439513,14,14,1,1.51452135045937
"556","EPB4.1.slide1_image10_left.2021_01_06",4,0.276169897067984,17,17,1,1.34104852833726
"557","EPB4.1.slide1_image15.2021_01_06",1,0.0827453910604629,16,14,0.875,1.37260815109172
"558","EPB4.1.slide1_image17.2021_01_06",1,0.0456997588642426,26,18,0.692307692307692,1.52076424908904
"559","EPB4.1.slide1_image20.2021_01_06",1,-0.00672217580026422,16,10,0.625,1.47075266346945
"560","EPB4.1.slide1_image21.2021_01_06",2,0.00424794161175435,18,15,0.833333333333333,1.6049607213338
"561","EPB4.1.slide1_image22_left.2021_01_06",5,0.0521026757639456,14,11,0.785714285714286,1.43202734911266
"562","EPB4.1.slide1_image22_right.2021_01_06",1,0.0318053717983211,23,16,0.695652173913043,1.45256811662769
"563","EPB4.1.slide1_image24.2021_01_06",3,0.0125064794676623,15,7,0.466666666666667,1.64897947352956
"564","EPB4.1.slide1_image26_left.2021_01_06",4,0.223398779444525,18,17,0.944444444444444,1.36001605857882
"565","EPB4.1.slide1_image27.2021_01_06",1,0.00409952800574712,14,10,0.714285714285714,1.722156961353
"566","EPB4.1.slide1_image3_left.2021_01_06",1,-0.0257152303498189,19,11,0.578947368421053,1.60367169316378
"567","EPB4.1.slide1_image3_right.2021_01_06",1,0.0247976914925004,23,17,0.739130434782609,1.49747869555763
"568","EPB4.1.slide1_image31_left.2021_01_06",4,0.238348985254947,29,27,0.931034482758621,1.23497025017014
"569","EPB4.1.slide1_image31_right.2021_01_06",4,0.269558859918872,23,23,1,1.25773258614041
"570","EPB4.1.slide1_image34.2021_01_06",2,0.07483800346704,36,33,0.916666666666667,1.25185129827568
"571","EPB4.1.slide1_image35.2021_01_06",8,0.478246265495508,17,16,0.941176470588235,0.808291967667021
"572","EPB4.1.slide1_image37_left.2021_01_06",2,-0.0249863724328181,15,7,0.466666666666667,1.63754991285279
"573","EPB4.1.slide1_image37_right.2021_01_06",4,0.251308441365635,19,19,1,1.30738697396446
"574","EPB4.1.slide1_image39.2021_01_06",4,0.22601042414612,18,18,1,1.3585831803806
"575","EPB4.1.slide1_image41.2021_01_06",4,0.277059120724548,19,19,1,1.27729499497492
"576","EPB4.1.slide1_image43.2021_01_06",6,0.338972670285917,35,34,0.971428571428571,1.0729347550732
"577","EPB4.1.slide1_image8.2021_01_06",1,0.0573367265775173,31,30,0.967741935483871,1.38723732989115
"578","EPB4.1.slide2_image15.2021_01_06",4,0.0854874194784109,15,15,1,1.4549686038639
"579","EPB4.1.slide2_image17.2021_01_06",8,0.497734601459806,16,16,1,0.839315938541874
"580","EPB4.1.slide2_image19.2021_01_06",1,0.033075264251154,17,15,0.882352941176471,1.4812787360983
"581","EPB4.1.slide2_image22_left.2021_01_06",4,0.25667588483479,34,34,1,1.21773569870143
"582","EPB4.1.slide2_image22_right.2021_01_06",6,0.099619922766216,14,9,0.642857142857143,1.4131768226767
"583","EPB4.1.slide2_image24.2021_01_06",1,0.0976834505528902,23,22,0.956521739130435,1.38689707516546
"584","EPB4.1.slide2_image29_left.2021_01_06",4,0.237917710655434,21,21,1,1.32647050560177
"585","EPB4.1.slide2_image32.2021_01_06",7,0.22965762666769,23,18,0.782608695652174,1.24099608861667
"586","EPB4.1.slide2_image8.2021_01_06",2,0.075977305989425,18,9,0.5,1.48814280359293
"587","Eph.image1.2020_06_17",3,0.194809820675782,43,34,0.790697674418605,1.13291009315681
"588","Eph.image10_left.2020_06_17",8,0.664441429559086,25,25,1,0.587650681411671
"589","Eph.image10_right.2020_06_17",3,-0.0299101380528372,14,5,0.357142857142857,1.76426301926393
"590","Eph.image11.2020_06_17",3,0.156855693504345,34,27,0.794117647058823,1.19187405796146
"591","Eph.image12_left.2020_06_17",1,-0.0362008874963921,21,15,0.714285714285714,1.44954304763464
"592","Eph.image12_right.2020_06_17",3,-0.0190430408471645,17,14,0.823529411764706,1.42469852821504
"593","Eph.image13.2020_06_17",4,0.00597166194732338,20,19,0.95,1.32978116073432
"594","Eph.image14.2020_06_17",3,0.0861550909504265,34,24,0.705882352941177,1.23782800088494
"595","Eph.image15.2020_06_17",3,0.0401740944240842,16,11,0.6875,1.55637411082253
"596","Eph.image16.2020_06_17",3,0.0425074269033908,19,12,0.631578947368421,1.47570011672552
"597","Eph.image17_left.2020_06_17",1,-0.104655003520868,15,8,0.533333333333333,1.74323956713468
"598","Eph.image17_right.2020_06_17",1,0.0146229732774428,14,8,0.571428571428571,1.70497431547755
"599","Eph.image18_left.2020_06_17",1,-0.0826464771804548,16,10,0.625,1.62156604578903
"600","Eph.image18_right.2020_06_17",3,0.181379886207706,15,14,0.933333333333333,1.37739027827869
"601","Eph.image2.2020_06_17",3,0.0690168574813573,17,12,0.705882352941177,1.47549963824032
"602","Eph.image20.2020_06_17",3,-0.0103782302287808,14,9,0.642857142857143,1.51023505513906
"603","Eph.image3.2020_06_17",2,0.00027145460122409,21,15,0.714285714285714,1.42373589534629
"604","Eph.image4.2020_06_17",2,0.0160214473276748,15,9,0.6,1.61504289914024
"605","Eph.image5.2020_06_17",4,0.111268051895454,16,12,0.75,1.4314498730125
"606","Eph.image6.2020_06_17",1,0.0138046133329079,23,14,0.608695652173913,1.44384423578858
"607","Eph.image8.2020_06_17",4,0.147971884448075,17,17,1,1.34814451982657
"608","Eph.image9.2020_06_17",7,-0.0570569037939332,25,9,0.36,1.31030682831092
"609","Eph.slide1_image1_left.2020_02_06",5,0.243435640321647,15,15,1,1.31041401247743
"610","Eph.slide1_image1_right.2020_02_06",3,0.0291571167610364,15,8,0.533333333333333,1.49022045334878
"611","Eph.slide1_image10.2020_02_06",1,0.0741073925136747,19,13,0.684210526315789,1.40958253606397
"612","Eph.slide1_image11.2020_02_06",3,-0.071113129483173,14,5,0.357142857142857,1.85003928788482
"613","Eph.slide1_image12_right.2020_02_06",2,-0.101297776274066,15,9,0.6,1.67486845917183
"614","Eph.slide1_image14.2020_02_06",2,0.0155851698186781,80,38,0.475,1.18143907477792
"615","Eph.slide1_image15.2020_02_06",2,0.000992803485742784,19,14,0.736842105263158,1.46589745915906
"616","Eph.slide1_image16.2020_02_06",4,-0.0816834752231138,16,16,1,1.44661625760571
"617","Eph.slide1_image17_left.2020_02_06",5,0.145639059045086,18,13,0.722222222222222,1.26544608781559
"618","Eph.slide1_image18_left.2020_02_06",1,0.0691430435707328,16,14,0.875,1.55715103953934
"619","Eph.slide1_image19_left.2020_02_06",4,0.222031196104613,17,15,0.882352941176471,1.38836072049043
"620","Eph.slide1_image19_right.2020_02_06",2,-0.0224158097420223,14,10,0.714285714285714,1.58377316436876
"621","Eph.slide1_image2.2020_02_06",4,-0.0288586254443022,18,16,0.888888888888889,1.48108487797482
"622","Eph.slide1_image20_left.2020_02_06",5,0.173389340433508,14,10,0.714285714285714,1.36027336678992
"623","Eph.slide1_image20_right.2020_02_06",6,0.102162815218406,14,7,0.5,1.45787079017285
"624","Eph.slide1_image22_left.2020_02_06",1,0.0361787445817895,19,12,0.631578947368421,1.54160320905795
"625","Eph.slide1_image22_right.2020_02_06",1,-0.0301353273079954,15,13,0.866666666666667,1.57946605699428
"626","Eph.slide1_image23.2020_02_06",4,0.203042949729218,18,18,1,1.34659269128867
"627","Eph.slide1_image24.2020_02_06",4,0.273122447702304,15,15,1,1.35485397618657
"628","Eph.slide1_image25_left.2020_02_06",3,0.167113863166106,47,33,0.702127659574468,1.16809924106784
"629","Eph.slide1_image25_right.2020_02_06",1,-0.0691516868244568,17,9,0.529411764705882,1.73002123256149
"630","Eph.slide1_image26_left.2020_02_06",2,0.0110375741025239,30,22,0.733333333333333,1.41606613509708
"631","Eph.slide1_image27.2020_02_06",5,0.221155051650789,22,20,0.909090909090909,1.19885907121497
"632","Eph.slide1_image29_left.2020_02_06",6,0.085719334678821,16,12,0.75,1.26959197435192
"633","Eph.slide1_image29_right.2020_02_06",4,0.173155660844662,33,33,1,1.26468403080631
"634","Eph.slide1_image3.2020_02_06",2,0.0209049723078096,28,23,0.821428571428571,1.39383460204798
"635","Eph.slide1_image30.2020_02_06",6,0.243994695692622,15,13,0.866666666666667,1.35875915686986
"636","Eph.slide1_image31_left.2020_02_06",2,-0.0445610342646811,15,9,0.6,1.59931184501888
"637","Eph.slide1_image31_right.2020_02_06",1,-0.0979166295907151,19,14,0.736842105263158,1.58514997395355
"638","Eph.slide1_image32.2020_02_06",5,0.266631640090744,22,20,0.909090909090909,1.16091637286122
"639","Eph.slide1_image33_left.2020_02_06",2,0.0244449689600444,19,14,0.736842105263158,1.54659931155215
"640","Eph.slide1_image33_right.2020_02_06",4,0.193615660123766,15,15,1,1.42346578490408
"641","Eph.slide1_image35.2020_02_06",4,0.166744663775786,22,22,1,1.32698112524691
"642","Eph.slide1_image36.2020_02_06",4,0.227838638077161,28,28,1,1.2531625054395
"643","Eph.slide1_image37.2020_02_06",4,0.222103332578144,16,16,1,1.4219216474656
"644","Eph.slide1_image4.2020_02_06",5,0.27779685097204,24,24,1,1.22830988488126
"645","Eph.slide1_image5_left.2020_02_06",5,0.169299961931476,16,14,0.875,1.28789925044015
"646","Eph.slide1_image5_right.2020_02_06",2,0.0303152906058521,19,16,0.842105263157895,1.46924961128334
"647","Eph.slide1_image6.2020_02_06",8,0.624499565743426,21,21,1,0.62897975015145
"648","Eph.slide1_image7_left.2020_02_06",3,0.0018348116890911,14,5,0.357142857142857,1.51093487161009
"649","Eph.slide1_image7_right.2020_02_06",7,0.100374710441712,18,8,0.444444444444444,1.35696222621764
"650","Eph.slide1_image8_right.2020_02_06",5,0.185738355650177,17,12,0.705882352941177,1.28489278583167
"651","Eph.slide1_image9_left.2020_02_06",2,-0.0082206419500818,16,8,0.5,1.50183943574767
"652","Eph.slide1_image9_right.2020_02_06",4,0.0932047489470373,22,18,0.818181818181818,1.31230320118283
"653","Eph.slide2_image1_left.2020_02_06",2,0.0165560786255423,36,18,0.5,1.29300243856121
"654","Eph.slide2_image1_right.2020_02_06",1,-0.038759695783892,17,7,0.411764705882353,1.61134491336821
"655","Eph.slide2_image10.2020_02_06",1,-0.0328219390133519,50,35,0.7,1.27708551289416
"656","Eph.slide2_image11_left.2020_02_06",4,0.11894686864818,14,13,0.928571428571429,1.59972749427594
"657","Eph.slide2_image12_right.2020_02_06",4,0.0919068132646733,15,15,1,1.45855541254953
"658","Eph.slide2_image13.2020_02_06",2,-0.00893558636739434,15,8,0.533333333333333,1.51204750801056
"659","Eph.slide2_image14_left.2020_02_06",1,-0.0387678402825737,14,6,0.428571428571429,1.69756448993042
"660","Eph.slide2_image14_right.2020_02_06",3,0.0735723897944897,17,10,0.588235294117647,1.37279997766719
"661","Eph.slide2_image18.2020_02_06",6,-0.0720294953654845,14,6,0.428571428571429,1.44112366845342
"662","Eph.slide2_image19_left.2020_02_06",7,0.17877760059028,14,13,0.928571428571429,1.35725185859265
"663","Eph.slide2_image19_right.2020_02_06",2,0.0472314574414941,21,14,0.666666666666667,1.55649648544546
"664","Eph.slide2_image2_left.2020_02_06",5,0.355080731929864,39,39,1,1.07127281393367
"665","Eph.slide2_image2_right.2020_02_06",4,0.067535929236624,18,18,1,1.43229026846191
"666","Eph.slide2_image20.2020_02_06",1,-0.0056673616973682,25,12,0.48,1.45729332720194
"667","Eph.slide2_image21.2020_02_06",5,0.261433839849113,20,20,1,1.20905298598525
"668","Eph.slide2_image22_left.2020_02_06",8,0.657423610955459,20,20,1,0.583874088483169
"669","Eph.slide2_image22_right.2020_02_06",4,0.246262051758322,30,30,1,1.15441800230291
"670","Eph.slide2_image23_left.2020_02_06",7,0.0535334491827778,24,9,0.375,1.37492291043583
"671","Eph.slide2_image23_right.2020_02_06",7,0.0814772553797254,16,10,0.625,1.54046786783782
"672","Eph.slide2_image24.2020_02_06",4,0.119638569283988,14,13,0.928571428571429,1.47091523951035
"673","Eph.slide2_image25_left.2020_02_06",4,0.15426121365592,15,15,1,1.4301946808059
"674","Eph.slide2_image25_right.2020_02_06",1,0.0179084525799316,14,7,0.5,1.69365101224028
"675","Eph.slide2_image26_left.2020_02_06",4,0.233924456845113,15,15,1,1.33770811945249
"676","Eph.slide2_image26_right.2020_02_06",4,0.153715067495923,18,17,0.944444444444444,1.39845758038022
"677","Eph.slide2_image27_left.2020_02_06",7,0.0519865547087967,17,6,0.352941176470588,1.47759629697973
"678","Eph.slide2_image27_right.2020_02_06",5,0.19723709956329,19,19,1,1.22179042294707
"679","Eph.slide2_image28_left.2020_02_06",1,0.00683755653935972,22,20,0.909090909090909,1.51057052288254
"680","Eph.slide2_image28_right.2020_02_06",1,-0.0352047725454614,22,12,0.545454545454545,1.46682093228046
"681","Eph.slide2_image3.2020_02_06",3,0.00805370421344449,15,4,0.266666666666667,1.52019564038047
"682","Eph.slide2_image4_left.2020_02_06",2,0.0502533654983775,14,11,0.785714285714286,1.72532245187709
"683","Eph.slide2_image4_right.2020_02_06",7,0.0624204625540408,18,7,0.388888888888889,1.40753332271668
"684","Eph.slide2_image5.2020_02_06",2,-0.030521485534311,15,10,0.666666666666667,1.66223643789713
"685","Eph.slide2_image6.2020_02_06",2,-0.092590781632795,15,7,0.466666666666667,1.73119702134722
"686","Eph.slide2_image7.2020_02_06",1,0.0398709401554445,16,12,0.75,1.48527058702667
"687","Eph.slide2_image9.2020_02_06",1,-0.132264878312674,15,6,0.4,1.81822608881149
"688","Ets.slide1_image1.2020_10_06",1,-0.0175070281596228,14,13,0.928571428571429,1.72558110675438
"689","Ets.slide1_image10_left.2020_10_06",4,0.195094293302508,15,14,0.933333333333333,1.42267948184562
"690","Ets.slide1_image11.2020_10_06",7,0.139298786754652,15,10,0.666666666666667,1.36293043251469
"691","Ets.slide1_image12.2020_10_06",3,0.0633784053172654,14,9,0.642857142857143,1.65700908250364
"692","Ets.slide1_image13.2020_10_06",5,0.13271061763661,16,15,0.9375,1.45342631758664
"693","Ets.slide1_image14.2020_10_06",6,0.181674311371,26,22,0.846153846153846,1.11054666359926
"694","Ets.slide1_image15.2020_10_06",6,0.230146473680812,15,15,1,1.25049917780727
"695","Ets.slide1_image16.2020_10_06",7,0.17745113119961,16,14,0.875,1.28465039859438
"696","Ets.slide1_image17.2020_10_06",5,0.24987867059985,23,20,0.869565217391304,1.18152893699471
"697","Ets.slide1_image18_left.2020_10_06",2,0.0306031828334318,21,13,0.619047619047619,1.41738425117867
"698","Ets.slide1_image18_right.2020_10_06",7,0.244010816785658,21,20,0.952380952380952,1.21629362714819
"699","Ets.slide1_image19.2020_10_06",6,0.236383588377522,27,22,0.814814814814815,1.09760233347041
"700","Ets.slide1_image2.2020_10_06",7,0.126165248911196,16,12,0.75,1.287029311207
"701","Ets.slide1_image21_right.2020_10_06",6,0.173505407738028,16,12,0.75,1.28322991153609
"702","Ets.slide1_image22.2020_10_06",6,0.213974396631498,28,27,0.964285714285714,1.19842312030349
"703","Ets.slide1_image23.2020_10_06",1,-0.221063320022946,15,6,0.4,1.7313671418633
"704","Ets.slide1_image24.2020_10_06",6,0.17324131224437,17,15,0.882352941176471,1.21803716684736
"705","Ets.slide1_image25.2020_10_06",3,0.0407688001247822,14,10,0.714285714285714,1.52817361240811
"706","Ets.slide1_image26.2020_10_06",5,0.32340321114855,28,28,1,1.1660048999987
"707","Ets.slide1_image27.2020_10_06",6,0.239342967863922,15,15,1,1.34892614291758
"708","Ets.slide1_image28.2020_10_06",6,0.229050286432009,20,19,0.95,1.15415079866175
"709","Ets.slide1_image29.2020_10_06",6,0.185092646565657,19,16,0.842105263157895,1.18672082555375
"710","Ets.slide1_image3_left.2020_10_06",5,0.182298521147318,15,13,0.866666666666667,1.38059534705004
"711","Ets.slide1_image3_right.2020_10_06",2,0.0538513498829578,14,12,0.857142857142857,1.52639331876891
"712","Ets.slide1_image30.2020_10_06",4,-0.000455979973760755,17,16,0.941176470588235,1.37546769010725
"713","Ets.slide1_image31_left.2020_10_06",2,0.0103428415969458,14,12,0.857142857142857,1.66423779583518
"714","Ets.slide1_image31_right.2020_10_06",2,0.0689047036473004,17,13,0.764705882352941,1.59262486098691
"715","Ets.slide1_image32_right.2020_10_06",5,0.0528425228088933,19,14,0.736842105263158,1.40207354795534
"716","Ets.slide1_image33_right.2020_10_06",8,0.322106793127056,15,14,0.933333333333333,1.0696506735633
"717","Ets.slide1_image35.2020_10_06",6,0.137327606714164,25,17,0.68,1.23620720082294
"718","Ets.slide1_image36.2020_10_06",6,0.207505202604657,17,15,0.882352941176471,1.23403455733524
"719","Ets.slide1_image37.2020_10_06",5,0.0634403272956575,14,11,0.785714285714286,1.53802772570978
"720","Ets.slide1_image38.2020_10_06",2,-0.105513670920044,14,9,0.642857142857143,1.71581081677218
"721","Ets.slide1_image39_left.2020_10_06",7,-0.0157309224346879,15,4,0.266666666666667,1.44367904449291
"722","Ets.slide1_image39_right.2020_10_06",1,-0.0670526182124414,19,13,0.684210526315789,1.57303586913876
"723","Ets.slide1_image4.2020_10_06",2,-0.0750227277927529,36,15,0.416666666666667,1.3205018102345
"724","Ets.slide1_image40_left.2020_10_06",6,0.20598829728619,18,18,1,1.17180247648252
"725","Ets.slide1_image40_right.2020_10_06",5,0.153313757805827,14,13,0.928571428571429,1.54771770754731
"726","Ets.slide1_image42_left.2020_10_06",4,0.233228285111345,32,32,1,1.201818727221
"727","Ets.slide1_image42_right.2020_10_06",1,0.0750388277279461,20,16,0.8,1.45289036273837
"728","Ets.slide1_image43.2020_10_06",1,0.0485971012934159,15,13,0.866666666666667,1.61028773014242
"729","Ets.slide1_image44_left.2020_10_06",6,0.174838639526348,14,14,1,1.30414385651531
"730","Ets.slide1_image45.2020_10_06",6,0.341088650009995,33,33,1,1.04488474013135
"731","Ets.slide1_image46_right.2020_10_06",6,0.233082959429774,16,16,1,1.11818885928155
"732","Ets.slide1_image47_left.2020_10_06",6,0.173215103879553,14,11,0.785714285714286,1.35392923623167
"733","Ets.slide1_image47_right.2020_10_06",6,0.217044840188842,16,16,1,1.2883572084397
"734","Ets.slide1_image48.2020_10_06",6,0.303572393305609,16,16,1,1.24679376402235
"735","Ets.slide1_image49.2020_10_06",6,0.245316658841527,14,14,1,1.2841516187759
"736","Ets.slide1_image5.2020_10_06",6,0.159261714276085,21,17,0.80952380952381,1.26283113597121
"737","Ets.slide1_image50_right.2020_10_06",7,0.097564608611738,16,7,0.4375,1.41581487623886
"738","Ets.slide1_image51.2020_10_06",8,0.547789554565372,16,16,1,0.730144374969425
"739","Ets.slide1_image6.2020_10_06",1,0.0109264980180846,18,12,0.666666666666667,1.61143125138466
"740","Ets.slide1_image7.2020_10_06",6,0.284414782172394,17,16,0.941176470588235,1.26808665983941
"741","Ets.slide1_image8_left.2020_10_06",6,0.338246075255312,26,26,1,1.09934806301445
"742","Ets.slide1_image8_right.2020_10_06",6,0.343762461126358,17,17,1,1.22427665956414
"743","Ets.slide2_image1.2020_10_06",6,0.138526369133666,14,14,1,1.26486881823451
"744","Ets.slide2_image10.2020_10_06",2,-0.0705598330664134,27,24,0.888888888888889,1.36804271075004
"745","Ets.slide2_image12_left.2020_10_06",7,0.233354241211355,29,28,0.96551724137931,1.13183665071072
"746","Ets.slide2_image12_right.2020_10_06",6,0.261176778893101,17,17,1,1.19140413321683
"747","Ets.slide2_image13_left.2020_10_06",6,0.213873890273936,14,13,0.928571428571429,1.23899627986432
"748","Ets.slide2_image13_right.2020_10_06",1,-0.085739758112301,20,12,0.6,1.47794610991931
"749","Ets.slide2_image14.2020_10_06",6,0.261022790885836,17,16,0.941176470588235,1.32799334009818
"750","Ets.slide2_image15.2020_10_06",2,-0.0417589575681623,14,9,0.642857142857143,1.5762417089755
"751","Ets.slide2_image16.2020_10_06",2,0.0216623237151562,15,9,0.6,1.77018628918983
"752","Ets.slide2_image18.2020_10_06",6,0.283441989538887,15,15,1,1.35147903141808
"753","Ets.slide2_image19.2020_10_06",6,0.0855758698535541,16,8,0.5,1.32491007306662
"754","Ets.slide2_image2.2020_10_06",2,-0.100010037116287,24,21,0.875,1.43643541674425
"755","Ets.slide2_image20.2020_10_06",3,0.0534303598383254,21,10,0.476190476190476,1.39923291205546
"756","Ets.slide2_image21_left.2020_10_06",6,0.310273571992852,23,21,0.91304347826087,1.16379546760422
"757","Ets.slide2_image21_right.2020_10_06",3,0.0760238425227374,26,17,0.653846153846154,1.36110225451894
"758","Ets.slide2_image22.2020_10_06",7,0.245838506869179,38,32,0.842105263157895,1.10334167289896
"759","Ets.slide2_image23.2020_10_06",6,0.154570988715075,16,12,0.75,1.31768321413984
"760","Ets.slide2_image24.2020_10_06",7,0.134928090279671,17,10,0.588235294117647,1.35978423588587
"761","Ets.slide2_image25_left.2020_10_06",6,0.225264449927511,14,14,1,1.47576831442874
"762","Ets.slide2_image26.2020_10_06",6,0.158743298148482,22,19,0.863636363636364,1.22918230886658
"763","Ets.slide2_image27_left.2020_10_06",2,0.0979651386551608,43,41,0.953488372093023,1.22036364748717
"764","Ets.slide2_image28.2020_10_06",6,0.147901541013769,14,9,0.642857142857143,1.51364945739533
"765","Ets.slide2_image29.2020_10_06",4,-0.171651432013326,16,8,0.5,1.69546966886361
"766","Ets.slide2_image3.2020_10_06",2,-0.025133222529465,15,13,0.866666666666667,1.55772004018013
"767","Ets.slide2_image30.2020_10_06",2,-0.197930642154287,27,16,0.592592592592593,1.5366485525516
"768","Ets.slide2_image31_left.2020_10_06",6,0.18585094736802,14,12,0.857142857142857,1.37870077434494
"769","Ets.slide2_image31_right.2020_10_06",6,0.26040035829597,16,16,1,1.17363388454345
"770","Ets.slide2_image32.2020_10_06",6,0.176604204505165,22,19,0.863636363636364,1.18725215775366
"771","Ets.slide2_image33.2020_10_06",1,-0.00866691535686924,27,13,0.481481481481481,1.39162387092952
"772","Ets.slide2_image34_left.2020_10_06",1,-0.0545825623372162,20,10,0.5,1.59138989182585
"773","Ets.slide2_image34_right.2020_10_06",2,0.0718883130333976,17,14,0.823529411764706,1.5793188159142
"774","Ets.slide2_image36_left.2020_10_06",6,0.328600164687391,23,22,0.956521739130435,1.16798277404175
"775","Ets.slide2_image36_right.2020_10_06",5,-0.0440519111594816,17,10,0.588235294117647,1.43601682822508
"776","Ets.slide2_image37.2020_10_06",2,0.0172165785422195,16,9,0.5625,1.52614546599724
"777","Ets.slide2_image38.2020_10_06",1,0.00693748717094339,19,11,0.578947368421053,1.50549495727883
"778","Ets.slide2_image39_left.2020_10_06",6,0.102666849119308,39,14,0.358974358974359,1.18397113996938
"779","Ets.slide2_image39_right.2020_10_06",6,0.288889162942511,25,25,1,1.14864656969026
"780","Ets.slide2_image4.2020_10_06",6,0.336181720263711,17,17,1,1.23541002283829
"781","Ets.slide2_image40.2020_10_06",6,0.187571556455126,19,19,1,1.18528442984988
"782","Ets.slide2_image41_left.2020_10_06",5,0.196314209926726,16,14,0.875,1.26150931580803
"783","Ets.slide2_image41_right.2020_10_06",3,0.109487004644936,52,33,0.634615384615385,1.18295554582332
"784","Ets.slide2_image42_left.2020_10_06",1,0.107045408097551,22,20,0.909090909090909,1.4608848083798
"785","Ets.slide2_image43_left.2020_10_06",1,0.0128897120893958,15,6,0.4,1.52236597335245
"786","Ets.slide2_image44.2020_10_06",6,0.20628660753582,15,12,0.8,1.35088359696772
"787","Ets.slide2_image45.2020_10_06",7,0.174742888796714,36,21,0.583333333333333,1.15765056300044
"788","Ets.slide2_image46.2020_10_06",2,0.0725236007512059,22,20,0.909090909090909,1.35910334234642
"789","Ets.slide2_image48.2020_10_06",2,0.0725878916530565,43,41,0.953488372093023,1.28471499160343
"790","Ets.slide2_image49_left.2020_10_06",2,0.0793463534508913,18,14,0.777777777777778,1.45279092594517
"791","Ets.slide2_image49_right.2020_10_06",7,0.0097906790373361,14,8,0.571428571428571,1.44182882113786
"792","Ets.slide2_image5.2020_10_06",6,0.292340066133789,16,15,0.9375,1.23614786665661
"793","Ets.slide2_image50_left.2020_10_06",1,-0.0163297664814717,14,6,0.428571428571429,1.6530893516857
"794","Ets.slide2_image50_right.2020_10_06",6,0.0575106726312667,15,8,0.533333333333333,1.35830336369943
"795","Ets.slide2_image51.2020_10_06",6,0.1751964388848,16,16,1,1.28752798459158
"796","Ets.slide2_image52.2020_10_06",2,-0.0496310885730036,42,32,0.761904761904762,1.294922712891
"797","Ets.slide2_image53.2020_10_06",6,0.297493622444668,17,17,1,1.19566422070228
"798","Ets.slide2_image6.2020_10_06",6,0.170144756866844,15,12,0.8,1.4130402637339
"799","Ets.slide2_image7_left.2020_10_06",6,0.106814560431322,14,8,0.571428571428571,1.44964124761932
"800","Ets.slide2_image7_right.2020_10_06",2,-0.108860789010652,26,25,0.961538461538462,1.42258972418546
"801","Ets.slide2_image8_left.2020_10_06",3,0.0350086521843228,14,6,0.428571428571429,1.673440047575
"802","Ets.slide2_image8_right.2020_10_06",1,0.00243806398896046,14,14,1,1.56927012677347
"803","Ets.slide2_image9.2020_10_06",6,0.108019324123917,20,15,0.75,1.23151389593213
"804","Farp.image1_left.2020_01_10",8,0.630888666688205,27,25,0.925925925925926,0.576449349362416
"805","Farp.image1_right.2020_01_10",2,0.089095703928096,18,15,0.833333333333333,1.42299276592036
"806","Farp.image1.2020_06_17",4,-0.049942234851318,16,16,1,1.41566868315338
"807","Farp.image10_right.2020_06_17",3,-0.0657920659046741,14,6,0.428571428571429,1.67758448731691
"808","Farp.image10.2020_01_10",1,-0.00497349507013228,14,14,1,1.63768334724047
"809","Farp.image11.2020_01_10",4,0.17810988902916,16,16,1,1.39453417295898
"810","Farp.image12.2020_01_10",5,0.222987731671874,14,14,1,1.38830815480722
"811","Farp.image12.2020_06_17",5,0.0500149485121302,21,13,0.619047619047619,1.26830513017269
"812","Farp.image13_left.2020_01_10",1,-0.0197137166611197,16,13,0.8125,1.63497577727717
"813","Farp.image13_right.2020_01_10",4,0.027708851586557,16,13,0.8125,1.45919109969365
"814","Farp.image14_left.2020_01_10",1,-0.0831483893907744,17,9,0.529411764705882,1.64415947644021
"815","Farp.image14_right.2020_01_10",1,0.0157407951237328,17,16,0.941176470588235,1.59270809143334
"816","Farp.image14.2020_06_17",5,0.111501852002694,15,7,0.466666666666667,1.40563716854659
"817","Farp.image15.2020_01_10",2,-0.0397888717542845,15,10,0.666666666666667,1.57594689838091
"818","Farp.image16_left.2020_01_10",5,0.16470068953193,15,14,0.933333333333333,1.46292796788448
"819","Farp.image16_right.2020_01_10",7,0.195628858756852,44,25,0.568181818181818,1.1083660949132
"820","Farp.image17.2020_01_10",5,0.182032023519903,16,15,0.9375,1.31891495054889
"821","Farp.image18.2020_01_10",4,-0.0620180822131587,14,14,1,1.46471620168425
"822","Farp.image19_left.2020_01_10",5,-0.0100266100269495,16,10,0.625,1.4442490618763
"823","Farp.image19_right.2020_01_10",3,0.157599438762585,28,26,0.928571428571429,1.28621805435448
"824","Farp.image2_left.2020_01_10",1,-0.0274214227708571,21,15,0.714285714285714,1.60542825128786
"825","Farp.image2_right.2020_01_10",5,0.17575484813099,14,12,0.857142857142857,1.4289583314992
"826","Farp.image20.2020_01_10",3,0.0513234729798215,16,11,0.6875,1.43002162945354
"827","Farp.image21.2020_01_10",7,0.225590584480528,29,27,0.931034482758621,1.13536164365498
"828","Farp.image22_left.2020_01_10",1,0.0387791891450688,19,13,0.684210526315789,1.52682291277107
"829","Farp.image23.2020_01_10",1,0.00466246280738205,14,9,0.642857142857143,1.62877711096764
"830","Farp.image24_left.2020_01_10",2,-0.021976939518906,21,13,0.619047619047619,1.58061605397679
"831","Farp.image24_right.2020_01_10",2,0.0421191775883213,20,16,0.8,1.49920531814158
"832","Farp.image25_left.2020_01_10",7,0.200474187569999,17,14,0.823529411764706,1.36999945182834
"833","Farp.image25_right.2020_01_10",7,0.0702016508564767,29,10,0.344827586206897,1.32883392187736
"834","Farp.image26.2020_01_10",1,0.121841773432138,16,15,0.9375,1.59237957039407
"835","Farp.image27.2020_01_10",3,0.0965935453372177,17,13,0.764705882352941,1.57232137483644
"836","Farp.image28.2020_01_10",7,0.100595910794867,29,14,0.482758620689655,1.30440974147645
"837","Farp.image29.2020_01_10",1,-0.110323772014809,15,10,0.666666666666667,1.65486611981095
"838","Farp.image3.2020_01_10",5,0.264021536463681,22,22,1,1.26945770996224
"839","Farp.image3.2020_06_17",5,0.0325374524495105,22,15,0.681818181818182,1.51168411181435
"840","Farp.image4_left.2020_01_10",2,-0.0373662689896885,14,5,0.357142857142857,1.82521210714261
"841","Farp.image4_left.2020_06_17",3,0.145338625955216,16,15,0.9375,1.43372139092731
"842","Farp.image4_right.2020_01_10",5,0.239899472118542,31,30,0.967741935483871,1.08449257176987
"843","Farp.image4_right.2020_06_17",3,0.191191188254283,19,19,1,1.27626926178076
"844","Farp.image5_left.2020_01_10",4,-0.0561813639109556,20,12,0.6,1.4779170215372
"845","Farp.image5_right.2020_01_10",2,0.0374861419647826,20,18,0.9,1.48817978456658
"846","Farp.image5.2020_06_17",4,-0.0756462055550686,16,9,0.5625,1.57561628371626
"847","Farp.image6.2020_01_10",1,-0.0143971375504275,22,13,0.590909090909091,1.4610931295462
"848","Farp.image6.2020_06_17",6,0.0943029927845403,20,13,0.65,1.28014788690867
"849","Farp.image7_left.2020_06_17",1,0.0639519608976953,17,13,0.764705882352941,1.41765196672327
"850","Farp.image7_right.2020_06_17",3,0.185112877729669,23,20,0.869565217391304,1.32146471346071
"851","Farp.image7.2020_01_10",5,0.283918254771847,23,23,1,1.14939656050128
"852","Farp.image8.2020_01_10",5,0.249030198994192,17,16,0.941176470588235,1.24087908066384
"853","Farp.image8.2020_06_17",7,0.168503135644619,20,17,0.85,1.22518101916545
"854","Farp.image9.2020_01_10",4,0.23664422970423,21,21,1,1.21530801025439
"855","Farp.image9.2020_06_17",2,0.0146492313493392,71,43,0.605633802816901,1.148832494024
"856","FGF4.image1.2021_02_24",4,0.0497150495823566,14,14,1,1.45797640683622
"857","FGF4.image10.2021_02_24",2,0.0650169734954898,24,20,0.833333333333333,1.40169689396175
"858","FGF4.image11_left.2021_02_24",8,0.64750301719724,23,23,1,0.579960135929658
"859","FGF4.image11_right.2021_02_24",4,-0.0417597765313047,18,13,0.722222222222222,1.46551630994433
"860","FGF4.image13.2021_02_24",4,0.236826225524233,20,20,1,1.36211532000852
"861","FGF4.image15_left.2021_02_24",3,0.0954667969235744,22,11,0.5,1.43689537095358
"862","FGF4.image15_right.2021_02_24",7,0.061759434871512,15,9,0.6,1.4892960319243
"863","FGF4.image16_left.2021_02_24",2,-0.00558298655482218,18,10,0.555555555555556,1.49273202548722
"864","FGF4.image16_right.2021_02_24",4,0.132276449484192,17,17,1,1.42878275935829
"865","FGF4.image18_left.2021_02_24",4,0.0228984479616589,27,18,0.666666666666667,1.28530769752999
"866","FGF4.image18_right.2021_02_24",2,-0.00452762286018554,19,12,0.631578947368421,1.47496128644413
"867","FGF4.image2_left.2021_02_24",4,0.237514012141722,19,19,1,1.37767911463429
"868","FGF4.image2_right.2021_02_24",1,0.0704433949659582,24,23,0.958333333333333,1.38442873589507
"869","FGF4.image20_left.2021_02_24",4,0.179884946030867,24,24,1,1.26803400895055
"870","FGF4.image20_right.2021_02_24",3,0.0114775895689707,20,11,0.55,1.47170680777344
"871","FGF4.image22_left.2021_02_24",7,-0.0035751203175599,15,8,0.533333333333333,1.54047290639793
"872","FGF4.image22_right.2021_02_24",2,0.0481130924573973,22,16,0.727272727272727,1.40862358617756
"873","FGF4.image24.2021_02_24",5,0.30203220536385,21,21,1,1.25018984676091
"874","FGF4.image25_left.2021_02_24",4,0.188870677899698,16,16,1,1.44238705182369
"875","FGF4.image25_right.2021_02_24",7,0.0140695207229253,14,6,0.428571428571429,1.50337631520846
"876","FGF4.image26_left.2021_02_24",1,-0.0137372300184069,14,10,0.714285714285714,1.6091162301627
"877","FGF4.image26_right.2021_02_24",1,0.0914008719077379,30,30,1,1.34192791193442
"878","FGF4.image29_left.2021_02_24",4,-0.0241565523958668,15,15,1,1.42755172045302
"879","FGF4.image29_right.2021_02_24",4,0.1862159202077,16,15,0.9375,1.39979932257964
"880","FGF4.image3.2021_02_24",4,-0.145408088969994,15,9,0.6,1.56646438620603
"881","FGF4.image32_left.2021_02_24",1,0.00943742789932251,39,23,0.58974358974359,1.36764070170125
"882","FGF4.image32_right.2021_02_24",4,0.0986847167815511,20,14,0.7,1.30879924780323
"883","FGF4.image5_left.2021_02_24",1,0.041778826510024,14,7,0.5,1.62577804705082
"884","FGF4.image5_right.2021_02_24",1,0.0108816935228595,20,13,0.65,1.53199636594464
"885","FGF4.image7_left.2021_02_24",2,-0.0240692924016643,17,8,0.470588235294118,1.52084359117857
"886","FGF4.image7_right.2021_02_24",8,0.648392671610627,17,17,1,0.642502496647045
"887","Fgfr.slide1_image1.2020_10_06",1,0.126086569736372,14,14,1,1.61689003552575
"888","Fgfr.slide1_image10.2020_10_06",7,0.169819785954813,14,9,0.642857142857143,1.44081150266354
"889","Fgfr.slide1_image11.2020_10_06",1,0.0410272999465289,17,17,1,1.50275561709224
"890","Fgfr.slide1_image12.2020_10_06",1,0.0811061150264107,26,22,0.846153846153846,1.44014829055292
"891","Fgfr.slide1_image13.2020_10_06",1,0.00895010613282039,17,10,0.588235294117647,1.53263904032348
"892","Fgfr.slide1_image14_left.2020_10_06",1,0.0291758108117531,20,17,0.85,1.4600910968492
"893","Fgfr.slide1_image14_right.2020_10_06",1,0.102216234862602,14,11,0.785714285714286,1.67979398748188
"894","Fgfr.slide1_image15_left.2020_10_06",2,0.0612246118088863,23,15,0.652173913043478,1.39169257060148
"895","Fgfr.slide1_image15_right.2020_10_06",3,0.144037011938296,27,23,0.851851851851852,1.20473995154078
"896","Fgfr.slide1_image16.2020_10_06",2,-0.0393489898485301,14,8,0.571428571428571,1.71699630689719
"897","Fgfr.slide1_image17.2020_10_06",1,0.0533789984810257,17,14,0.823529411764706,1.49672789753154
"898","Fgfr.slide1_image18.2020_10_06",1,0.113085722030211,38,37,0.973684210526316,1.30087593639815
"899","Fgfr.slide1_image19_left.2020_10_06",4,0.156025361428216,21,21,1,1.33789275035103
"900","Fgfr.slide1_image19_right.2020_10_06",4,0.000908494776082874,14,6,0.428571428571429,1.66649909541553
"901","Fgfr.slide1_image2_left.2020_10_06",1,-0.0245875686184162,14,9,0.642857142857143,1.62749759471897
"902","Fgfr.slide1_image2_right.2020_10_06",2,0.127359917367238,19,16,0.842105263157895,1.4364158512463
"903","Fgfr.slide1_image20_right.2020_10_06",1,0.0524566669241297,18,18,1,1.4830412393641
"904","Fgfr.slide1_image21.2020_10_06",4,0.0387576273425064,16,16,1,1.44952578600571
"905","Fgfr.slide1_image22_left.2020_10_06",1,0.0730411325678814,27,22,0.814814814814815,1.46200160969035
"906","Fgfr.slide1_image23_left.2020_10_06",1,0.0941001014814414,28,24,0.857142857142857,1.42245343935541
"907","Fgfr.slide1_image23_right.2020_10_06",2,-0.00986672674657279,18,7,0.388888888888889,1.53725113192385
"908","Fgfr.slide1_image25.2020_10_06",1,-0.00650795437620723,22,16,0.727272727272727,1.41546315848748
"909","Fgfr.slide1_image26.2020_10_06",2,0.0983000343028137,20,17,0.85,1.43183991076698
"910","Fgfr.slide1_image28_left.2020_10_06",1,-0.00955957277724037,21,11,0.523809523809524,1.55558307013959
"911","Fgfr.slide1_image28_right.2020_10_06",1,-0.000912322716213504,15,12,0.8,1.59940099588033
"912","Fgfr.slide1_image29.2020_10_06",1,0.0512610372953742,27,19,0.703703703703704,1.51658329819821
"913","Fgfr.slide1_image3.2020_10_06",2,0.0265472431315913,14,10,0.714285714285714,1.54547177741602
"914","Fgfr.slide1_image30_left.2020_10_06",1,0.0386917432336811,16,14,0.875,1.49713179467912
"915","Fgfr.slide1_image30_right.2020_10_06",1,-0.0453999844577111,15,8,0.533333333333333,1.51481902747124
"916","Fgfr.slide1_image32.2020_10_06",4,0.103130136475834,18,18,1,1.31947987575313
"917","Fgfr.slide1_image33_left.2020_10_06",3,0.01922355494514,19,9,0.473684210526316,1.50298402311381
"918","Fgfr.slide1_image33_right.2020_10_06",1,-0.0451066061014794,17,10,0.588235294117647,1.50005140902247
"919","Fgfr.slide1_image36_left.2020_10_06",7,0.142646045860022,18,12,0.666666666666667,1.3538204509422
"920","Fgfr.slide1_image36_right.2020_10_06",6,0.133183307373064,14,13,0.928571428571429,1.61397849729104
"921","Fgfr.slide1_image37_left.2020_10_06",3,0.105975068218506,24,12,0.5,1.26169280004671
"922","Fgfr.slide1_image38.2020_10_06",1,-0.0342363071117053,35,17,0.485714285714286,1.39558669966025
"923","Fgfr.slide1_image39_left.2020_10_06",1,-0.0201105452318824,25,15,0.6,1.44844958835533
"924","Fgfr.slide1_image39_right.2020_10_06",3,0.0284754760786629,26,11,0.423076923076923,1.34005117037642
"925","Fgfr.slide1_image4_left.2020_10_06",1,0.0316904673437856,24,16,0.666666666666667,1.41682788908896
"926","Fgfr.slide1_image4_right.2020_10_06",3,0.0979751543064217,22,13,0.590909090909091,1.38568896711646
"927","Fgfr.slide1_image40_left.2020_10_06",4,0.172026963909232,15,15,1,1.47043948260532
"928","Fgfr.slide1_image40_right.2020_10_06",1,-0.00997938941853787,16,11,0.6875,1.49337345939398
"929","Fgfr.slide1_image41_right.2020_10_06",1,0.1265732382739,17,16,0.941176470588235,1.47281267827764
"930","Fgfr.slide1_image42.2020_10_06",1,0.0246676318974632,14,9,0.642857142857143,1.67003434946828
"931","Fgfr.slide1_image43.2020_10_06",1,-0.00832504251660022,18,16,0.888888888888889,1.54612106084072
"932","Fgfr.slide1_image5.2020_10_06",1,0.0132359358901316,15,12,0.8,1.66441673641227
"933","Fgfr.slide1_image6.2020_10_06",1,0.0597464113093066,18,16,0.888888888888889,1.4257341302769
"934","Fgfr.slide1_image7.2020_10_06",6,0.329233210928564,22,22,1,1.10261165871286
"935","Fgfr.slide1_image8.2020_10_06",1,0.0419540618981068,19,17,0.894736842105263,1.40775989613097
"936","Fgfr.slide1_image9.2020_10_06",2,-0.0463404137801931,20,8,0.4,1.44248417638697
"937","Fgfr.slide2_image10.2020_10_06",1,-0.00947810051488269,20,12,0.6,1.57237750341281
"938","Fgfr.slide2_image11.2020_10_06",1,-0.0347761714883872,15,8,0.533333333333333,1.63438602883824
"939","Fgfr.slide2_image12.2020_10_06",3,0.0322880730509787,14,7,0.5,1.60699061744877
"940","Fgfr.slide2_image13.2020_10_06",7,-0.00266696201174195,21,7,0.333333333333333,1.48766799022912
"941","Fgfr.slide2_image14.2020_10_06",2,-0.0345128632226921,14,10,0.714285714285714,1.69363476239995
"942","Fgfr.slide2_image15.2020_10_06",1,0.140106383178238,15,15,1,1.52522419201497
"943","Fgfr.slide2_image16_left.2020_10_06",1,0.0442317188151445,14,9,0.642857142857143,1.71390727221406
"944","Fgfr.slide2_image16_right.2020_10_06",1,-0.0225458339672539,14,9,0.642857142857143,1.62807447402006
"945","Fgfr.slide2_image17.2020_10_06",2,0.0351190830577638,14,10,0.714285714285714,1.61565602906856
"946","Fgfr.slide2_image18_right.2020_10_06",1,-0.0403959228811559,18,10,0.555555555555556,1.54919067078278
"947","Fgfr.slide2_image19.2020_10_06",1,-0.0509691624117748,20,9,0.45,1.58516150615617
"948","Fgfr.slide2_image2.2020_10_06",2,-0.00151684195855296,14,10,0.714285714285714,1.56867366809218
"949","Fgfr.slide2_image20.2020_10_06",1,0.0392097771384384,15,10,0.666666666666667,1.51893725961692
"950","Fgfr.slide2_image21_left.2020_10_06",1,0.0608853493865151,15,14,0.933333333333333,1.5324013299089
"951","Fgfr.slide2_image22.2020_10_06",7,0.0853300767574318,17,7,0.411764705882353,1.46165650299146
"952","Fgfr.slide2_image23_left.2020_10_06",1,0.0498795007868334,33,26,0.787878787878788,1.39928151147202
"953","Fgfr.slide2_image23_right.2020_10_06",1,0.0332637677820608,21,16,0.761904761904762,1.56571980328699
"954","Fgfr.slide2_image24.2020_10_06",2,-0.0161061888414509,14,9,0.642857142857143,1.70281635082571
"955","Fgfr.slide2_image25.2020_10_06",5,0.2251215441297,20,18,0.9,1.25983876576143
"956","Fgfr.slide2_image27.2020_10_06",1,0.028228489787058,16,8,0.5,1.5217352886807
"957","Fgfr.slide2_image29.2020_10_06",1,0.0103514216419919,25,19,0.76,1.42946912228363
"958","Fgfr.slide2_image3_left.2020_10_06",2,0.0257186899447894,16,9,0.5625,1.59678301624888
"959","Fgfr.slide2_image3_right.2020_10_06",2,-0.00188965477689097,43,25,0.581395348837209,1.35766212584524
"960","Fgfr.slide2_image30.2020_10_06",5,0.237533189926581,36,34,0.944444444444444,1.11225248014217
"961","Fgfr.slide2_image31.2020_10_06",1,0.0993303189129844,26,26,1,1.42301428997785
"962","Fgfr.slide2_image32.2020_10_06",4,0.105841644604013,16,16,1,1.39175555732278
"963","Fgfr.slide2_image33.2020_10_06",1,0.0112280449390908,14,9,0.642857142857143,1.71711830340267
"964","Fgfr.slide2_image34.2020_10_06",1,-0.0160469404493228,14,7,0.5,1.73677790962128
"965","Fgfr.slide2_image35_left.2020_10_06",4,0.100580355413798,18,18,1,1.36591421266763
"966","Fgfr.slide2_image36_left.2020_10_06",4,0.0589679559022097,22,19,0.863636363636364,1.32097273174922
"967","Fgfr.slide2_image36_right.2020_10_06",2,0.0304250061788405,17,14,0.823529411764706,1.50379158840485
"968","Fgfr.slide2_image37.2020_10_06",2,-0.00485458915424516,23,12,0.521739130434783,1.47910927138595
"969","Fgfr.slide2_image38_left.2020_10_06",2,-0.0220163444743044,19,16,0.842105263157895,1.48899795610791
"970","Fgfr.slide2_image38_right.2020_10_06",2,-0.112226322902398,28,13,0.464285714285714,1.50648420530335
"971","Fgfr.slide2_image39_left.2020_10_06",1,0.00507081077993756,20,17,0.85,1.58588042283079
"972","Fgfr.slide2_image39_right.2020_10_06",1,0.0583924344875475,15,13,0.866666666666667,1.57962043285218
"973","Fgfr.slide2_image4.2020_10_06",1,0.0579398327009286,14,13,0.928571428571429,1.70669354873273
"974","Fgfr.slide2_image40_left.2020_10_06",3,0.0509556800191529,15,11,0.733333333333333,1.56866777322566
"975","Fgfr.slide2_image40_right.2020_10_06",4,-0.05321455339865,14,13,0.928571428571429,1.5500049360971
"976","Fgfr.slide2_image41.2020_10_06",1,-0.0009292537634193,18,15,0.833333333333333,1.63001274414132
"977","Fgfr.slide2_image42.2020_10_06",1,0.00242578863000574,14,9,0.642857142857143,1.57920518648992
"978","Fgfr.slide2_image43.2020_10_06",5,0.0368876856503202,16,14,0.875,1.47705776482736
"979","Fgfr.slide2_image45.2020_10_06",1,0.0983858572292912,15,15,1,1.57222061751861
"980","Fgfr.slide2_image46_right.2020_10_06",5,0.174830468700384,16,12,0.75,1.42423750145415
"981","Fgfr.slide2_image47.2020_10_06",6,0.0915288507321801,55,24,0.436363636363636,1.13346324028526
"982","Fgfr.slide2_image48_right.2020_10_06",2,0.0292402669466608,15,6,0.4,1.55616552328167
"983","Fgfr.slide2_image5.2020_10_06",7,0.0801683314489871,15,4,0.266666666666667,1.58579129921861
"984","Fgfr.slide2_image50_left.2020_10_06",1,0.0552173271537128,27,19,0.703703703703704,1.46085151552323
"985","Fgfr.slide2_image51.2020_10_06",4,0.176806718312035,31,27,0.870967741935484,1.35856954058869
"986","Fgfr.slide2_image52.2020_10_06",1,0.0858532963660686,25,22,0.88,1.36254150803167
"987","Fgfr.slide2_image53_left.2020_10_06",2,0.0561832220650656,14,10,0.714285714285714,1.55822737565323
"988","Fgfr.slide2_image54_left.2020_10_06",3,-0.008676575018792,14,7,0.5,1.71484423328321
"989","Fgfr.slide2_image54_right.2020_10_06",1,0.0637611308513223,17,16,0.941176470588235,1.50904248378926
"990","Fgfr.slide2_image55_left.2020_10_06",1,0.00203128335477734,17,13,0.764705882352941,1.65707527777927
"991","Fgfr.slide2_image56.2020_10_06",1,0.0847427508337579,16,16,1,1.65295347311143
"992","Fgfr.slide2_image57.2020_10_06",1,0.0548677727313229,19,18,0.947368421052632,1.54159351665123
"993","Fgfr.slide2_image58.2020_10_06",1,-0.0947018583078195,23,10,0.434782608695652,1.52368817410434
"994","Fgfr.slide2_image59.2020_10_06",1,0.0711350008583681,15,12,0.8,1.50331407467576
"995","Fgfr.slide2_image6.2020_10_06",4,0.236641362175361,16,16,1,1.44404718666662
"996","Fgfr.slide2_image60.2020_10_06",4,0.252788140451356,17,17,1,1.39022712734378
"997","Fgfr.slide2_image61.2020_10_06",2,0.0386062509906667,19,15,0.789473684210526,1.41425976915468
"998","Fgfr.slide2_image62.2020_10_06",1,0.00827402696280647,17,17,1,1.50888103784782
"999","Fgfr.slide2_image63.2020_10_06",1,-0.00274719902834495,16,7,0.4375,1.58930920356105
"1000","Fgfr.slide2_image64.2020_10_06",1,0.00316192057567895,14,8,0.571428571428571,1.69789195438819
"1001","Fgfr.slide2_image7.2020_10_06",3,-0.00532653179229111,14,5,0.357142857142857,1.56481540554649
"1002","Fgfr.slide2_image9.2020_10_06",1,0.0174572598458252,19,10,0.526315789473684,1.55389211259058
"1003","Foxf.image1_right.2020_07_14",1,-0.0528936291157361,14,8,0.571428571428571,1.63526208178008
"1004","Foxf.image1.2020_07_23",2,-0.00993056866075222,15,12,0.8,1.61083375672617
"1005","Foxf.image10_left.2020_07_14",3,0.222808447548185,19,19,1,1.34623320816789
"1006","Foxf.image10_left.2020_07_23",3,-0.027356565847559,14,5,0.357142857142857,1.73152729167567
"1007","Foxf.image10_right.2020_07_14",6,0.140846751299242,24,17,0.708333333333333,1.19602615838835
"1008","Foxf.image10_right.2020_07_23",3,0.14699045363819,15,13,0.866666666666667,1.60177819076415
"1009","Foxf.image10.2020_06_17",1,-0.066528573032105,33,21,0.636363636363636,1.37726437488432
"1010","Foxf.image11.2020_06_17",2,0.116333551762519,18,17,0.944444444444444,1.52323359688786
"1011","Foxf.image11.2020_07_14",3,-0.0068429573494929,15,7,0.466666666666667,1.52459162549655
"1012","Foxf.image12.2020_06_17",5,0.198084259965023,15,14,0.933333333333333,1.27586988298245
"1013","Foxf.image13_left.2020_06_17",2,0.0159891303119374,14,10,0.714285714285714,1.80139469771681
"1014","Foxf.image13_right.2020_06_17",5,0.12120180199671,27,17,0.62962962962963,1.24952479074513
"1015","Foxf.image14.2020_06_17",8,0.678807977458599,28,28,1,0.565510047601385
"1016","Foxf.image15_left.2020_06_17",1,0.120874157890766,37,34,0.918918918918919,1.34266906176398
"1017","Foxf.image15_right.2020_06_17",2,0.0120898886495532,15,6,0.4,1.57228673585916
"1018","Foxf.image17_left.2020_06_17",3,0.0252436139861828,15,8,0.533333333333333,1.52413356072072
"1019","Foxf.image19_left.2020_06_17",2,-0.016869931405369,23,12,0.521739130434783,1.43624851102964
"1020","Foxf.image19_right.2020_06_17",3,-0.00176734406803414,16,6,0.375,1.61609934230882
"1021","Foxf.image2.2020_06_17",3,-0.0867487575771831,16,8,0.5,1.59453893455849
"1022","Foxf.image2.2020_07_14",3,0.0751426864723553,16,9,0.5625,1.50563693890472
"1023","Foxf.image2.2020_07_23",2,-0.0433579308425169,16,12,0.75,1.45915317441223
"1024","Foxf.image3.2020_06_17",1,-0.0757719332120898,22,15,0.681818181818182,1.48749089419161
"1025","Foxf.image3.2020_07_14",3,0.0949534066582604,15,10,0.666666666666667,1.51396859178602
"1026","Foxf.image3.2020_07_23",5,0.0487495305900254,14,6,0.428571428571429,1.36872413696602
"1027","Foxf.image4.2020_06_17",2,-0.0486340540473675,16,6,0.375,1.57010075288038
"1028","Foxf.image4.2020_07_14",6,0.152439287678993,16,13,0.8125,1.30640560474972
"1029","Foxf.image4.2020_07_23",3,0.00677764208164283,14,7,0.5,1.70966262216429
"1030","Foxf.image5_left.2020_07_23",3,0.169573135011759,47,41,0.872340425531915,1.17436972936682
"1031","Foxf.image5_right.2020_07_23",3,0.138480960298311,32,27,0.84375,1.22332986927692
"1032","Foxf.image5.2020_06_17",3,0.0902291507145981,18,13,0.722222222222222,1.45666824185634
"1033","Foxf.image6.2020_06_17",3,0.126615765474901,51,39,0.764705882352941,1.1570677782989
"1034","Foxf.image6.2020_07_14",3,-0.013703713372168,16,9,0.5625,1.47458776174536
"1035","Foxf.image7.2020_06_17",2,-0.0661847896482795,18,10,0.555555555555556,1.58158453116019
"1036","Foxf.image7.2020_07_14",3,0.0853126017945844,16,11,0.6875,1.48341815182377
"1037","Foxf.image7.2020_07_23",3,0.169941366854779,20,17,0.85,1.35829757200412
"1038","Foxf.image8_left.2020_07_23",6,0.115499651036923,14,10,0.714285714285714,1.46417253460179
"1039","Foxf.image8_right.2020_07_23",6,0.233963780443082,24,23,0.958333333333333,1.10606737394524
"1040","Foxf.image8.2020_07_14",2,-0.0545026049174681,32,17,0.53125,1.39924528479419
"1041","Foxf.image9_left.2020_07_14",6,0.25491126591732,21,19,0.904761904761905,1.1714289782878
"1042","Foxf.image9.2020_06_17",1,0.0392405502890459,16,14,0.875,1.5301960407394
"1043","Foxf.image9.2020_07_23",3,0.113987283391574,14,13,0.928571428571429,1.47082675469847
"1044","Foxf.slide1_image1.2020_02_06",2,0.0957496724504687,16,16,1,1.50844817182663
"1045","Foxf.slide1_image10.2020_02_06",4,-0.00670803094505376,19,17,0.894736842105263,1.37410362359513
"1046","Foxf.slide1_image11.2020_02_06",3,0.0636178095574196,18,16,0.888888888888889,1.52197147278611
"1047","Foxf.slide1_image12.2020_02_06",1,0.00515454523858063,14,7,0.5,1.54831709601741
"1048","Foxf.slide1_image14_left.2020_02_06",2,0.127486252715197,16,16,1,1.49057301780102
"1049","Foxf.slide1_image14_right.2020_02_06",5,0.268728943774902,26,26,1,1.16435352289394
"1050","Foxf.slide1_image15_left.2020_02_06",4,-0.0206911233575956,21,20,0.952380952380952,1.29697530915827
"1051","Foxf.slide1_image15_right.2020_02_06",2,-0.0295336979436747,15,15,1,1.52358112882556
"1052","Foxf.slide1_image16.2020_02_06",2,0.107962173091115,18,14,0.777777777777778,1.49033754915311
"1053","Foxf.slide1_image17.2020_02_06",5,0.0367376209676675,19,14,0.736842105263158,1.44232067762998
"1054","Foxf.slide1_image18.2020_02_06",2,-0.0110230246194822,17,9,0.529411764705882,1.4900382017537
"1055","Foxf.slide1_image19.2020_02_06",1,-0.00850222291916195,16,10,0.625,1.56619023173875
"1056","Foxf.slide1_image2.2020_02_06",2,0.0700047729110222,32,29,0.90625,1.34045603589037
"1057","Foxf.slide1_image20.2020_02_06",3,0.0393508750287209,18,15,0.833333333333333,1.52460725318073
"1058","Foxf.slide1_image21.2020_02_06",2,0.116538106229759,33,28,0.848484848484849,1.37421574961291
"1059","Foxf.slide1_image22_left.2020_02_06",2,0.0315925694228671,14,11,0.785714285714286,1.59915362348078
"1060","Foxf.slide1_image22_right.2020_02_06",3,0.0344959862870349,14,7,0.5,1.55333539146809
"1061","Foxf.slide1_image3.2020_02_06",1,-0.00158905461298124,14,6,0.428571428571429,1.73643987764965
"1062","Foxf.slide1_image4.2020_02_06",2,0.0481443334642346,18,17,0.944444444444444,1.49297315624126
"1063","Foxf.slide1_image5.2020_02_06",7,0.0676030915941367,14,8,0.571428571428571,1.5027715907953
"1064","Foxf.slide1_image6.2020_02_06",7,0.11196896602204,16,9,0.5625,1.40370413912737
"1065","Foxf.slide1_image7.2020_02_06",2,-0.0495666785466822,28,13,0.464285714285714,1.43668096449789
"1066","Foxf.slide1_image8.2020_02_06",2,0.105822626588436,19,18,0.947368421052632,1.50816349165065
"1067","Foxf.slide1_image9.2020_02_06",7,0.151334903082016,16,9,0.5625,1.41579126085672
"1068","Foxf.slide2_image1.2020_02_06",2,0.131241454618336,20,19,0.95,1.38409973791971
"1069","Foxf.slide2_image10.2020_02_06",3,0.130919767471742,38,36,0.947368421052632,1.21320479478609
"1070","Foxf.slide2_image11.2020_02_06",2,0.030605022306994,15,9,0.6,1.60833349018105
"1071","Foxf.slide2_image12_left.2020_02_06",2,0.114765092534093,17,16,0.941176470588235,1.58676120842342
"1072","Foxf.slide2_image12_right.2020_02_06",3,0.0125755411185609,22,10,0.454545454545455,1.45643029563809
"1073","Foxf.slide2_image13.2020_02_06",2,0.00116990245181377,22,12,0.545454545454545,1.49319786468162
"1074","Foxf.slide2_image14_left.2020_02_06",3,0.126845891754792,21,20,0.952380952380952,1.4103845426626
"1075","Foxf.slide2_image14_right.2020_02_06",3,0.0253653420325464,21,13,0.619047619047619,1.56532675987407
"1076","Foxf.slide2_image15.2020_02_06",1,0.0281796200712443,17,10,0.588235294117647,1.49632323469059
"1077","Foxf.slide2_image16.2020_02_06",2,0.0677039635829475,29,21,0.724137931034483,1.37845093826906
"1078","Foxf.slide2_image18.2020_02_06",1,-0.0141606255930484,14,9,0.642857142857143,1.66539827323804
"1079","Foxf.slide2_image19.2020_02_06",7,0.149649161198478,14,8,0.571428571428571,1.52652881965046
"1080","Foxf.slide2_image2.2020_02_06",2,-0.0696688888129249,41,24,0.585365853658537,1.33859698046195
"1081","Foxf.slide2_image20.2020_02_06",2,0.0783151170730957,15,13,0.866666666666667,1.59627424711176
"1082","Foxf.slide2_image21.2020_02_06",2,0.012284731151962,15,8,0.533333333333333,1.53421108299779
"1083","Foxf.slide2_image22.2020_02_06",2,0.0759097154262244,15,15,1,1.65341113958037
"1084","Foxf.slide2_image24.2020_02_06",2,-0.0532742410042293,40,18,0.45,1.30076681407196
"1085","Foxf.slide2_image25_left.2020_02_06",2,0.10448236744008,15,10,0.666666666666667,1.7612731381808
"1086","Foxf.slide2_image26.2020_02_06",3,0.0945677094479836,16,12,0.75,1.51054100656961
"1087","Foxf.slide2_image27_left.2020_02_06",2,0.0320656417960087,21,14,0.666666666666667,1.43975383439256
"1088","Foxf.slide2_image28.2020_02_06",2,-0.0242797978607827,46,31,0.673913043478261,1.24832686258146
"1089","Foxf.slide2_image29.2020_02_06",2,0.0304108423022547,17,14,0.823529411764706,1.46729688046186
"1090","Foxf.slide2_image3_left.2020_02_06",7,0.109218877384775,14,9,0.642857142857143,1.55486338304925
"1091","Foxf.slide2_image30_left.2020_02_06",2,0.0503348689297761,15,10,0.666666666666667,1.63991169961013
"1092","Foxf.slide2_image30_right.2020_02_06",2,-0.0684691772069552,17,9,0.529411764705882,1.60728959449393
"1093","Foxf.slide2_image31_left.2020_02_06",3,0.103826157370063,14,14,1,1.56958178273893
"1094","Foxf.slide2_image31_right.2020_02_06",3,0.0645646550694209,25,17,0.68,1.47697912058358
"1095","Foxf.slide2_image32.2020_02_06",3,0.0194195163262048,28,17,0.607142857142857,1.37651609611452
"1096","Foxf.slide2_image4.2020_02_06",3,0.0120010571395366,14,7,0.5,1.6885856411704
"1097","Foxf.slide2_image5.2020_02_06",2,0.105451572287578,17,17,1,1.48836518501689
"1098","Foxf.slide2_image6.2020_02_06",2,0.0849262075824736,17,17,1,1.49229689461468
"1099","Foxf.slide2_image7.2020_02_06",2,0.0730048912075905,37,37,1,1.25470131306201
"1100","Foxf.slide2_image8.2020_02_06",1,-0.011470406768779,22,16,0.727272727272727,1.43739319602979
"1101","Foxf.slide2_image9.2020_02_06",3,0.05972427649255,28,15,0.535714285714286,1.36277506817082
"1102","FZD.slide1_image1_right.2020_11_04",5,0.114739661065406,15,12,0.8,1.37874057505754
"1103","FZD.slide1_image1.2020_11_05",4,0.00641237497967745,20,17,0.85,1.26619029324955
"1104","FZD.slide1_image10_left.2020_11_04",5,0.177344668585764,25,23,0.92,1.17443849946885
"1105","FZD.slide1_image10_right.2020_11_04",2,0.0775400317698347,19,13,0.684210526315789,1.44823035968475
"1106","FZD.slide1_image10.2020_11_05",4,0.0922756083125805,15,15,1,1.39413312545225
"1107","FZD.slide1_image12.2020_11_04",2,-0.0982764166421309,21,9,0.428571428571429,1.48286094049241
"1108","FZD.slide1_image14.2020_11_05",4,0.144332385313763,21,21,1,1.35587901498236
"1109","FZD.slide1_image15_left.2020_11_04",4,0.239625848170177,26,26,1,1.24530996686064
"1110","FZD.slide1_image15_right.2020_11_04",1,0.0704046824426844,20,15,0.75,1.42859130766246
"1111","FZD.slide1_image16.2020_11_05",4,0.157907226345409,14,14,1,1.48200763961591
"1112","FZD.slide1_image18.2020_11_04",1,0.0206100217409107,17,14,0.823529411764706,1.52416912007647
"1113","FZD.slide1_image19_right.2020_11_05",8,0.43822630436103,17,15,0.882352941176471,0.830613833704256
"1114","FZD.slide1_image21_right.2020_11_05",4,0.233693766035078,14,14,1,1.45792525436166
"1115","FZD.slide1_image22.2020_11_04",1,0.0190770665736244,23,19,0.826086956521739,1.44972272746136
"1116","FZD.slide1_image22.2020_11_05",8,0.681136409383129,32,32,1,0.536131072672512
"1117","FZD.slide1_image23_right.2020_11_04",4,0.270893033577602,15,15,1,1.40128719424437
"1118","FZD.slide1_image23.2020_11_05",1,0.0618829620547857,29,19,0.655172413793103,1.38856843232128
"1119","FZD.slide1_image29_left.2020_11_04",1,0.0684223071150629,18,12,0.666666666666667,1.44760739069048
"1120","FZD.slide1_image30_left.2020_11_04",5,0.229421211974535,15,15,1,1.33595103302349
"1121","FZD.slide1_image4_left.2020_11_05",4,0.150253312321794,33,31,0.939393939393939,1.23728883223193
"1122","FZD.slide1_image4.2020_11_04",4,0.158018336190211,30,30,1,1.25600527013653
"1123","FZD.slide1_image6.2020_11_04",1,-0.0359573295002931,21,15,0.714285714285714,1.47473197174059
"1124","FZD.slide1_image8.2020_11_05",1,-0.0502936124674803,14,11,0.785714285714286,1.55789928187076
"1125","FZD.slide1_image9_left.2020_11_04",7,0.12113928910585,15,9,0.6,1.36291847873783
"1126","FZD.slide1_image9_right.2020_11_04",7,0.239979373582462,19,16,0.842105263157895,1.24536789245091
"1127","FZD.slide2_image1.2020_11_04",8,0.612187310232673,21,20,0.952380952380952,0.634158198935222
"1128","FZD.slide2_image11.2020_11_04",5,0.317227464192907,28,28,1,1.10793376260551
"1129","FZD.slide2_image13.2020_11_04",1,0.041404182760951,15,11,0.733333333333333,1.51558757670436
"1130","FZD.slide2_image13.2020_11_05",1,0.093880267587069,15,14,0.933333333333333,1.47774463419587
"1131","FZD.slide2_image15_left.2020_11_04",1,-0.0064143393781598,15,13,0.866666666666667,1.59446162890716
"1132","FZD.slide2_image15_right.2020_11_04",5,0.286236882850487,16,16,1,1.18854054140108
"1133","FZD.slide2_image15.2020_11_05",5,0.221244084053548,18,17,0.944444444444444,1.22212688564827
"1134","FZD.slide2_image16.2020_11_05",4,0.214627116695124,16,16,1,1.3870337831935
"1135","FZD.slide2_image17.2020_11_04",5,0.165508269216685,14,11,0.785714285714286,1.44478450637166
"1136","FZD.slide2_image18.2020_11_05",4,-0.0254203351043561,15,12,0.8,1.56898316337069
"1137","FZD.slide2_image19.2020_11_05",8,0.651546323371965,16,16,1,0.628772737067512
"1138","FZD.slide2_image22.2020_11_04",1,-0.033133989733112,20,15,0.75,1.4266163564372
"1139","FZD.slide2_image23.2020_11_05",5,0.00887560470043481,14,5,0.357142857142857,1.61498731912154
"1140","FZD.slide2_image25.2020_11_04",5,0.0549271574453947,24,16,0.666666666666667,1.23843531534281
"1141","FZD.slide2_image25.2020_11_05",2,-0.0571663732788723,23,18,0.782608695652174,1.41240279541091
"1142","FZD.slide2_image27.2020_11_05",4,0.169634820738519,14,14,1,1.51063343680318
"1143","FZD.slide2_image28_left.2020_11_05",1,0.0234281258173515,28,25,0.892857142857143,1.44072608099551
"1144","FZD.slide2_image28_right.2020_11_05",8,0.551851363704489,20,19,0.95,0.711024781485443
"1145","FZD.slide2_image29.2020_11_05",1,0.0896734424113547,16,14,0.875,1.58178609605302
"1146","FZD.slide2_image30.2020_11_04",1,0.0423074809519975,14,10,0.714285714285714,1.62484578743331
"1147","FZD.slide2_image32.2020_11_05",4,-0.120006306387627,17,15,0.882352941176471,1.4029429396287
"1148","FZD.slide2_image34.2020_11_04",1,0.140397032831104,15,15,1,1.57577232867197
"1149","FZD.slide2_image36_left.2020_11_04",5,0.32604316032553,39,39,1,1.10029004961795
"1150","FZD.slide2_image36_right.2020_11_04",1,0.0965157660464135,32,29,0.90625,1.41149657210248
"1151","FZD.slide2_image37.2020_11_04",5,0.218471351985356,24,22,0.916666666666667,1.16132343442041
"1152","FZD.slide2_image4.2020_11_04",1,0.0140830796256459,18,8,0.444444444444444,1.48861196447152
"1153","FZD.slide2_image4.2020_11_05",4,0.204285692909566,14,14,1,1.3847240988929
"1154","FZD.slide2_image40.2020_11_04",4,0.215429874385826,16,16,1,1.39018735384915
"1155","FZD.slide2_image42.2020_11_04",2,0.12457074480316,19,19,1,1.47815097522583
"1156","FZD.slide2_image7.2020_11_05",5,0.224000317109715,16,16,1,1.34752264656058
"1157","FZD.slide2_image9.2020_11_04",1,0.0209673829447667,15,12,0.8,1.60048171416681
"1158","FZD.slide2_image9.2020_11_05",4,-0.00254324450085007,20,20,1,1.21428391432405
"1159","Gata.image1.2020_06_17",2,-0.0497271085072757,19,7,0.368421052631579,1.69565754066059
"1160","Gata.image1.2020_06_17.1",4,0.225338257675062,28,28,1,1.26207414928656
"1161","Gata.image2_left.2020_06_17",5,0.242731181912969,20,19,0.95,1.20028009890896
"1162","Gata.image2_right.2020_06_17",3,0.147414123131534,16,9,0.5625,1.3763991153564
"1163","Gata.image2.2020_06_17",5,0.0984010895325723,15,10,0.666666666666667,1.27971110662177
"1164","Gata.image3.2020_06_17",2,-0.0229057769989355,18,9,0.5,1.49534051933896
"1165","Gata.image3.2020_06_17.1",1,-0.0656120424540712,18,12,0.666666666666667,1.51664389283855
"1166","Gata.image4_left.2020_06_17",7,0.103163856615812,14,8,0.571428571428571,1.53764097252448
"1167","Gata.image4_right.2020_06_17",7,0.144568819470683,25,17,0.68,1.21068150671089
"1168","Gata.image4.2020_06_17",7,0.108305619564588,17,8,0.470588235294118,1.32544766936211
"1169","Gata.image5.2020_06_17",8,0.526254082492242,21,18,0.857142857142857,0.725746791328885
"1170","Gata.image5.2020_06_17.1",4,0.135732433066989,14,14,1,1.49679935879699
"1171","Gata.image6_left.2020_06_17",1,0.0358524157236308,14,12,0.857142857142857,1.76560703143775
"1172","Gata.image6_right.2020_06_17",2,-0.107356904290557,39,36,0.923076923076923,1.27785769613414
"1173","Gata.image7_left.2020_06_17",7,0.188116484848485,15,12,0.8,1.41668130317455
"1174","Gata.image7_right.2020_06_17",4,0.0843610729734425,15,15,1,1.37754836119274
"1175","Gata.slide1_image1.2020_02_06",2,-0.0134335415631981,22,17,0.772727272727273,1.42992730058036
"1176","Gata.slide1_image10_left.2020_02_06",2,-0.0247448732773182,15,7,0.466666666666667,1.56183490127288
"1177","Gata.slide1_image10_right.2020_02_06",2,0.0825842716990614,33,25,0.757575757575758,1.3183404503191
"1178","Gata.slide1_image11_left.2020_02_06",1,-0.00105306522732759,24,21,0.875,1.55847422281944
"1179","Gata.slide1_image11_right.2020_02_06",1,-0.0630134232618044,14,8,0.571428571428571,1.5574210187974
"1180","Gata.slide1_image12.2020_02_06",7,0.203485824299914,24,21,0.875,1.20182219995439
"1181","Gata.slide1_image13.2020_02_06",2,-0.00351058000579141,41,30,0.731707317073171,1.31262808766626
"1182","Gata.slide1_image14_left.2020_02_06",2,-0.18855373127723,37,23,0.621621621621622,1.31585914472554
"1183","Gata.slide1_image14_right.2020_02_06",2,0.0894577253038295,14,12,0.857142857142857,1.62508194058764
"1184","Gata.slide1_image15_left.2020_02_06",3,0.05926447305818,16,14,0.875,1.5045171054301
"1185","Gata.slide1_image15_right.2020_02_06",2,-0.039234665150599,26,13,0.5,1.43061466698148
"1186","Gata.slide1_image16_right.2020_02_06",7,0.240931247233386,16,15,0.9375,1.21003173114355
"1187","Gata.slide1_image17.2020_02_06",2,-0.0634561405236168,16,8,0.5,1.58574835335291
"1188","Gata.slide1_image18_left.2020_02_06",2,0.00453366695387328,14,9,0.642857142857143,1.7550740201538
"1189","Gata.slide1_image18_right.2020_02_06",7,0.307922169757226,20,18,0.9,1.1733258592049
"1190","Gata.slide1_image19_left.2020_02_06",7,0.264549688552833,20,20,1,1.21536508284477
"1191","Gata.slide1_image19_right.2020_02_06",6,0.201892327964292,14,14,1,1.28022404016969
"1192","Gata.slide1_image2.2020_02_06",1,-0.100196282553552,17,10,0.588235294117647,1.5938003476389
"1193","Gata.slide1_image20_left.2020_02_06",6,0.205070481191633,19,15,0.789473684210526,1.2622109936304
"1194","Gata.slide1_image20_right.2020_02_06",6,0.109158506495937,15,14,0.933333333333333,1.44779583913297
"1195","Gata.slide1_image3_left.2020_02_06",3,0.021503769099859,28,11,0.392857142857143,1.35382834900949
"1196","Gata.slide1_image3_right.2020_02_06",3,0.0357315337777824,22,16,0.727272727272727,1.3524300273677
"1197","Gata.slide1_image5.2020_02_06",7,0.275876182036189,44,44,1,1.05300518496499
"1198","Gata.slide1_image6_left.2020_02_06",1,0.00312030268590084,19,18,0.947368421052632,1.54877378886519
"1199","Gata.slide1_image6_right.2020_02_06",2,0.0171660842687179,21,13,0.619047619047619,1.47194045381543
"1200","Gata.slide1_image7_left.2020_02_06",2,-0.127149781913106,15,7,0.466666666666667,1.71757350406104
"1201","Gata.slide1_image7_right.2020_02_06",3,0.0862411384321564,19,14,0.736842105263158,1.52229318440599
"1202","Gata.slide1_image9.2020_02_06",6,0.251228792558814,20,18,0.9,1.22313288761679
"1203","Gata.slide2_image1.2020_02_06",7,0.205034926338898,20,16,0.8,1.25134678778955
"1204","Gata.slide2_image10.2020_02_06",2,-0.0329954160628672,25,17,0.68,1.4152132114349
"1205","Gata.slide2_image11_left.2020_02_06",6,0.306588149879641,24,24,1,1.12778516093471
"1206","Gata.slide2_image11_right.2020_02_06",7,0.14933329054399,20,16,0.8,1.19556108224075
"1207","Gata.slide2_image12_left.2020_02_06",3,-0.100013745499557,14,7,0.5,1.61924760211801
"1208","Gata.slide2_image12_right.2020_02_06",6,0.192815108186382,14,14,1,1.48334971223156
"1209","Gata.slide2_image13.2020_02_06",3,0.076688548787567,18,9,0.5,1.48128122295733
"1210","Gata.slide2_image14.2020_02_06",3,0.0896913160803803,16,8,0.5,1.45613572197249
"1211","Gata.slide2_image15_left.2020_02_06",7,0.288813345340757,43,42,0.976744186046512,1.09476893005281
"1212","Gata.slide2_image15_right.2020_02_06",7,0.174468899283806,14,9,0.642857142857143,1.45500550601308
"1213","Gata.slide2_image16_left.2020_02_06",2,-0.131908551755865,14,8,0.571428571428571,1.66826149241713
"1214","Gata.slide2_image16_right.2020_02_06",2,-0.119767930488777,22,9,0.409090909090909,1.47271081545871
"1215","Gata.slide2_image17_left.2020_02_06",4,-0.00875227723404782,14,13,0.928571428571429,1.64356812762838
"1216","Gata.slide2_image17_right.2020_02_06",6,0.295516202307954,32,31,0.96875,1.06134114840256
"1217","Gata.slide2_image18_left.2020_02_06",4,0.189625654900919,20,20,1,1.33898639981284
"1218","Gata.slide2_image18_right.2020_02_06",7,0.18526828445135,22,22,1,1.21809054197569
"1219","Gata.slide2_image19_left.2020_02_06",1,-0.0293113811886752,29,24,0.827586206896552,1.4443919091777
"1220","Gata.slide2_image2_left.2020_02_06",2,0.0383007384799364,15,11,0.733333333333333,1.48859738002832
"1221","Gata.slide2_image2_right.2020_02_06",5,0.136381028627311,38,17,0.447368421052632,1.1220577928131
"1222","Gata.slide2_image20.2020_02_06",6,0.193819226338202,17,14,0.823529411764706,1.26597655214303
"1223","Gata.slide2_image21.2020_02_06",2,0.00598610710268623,20,11,0.55,1.48517410336852
"1224","Gata.slide2_image22.2020_02_06",1,-0.0174961666631085,22,18,0.818181818181818,1.32102299745209
"1225","Gata.slide2_image23.2020_02_06",6,0.0476991071763026,33,14,0.424242424242424,1.18643268899418
"1226","Gata.slide2_image3_left.2020_02_06",2,0.149850392645749,15,15,1,1.5404417126805
"1227","Gata.slide2_image3_right.2020_02_06",1,0.0203473966419186,17,11,0.647058823529412,1.64268548203231
"1228","Gata.slide2_image4_left.2020_02_06",1,-0.0608515380422693,36,27,0.75,1.34679105402757
"1229","Gata.slide2_image5.2020_02_06",2,0.115109942066854,14,14,1,1.61734066269393
"1230","Gata.slide2_image6.2020_02_06",7,0.135961513812212,18,9,0.5,1.3610855133376
"1231","Gata.slide2_image7_left.2020_02_06",7,0.0572627909327278,14,5,0.357142857142857,1.64382205075888
"1232","Gata.slide2_image7_right.2020_02_06",2,0.06458096183696,15,12,0.8,1.53992602073697
"1233","Gata.slide2_image8_left.2020_02_06",2,-0.0972129439930439,22,10,0.454545454545455,1.51487573249033
"1234","Gata.slide2_image9.2020_02_06",3,2.34161881970428e-05,19,7,0.368421052631579,1.46504810796087
"1235","Gna.L.S.image1.2020_06_17",4,0.0276128130512039,22,11,0.5,1.37322209505984
"1236","Gna.L.S.image10.2020_06_17",3,0.127521660238341,15,15,1,1.49163790022767
"1237","Gna.L.S.image11.2020_06_17",3,0.117398117164336,18,18,1,1.4327884012632
"1238","Gna.L.S.image12_left.2020_06_17",2,-0.109348703670891,23,9,0.391304347826087,1.51750483713833
"1239","Gna.L.S.image13.2020_06_17",4,0.044926528587945,14,14,1,1.5940000349051
"1240","Gna.L.S.image14_left.2020_06_17",3,0.129697124223245,14,13,0.928571428571429,1.57848500256641
"1241","Gna.L.S.image14_right.2020_06_17",2,-0.0450570859152444,14,5,0.357142857142857,1.82514652173614
"1242","Gna.L.S.image15_left.2020_06_17",3,0.241439228852417,22,21,0.954545454545455,1.26592945578221
"1243","Gna.L.S.image16.2020_06_17",8,0.619880305126701,17,17,1,0.633283789739111
"1244","Gna.L.S.image17_left.2020_06_17",3,0.0474626844786721,27,15,0.555555555555556,1.28950090374211
"1245","Gna.L.S.image18.2020_06_17",3,0.203778730576601,19,18,0.947368421052632,1.33145450771789
"1246","Gna.L.S.image19_left.2020_06_17",3,0.0938284664524834,28,15,0.535714285714286,1.30149406405072
"1247","Gna.L.S.image19_right.2020_06_17",2,-0.0183475021742745,18,8,0.444444444444444,1.54688536669995
"1248","Gna.L.S.image2.2020_06_17",3,-0.0567980617646634,20,9,0.45,1.4259258104663
"1249","Gna.L.S.image20_left.2020_06_17",1,0.00679302215927607,15,9,0.6,1.62480859024901
"1250","Gna.L.S.image20_right.2020_06_17",4,0.221276368630759,20,20,1,1.3456156849077
"1251","Gna.L.S.image3_left.2020_06_17",3,0.0712623319008946,22,19,0.863636363636364,1.34843371617279
"1252","Gna.L.S.image3_right.2020_06_17",3,0.228969257206895,51,48,0.941176470588235,1.15402275138467
"1253","Gna.L.S.image4_right.2020_06_17",4,0.0787726368721155,15,10,0.666666666666667,1.46408080429387
"1254","Gna.L.S.image6_left.2020_06_17",7,-0.00964344280134492,20,8,0.4,1.26727952612752
"1255","Gna.L.S.image6_right.2020_06_17",2,-0.019047006278798,19,8,0.421052631578947,1.50644167705278
"1256","Gna.L.S.image7.2020_06_17",3,-0.00730391644654489,38,23,0.605263157894737,1.31938740106633
"1257","Gna.L.S.image8.2020_06_17",4,0.219733281458718,14,14,1,1.394526733597
"1258","Gna.L.S.image9.2020_06_17",8,0.468151065236055,16,15,0.9375,0.876502936369721
"1259","Gna.L.S.slide1_image10.2020_10_07",1,0.0105022751720565,24,16,0.666666666666667,1.35240859622671
"1260","Gna.L.S.slide1_image12.2020_10_07",6,0.210909223031368,17,14,0.823529411764706,1.2449803946816
"1261","Gna.L.S.slide1_image17.2020_10_07",1,0.0794305040095836,14,12,0.857142857142857,1.68648028427546
"1262","Gna.L.S.slide1_image19.2020_10_07",7,0.0912015668681135,17,11,0.647058823529412,1.35112340828628
"1263","Gna.L.S.slide1_image2.2020_10_07",2,0.0242071150381387,29,18,0.620689655172414,1.39368566264334
"1264","Gna.L.S.slide1_image22_left.2020_10_07",6,0.342897628119736,20,20,1,1.20081452758089
"1265","Gna.L.S.slide1_image23.2020_10_07",7,0.0278329267466529,15,6,0.4,1.50373868696755
"1266","Gna.L.S.slide1_image25.2020_10_07",7,0.251800039110047,30,26,0.866666666666667,1.15335100956473
"1267","Gna.L.S.slide1_image3.2020_10_07",7,0.177053321439793,17,16,0.941176470588235,1.35988446948834
"1268","Gna.L.S.slide1_image33.2020_10_07",5,0.250024745510382,22,21,0.954545454545455,1.19260139752542
"1269","Gna.L.S.slide1_image37_left.2020_10_07",1,0.0223543267371417,16,15,0.9375,1.48916189778977
"1270","Gna.L.S.slide1_image37_right.2020_10_07",2,-0.108554272593745,16,10,0.625,1.46183226606058
"1271","Gna.L.S.slide1_image4.2020_10_07",6,0.284199941319912,17,17,1,1.15399042774405
"1272","Gna.L.S.slide1_image40.2020_10_07",4,-0.0431361343173188,16,16,1,1.34943733004043
"1273","Gna.L.S.slide1_image43.2020_10_07",6,0.304146201754603,21,20,0.952380952380952,1.05968782906463
"1274","Gna.L.S.slide1_image45.2020_10_07",7,0.214821470428632,19,17,0.894736842105263,1.29844695743279
"1275","Gna.L.S.slide1_image5_right.2020_10_07",7,0.18866072041406,15,12,0.8,1.38884391065614
"1276","Gna.L.S.slide1_image52.2020_10_07",5,0.290744421611812,18,18,1,1.25859046458622
"1277","Gna.L.S.slide1_image8_left.2020_10_07",7,0.145292476905406,15,10,0.666666666666667,1.35883822594623
"1278","Gna.L.S.slide1_image8_right.2020_10_07",2,0.0447401796212293,25,23,0.92,1.39195691012364
"1279","Gna.L.S.slide1_image9.2020_10_07",5,0.216338354872734,31,27,0.870967741935484,1.1195252133609
"1280","Gna.L.S.slide2_image1.2020_10_07",1,0.0328822401031006,33,18,0.545454545454545,1.34170694007118
"1281","Gna.L.S.slide2_image10.2020_10_07",6,0.262669539705902,19,19,1,1.1786513796678
"1282","Gna.L.S.slide2_image14.2020_10_07",4,0.044172780512527,16,16,1,1.45118279900587
"1283","Gna.L.S.slide2_image21_left.2020_10_07",1,0.0509394301276487,15,13,0.866666666666667,1.58479495966642
"1284","Gna.L.S.slide2_image21_right.2020_10_07",7,0.152365128459116,26,13,0.5,1.2772930763281
"1285","Gna.L.S.slide2_image28_left.2020_10_07",6,0.248193499309065,17,14,0.823529411764706,1.2364382007209
"1286","Gna.L.S.slide2_image28_right.2020_10_07",4,0.209194249731884,18,18,1,1.33659052191703
"1287","Gna.L.S.slide2_image7.2020_10_07",7,0.168666437941012,28,17,0.607142857142857,1.16216588375602
"1288","Gna.L.S.slide2_image9.2020_10_07",4,-0.024282582154466,23,17,0.739130434782609,1.34025771932531
"1289","Gna12.13.image1.2020_01_10",2,0.0104193254660055,14,10,0.714285714285714,1.71491806151685
"1290","Gna12.13.image1.2020_06_17",2,-0.00359251549704048,36,30,0.833333333333333,1.26787542948091
"1291","Gna12.13.image10.2020_01_10",2,-0.0451076947483342,16,11,0.6875,1.62463777856902
"1292","Gna12.13.image10.2020_06_17",3,0.00935003732206193,20,11,0.55,1.40124029585875
"1293","Gna12.13.image12_right.2020_01_10",5,0.307880943183997,27,27,1,1.13404848062034
"1294","Gna12.13.image12.2020_06_17",3,0.0358998560035743,14,7,0.5,1.59674277197306
"1295","Gna12.13.image13.2020_01_10",1,0.0375132088083166,29,24,0.827586206896552,1.45179642054833
"1296","Gna12.13.image14_left.2020_06_17",4,0.13399903559014,25,24,0.96,1.25368218432273
"1297","Gna12.13.image14_right.2020_06_17",4,0.178568931602288,25,23,0.92,1.28967177572751
"1298","Gna12.13.image14.2020_01_10",1,0.00727941198483995,26,11,0.423076923076923,1.34544023357181
"1299","Gna12.13.image15_right.2020_06_17",1,-0.026284693179525,14,10,0.714285714285714,1.767964509297
"1300","Gna12.13.image15.2020_01_10",7,0.0800500542343154,15,6,0.4,1.58216267221355
"1301","Gna12.13.image16.2020_01_10",2,0.088470408685391,18,18,1,1.55167268335012
"1302","Gna12.13.image2.2020_01_10",2,0.0640843289788881,16,10,0.625,1.63110070574854
"1303","Gna12.13.image2.2020_06_17",2,-0.110751186622872,44,26,0.590909090909091,1.3488276482823
"1304","Gna12.13.image3_left.2020_06_17",4,-0.0987100176107182,14,9,0.642857142857143,1.67549816023037
"1305","Gna12.13.image3.2020_01_10",1,0.0368485255806767,20,17,0.85,1.48206598103339
"1306","Gna12.13.image4_left.2020_01_10",1,-0.0546575211291007,15,6,0.4,1.6454820285998
"1307","Gna12.13.image4_right.2020_01_10",1,-0.0876457021956638,15,8,0.533333333333333,1.63680877843815
"1308","Gna12.13.image4.2020_06_17",3,0.167734798254024,19,15,0.789473684210526,1.35636808766007
"1309","Gna12.13.image5.2020_06_17",2,0.026128840170057,45,23,0.511111111111111,1.31918559886345
"1310","Gna12.13.image6.2020_01_10",5,0.0419628640205708,18,5,0.277777777777778,1.28895503503895
"1311","Gna12.13.image7.2020_01_10",2,0.0391733685091752,27,21,0.777777777777778,1.39070916123937
"1312","Gna12.13.image7.2020_06_17",3,-0.0295289659740616,16,9,0.5625,1.5739503378101
"1313","Gna12.13.image9.2020_01_10",2,0.0266885479167482,35,30,0.857142857142857,1.26335526514391
"1314","Gna12.13.slide1_image12.2020_10_06",1,-0.0231791469855364,21,14,0.666666666666667,1.42612617435938
"1315","Gna12.13.slide1_image17.2020_10_06",2,-0.123702760195377,14,7,0.5,1.68769020069434
"1316","Gna12.13.slide1_image20.2020_10_06",1,0.0942049687393159,18,18,1,1.44433917049342
"1317","Gna12.13.slide1_image21_left.2020_10_06",8,0.276885095350193,16,9,0.5625,1.06568536022709
"1318","Gna12.13.slide1_image30.2020_10_06",6,0.203779697136744,17,15,0.882352941176471,1.2473130178285
"1319","Gna12.13.slide1_image35.2020_10_06",2,0.00535372898880807,20,11,0.55,1.5101511903927
"1320","Gna12.13.slide1_image38.2020_10_06",4,-0.0207800796634568,18,17,0.944444444444444,1.31342027195221
"1321","Gna12.13.slide1_image39.2020_10_06",4,0.200037406698185,20,20,1,1.33560021172854
"1322","Gna12.13.slide1_image6.2020_10_06",2,0.00385704270775554,18,9,0.5,1.53971688339216
"1323","Gna12.13.slide1_image8.2020_10_06",1,0.047436686106405,14,10,0.714285714285714,1.62079087901611
"1324","Gna12.13.slide2_image10.2020_10_06",5,0.293824429005366,23,23,1,1.19111160018038
"1325","Gna12.13.slide2_image13_left.2020_10_06",5,-0.0688976737999068,14,4,0.285714285714286,1.84916921811922
"1326","Gna12.13.slide2_image13_right.2020_10_06",1,0.0551076827955508,19,18,0.947368421052632,1.47277890206247
"1327","Gna12.13.slide2_image17.2020_10_06",2,0.00177510775068439,17,14,0.823529411764706,1.58233566240531
"1328","Gna12.13.slide2_image18.2020_10_06",5,0.219817114618738,14,13,0.928571428571429,1.40369450082269
"1329","Gna12.13.slide2_image2_left.2020_10_06",7,0.145787682001566,24,18,0.75,1.25325819171245
"1330","Gna12.13.slide2_image2_right.2020_10_06",2,-0.0576100858965184,17,8,0.470588235294118,1.63785919363121
"1331","Gna12.13.slide2_image22.2020_10_06",5,0.202494669932534,30,27,0.9,1.15787234759815
"1332","Gna12.13.slide2_image23.2020_10_06",1,0.0857180084794898,14,12,0.857142857142857,1.70607015953552
"1333","Gna12.13.slide2_image28.2020_10_06",8,0.550987215754795,17,16,0.941176470588235,0.679937364015482
"1334","Gna12.13.slide2_image29.2020_10_06",4,-0.00509733684461041,18,8,0.444444444444444,1.56944689418275
"1335","Gna12.13.slide2_image30.2020_10_06",1,-0.0484720733011976,14,14,1,1.55127175570976
"1336","Gna12.13.slide2_image32_left.2020_10_06",1,0.0291291584933937,23,20,0.869565217391304,1.3624226128646
"1337","Gna12.13.slide2_image32_right.2020_10_06",1,0.0738020275505426,33,32,0.96969696969697,1.38210662470724
"1338","Gna12.13.slide2_image33_left.2020_10_06",5,0.204343333012882,20,18,0.9,1.3070267949194
"1339","Gna12.13.slide2_image33_right.2020_10_06",1,0.111386865681509,22,22,1,1.3832962781978
"1340","Gna12.13.slide2_image34.2020_10_06",1,-0.035770779457445,15,15,1,1.60828549165886
"1341","Gna12.13.slide2_image4.2020_10_06",4,0.0970083556500713,16,13,0.8125,1.49686402099137
"1342","Gna12.13.slide2_image5.2020_10_06",5,0.240942628786586,16,15,0.9375,1.31418706580867
"1343","Gna12.13.slide2_image6.2020_10_06",8,0.628497561162872,20,20,1,0.653930609605563
"1344","Gna12.13.slide2_image9.2020_10_06",1,0.0410486187258947,17,15,0.882352941176471,1.48223604495285
"1345","Hand.image1_left.2021_01_12",2,0.0706882817169377,21,20,0.952380952380952,1.42709101984813
"1346","Hand.image1_right.2021_01_12",6,0.163837605839121,15,14,0.933333333333333,1.31972027358321
"1347","Hand.image10.2021_01_12",2,0.0815840287536987,21,20,0.952380952380952,1.40316772256933
"1348","Hand.image11.2021_01_12",2,-0.112770521505221,21,13,0.619047619047619,1.46501926265074
"1349","Hand.image13.2021_01_12",8,0.53000846278904,18,18,1,0.772179676087586
"1350","Hand.image16_left.2021_01_12",7,0.0967825808495417,21,11,0.523809523809524,1.32919478820036
"1351","Hand.image16_right.2021_01_12",7,0.165606498488165,22,16,0.727272727272727,1.23707807897932
"1352","Hand.image17.2021_01_12",8,0.532619772981089,18,17,0.944444444444444,0.721478206220812
"1353","Hand.image19.2021_01_12",4,-0.083883505659307,17,10,0.588235294117647,1.54214240040872
"1354","Hand.image20.2021_01_12",5,0.26191234519049,19,19,1,1.17555901772069
"1355","Hand.image21_right.2021_01_12",7,0.25925722379987,37,32,0.864864864864865,1.08696587688928
"1356","Hand.image24_left.2021_01_12",1,-0.0210067952576554,14,8,0.571428571428571,1.78148189600088
"1357","Hand.image24_right.2021_01_12",4,0.107337177355753,15,15,1,1.48575861146317
"1358","Hand.image26_left.2021_01_12",1,-0.0210380389451131,20,12,0.6,1.52806279693388
"1359","Hand.image26_right.2021_01_12",4,0.10842444550264,17,17,1,1.41084379194898
"1360","Hand.image29_left.2021_01_12",1,-0.158877949425987,15,7,0.466666666666667,1.64500810198749
"1361","Hand.image29_right.2021_01_12",2,-0.101332966395822,15,8,0.533333333333333,1.64468426909798
"1362","Hand.image31_right.2021_01_12",6,0.270723489643064,17,17,1,1.25327865901937
"1363","Hand.image33_right.2021_01_12",5,0.197465122648472,16,12,0.75,1.1926779499349
"1364","Hand.image35.2021_01_12",5,-0.0431999969695529,16,8,0.5,1.42286541725932
"1365","Hand.image37.2021_01_12",1,-0.0119642420644928,28,27,0.964285714285714,1.36457672783654
"1366","Hand.image38.2021_01_12",7,0.229358565155876,17,16,0.941176470588235,1.29137647224914
"1367","Hand.image4_left.2021_01_12",2,0.0274321991829787,20,16,0.8,1.49466576476387
"1368","Hand.image4_right.2021_01_12",2,-0.035834067780984,16,11,0.6875,1.56938457252232
"1369","Hand.image6_left.2021_01_12",6,0.338890605663027,21,21,1,1.13126646363646
"1370","Hand.image6_right.2021_01_12",6,0.326619648878856,30,29,0.966666666666667,1.10413433094547
"1371","Hand.image7_left.2021_01_12",6,0.300171492570138,27,26,0.962962962962963,1.11553057456693
"1372","Hand.image7_right.2021_01_12",7,0.169694937064596,14,11,0.785714285714286,1.41736490522617
"1373","Hand.image8_left.2021_01_12",7,0.0997095060424658,14,7,0.5,1.47337860707834
"1374","Hand.image8_right.2021_01_12",7,0.160073250966876,14,10,0.714285714285714,1.47078636022241
"1375","Hand.slide1_image1_left.2021_01_06",4,0.170545460393817,16,16,1,1.37548813161078
"1376","Hand.slide1_image1_right.2021_01_06",1,-0.0656417698284517,16,9,0.5625,1.46496492653158
"1377","Hand.slide1_image13.2021_01_06",5,0.153935125706206,16,16,1,1.44602987734896
"1378","Hand.slide1_image16_left.2021_01_06",5,0.290420538193441,21,20,0.952380952380952,1.19159390927682
"1379","Hand.slide1_image16_right.2021_01_06",1,-0.0832374802183716,14,10,0.714285714285714,1.80071027367063
"1380","Hand.slide1_image19.2021_01_06",4,0.261339512061995,17,17,1,1.35675768876348
"1381","Hand.slide1_image20.2021_01_06",4,0.0197257275027899,14,14,1,1.45218820360945
"1382","Hand.slide1_image21_left.2021_01_06",4,0.200991422119895,15,15,1,1.43500020839633
"1383","Hand.slide1_image21_right.2021_01_06",2,0.121585412280157,22,17,0.772727272727273,1.43257561331629
"1384","Hand.slide1_image23_left.2021_01_06",6,0.184434443177634,15,15,1,1.28435756132512
"1385","Hand.slide1_image23_right.2021_01_06",7,0.0901477349300499,16,7,0.4375,1.46662839871152
"1386","Hand.slide1_image35.2021_01_06",4,0.147179467153481,14,14,1,1.49029427022282
"1387","Hand.slide1_image36_left.2021_01_06",4,0.117660361519853,35,31,0.885714285714286,1.20637791302482
"1388","Hand.slide1_image36_right.2021_01_06",1,0.0562291375105418,14,11,0.785714285714286,1.64701562366444
"1389","Hand.slide1_image38_right.2021_01_06",4,0.200916416641666,16,16,1,1.3810741253955
"1390","Hand.slide1_image4_left.2021_01_06",6,0.242345222029722,36,27,0.75,1.13855093479903
"1391","Hand.slide1_image7.2021_01_06",7,0.257434241537305,35,28,0.8,1.13577092711802
"1392","Hand.slide1_image9.2021_01_06",4,0.199011289939759,16,16,1,1.37524590564115
"1393","Hand.slide2_image12.2021_01_06",1,0.0058351186855534,14,11,0.785714285714286,1.58303672557443
"1394","Hand.slide2_image18.2021_01_06",7,0.250274926263812,20,17,0.85,1.23386471019482
"1395","Hand.slide2_image19_left.2021_01_06",2,-0.0382406216919545,33,17,0.515151515151515,1.2675230196571
"1396","Hand.slide2_image19_right.2021_01_06",2,0.108634137033421,21,21,1,1.37929768370203
"1397","Hand.slide2_image20.2021_01_06",5,0.0317635260897706,14,9,0.642857142857143,1.49887490672677
"1398","Hand.slide2_image3_left.2021_01_06",1,0.100843185762238,17,15,0.882352941176471,1.50547602149991
"1399","Hand.slide2_image30.2021_01_06",4,0.141275000231596,21,21,1,1.26274686842849
"1400","Hand.slide2_image35_left.2021_01_06",5,0.13238346582365,17,15,0.882352941176471,1.27263582872594
"1401","Hand.slide2_image36_left.2021_01_06",4,0.163004996545765,15,13,0.866666666666667,1.44033000999144
"1402","Hand.slide2_image36_right.2021_01_06",2,-0.00487240487816381,21,17,0.80952380952381,1.51437243722186
"1403","Hand.slide2_image4.2021_01_06",5,0.311078631693587,20,20,1,1.2507197750062
"1404","Hand.slide2_image44.2021_01_06",4,0.188457018224729,14,14,1,1.47899205498482
"1405","Hand.slide2_image45_left.2021_01_06",1,0.071947246999582,19,15,0.789473684210526,1.48565394940433
"1406","Hand.slide2_image45_right.2021_01_06",5,0.169531201415139,14,13,0.928571428571429,1.40742702764543
"1407","Hand.slide2_image47_right.2021_01_06",4,0.219976890253163,17,17,1,1.38983410323336
"1408","Hand.slide2_image7_left.2021_01_06",8,0.550645741968992,17,16,0.941176470588235,0.69783357775817
"1409","Hand.slide2_image7_right.2021_01_06",1,-0.00549600956545822,19,17,0.894736842105263,1.49257491318305
"1410","Handr.image1_left.2021_01_12",5,0.279995248749881,15,15,1,1.21545142612601
"1411","Handr.image1_right.2021_01_12",5,0.297623178348654,17,17,1,1.27036841305994
"1412","Handr.image11_left.2021_01_12",5,0.247086165541691,21,21,1,1.20243330228469
"1413","Handr.image11_right.2021_01_12",3,0.144228131909034,16,16,1,1.34266522909207
"1414","Handr.image12.2021_01_12",2,0.168269445975143,18,18,1,1.42486042892193
"1415","Handr.image13.2021_01_12",2,0.069987075537431,14,12,0.857142857142857,1.49499043374878
"1416","Handr.image14_right.2021_01_12",2,-0.0517290312724258,15,14,0.933333333333333,1.66934205666522
"1417","Handr.image15_left.2021_01_12",2,0.0617490944402341,17,16,0.941176470588235,1.52673965003658
"1418","Handr.image15_right.2021_01_12",2,0.0533328443749947,17,16,0.941176470588235,1.4654422557333
"1419","Handr.image20.2021_01_12",2,-0.153627030457121,17,15,0.882352941176471,1.58823681578736
"1420","Handr.image23_left.2021_01_12",2,0.0980400598504992,19,19,1,1.52164989002306
"1421","Handr.image23_right.2021_01_12",5,0.159375789387488,17,12,0.705882352941177,1.23482068025563
"1422","Handr.image25_left.2021_01_12",2,0.0823897839195461,15,15,1,1.62483313657217
"1423","Handr.image25_right.2021_01_12",2,-0.121671607740159,31,28,0.903225806451613,1.37888872825664
"1424","Handr.image26.2021_01_12",2,0.0172312772313148,66,46,0.696969696969697,1.14153932093388
"1425","Handr.image3.2021_01_12",2,0.00832027433745591,82,60,0.731707317073171,1.15100162025105
"1426","Handr.image30.2021_01_12",2,-0.0586491805250657,17,15,0.882352941176471,1.53585170307107
"1427","Handr.image34_left.2021_01_12",2,0.0800016739262549,44,28,0.636363636363636,1.21303131033125
"1428","Handr.image34_right.2021_01_12",2,0.0544630367458818,14,12,0.857142857142857,1.65757829812054
"1429","Handr.image36_left.2021_01_12",2,0.113257007670881,30,26,0.866666666666667,1.36321101859895
"1430","Handr.image36_right.2021_01_12",2,-0.0115278370290963,16,11,0.6875,1.54370002946342
"1431","Handr.image37_right.2021_01_12",2,-0.0221994299927478,16,10,0.625,1.50454646245218
"1432","Handr.image38.2021_01_12",2,0.0967773615172459,20,14,0.7,1.5142765423548
"1433","Handr.image39_right.2021_01_12",2,-0.100151459703912,18,18,1,1.5685081258912
"1434","Handr.image40.2021_01_12",2,-0.169211960249957,15,13,0.866666666666667,1.6277956147826
"1435","Handr.image5_left.2021_01_12",2,0.0665834526056458,14,8,0.571428571428571,1.57667102954442
"1436","Handr.image5_right.2021_01_12",2,0.0999256686102607,32,30,0.9375,1.3214947247575
"1437","Handr.image6.2021_01_12",2,-0.00504747146999661,19,15,0.789473684210526,1.53663098749473
"1438","Handr.image7.2021_01_12",3,0.0646828480339251,19,13,0.684210526315789,1.37668147899397
"1439","Handr.image9.2021_01_12",2,0.0269948546672403,32,26,0.8125,1.38123256309111
"1440","Handr.slide1_image12.2021_01_06",2,0.0871637017780182,20,19,0.95,1.48785617388183
"1441","Handr.slide1_image15_right.2021_01_06",5,0.196005144910549,14,14,1,1.40704980083265
"1442","Handr.slide1_image18.2021_01_06",2,0.0526197243981309,19,18,0.947368421052632,1.48359258419786
"1443","Handr.slide1_image19_left.2021_01_06",1,0.0046410662970977,14,10,0.714285714285714,1.84342945293722
"1444","Handr.slide1_image19_right.2021_01_06",2,-0.0227664055118668,18,15,0.833333333333333,1.44032462490517
"1445","Handr.slide1_image2.2021_01_06",2,0.111958213331668,23,23,1,1.401403512755
"1446","Handr.slide1_image26.2021_01_06",1,0.0531307464527322,24,20,0.833333333333333,1.43023019884256
"1447","Handr.slide1_image29.2021_01_06",7,0.0751858050761604,14,14,1,1.38456607835479
"1448","Handr.slide1_image3.2021_01_06",2,0.0803309469533214,16,16,1,1.53819222239622
"1449","Handr.slide1_image30.2021_01_06",2,-0.0682479564847635,14,9,0.642857142857143,1.72910107097122
"1450","Handr.slide1_image31.2021_01_06",2,-0.0585835477619,14,11,0.785714285714286,1.72146325672729
"1451","Handr.slide1_image35_right.2021_01_06",2,-0.00907363026952101,40,24,0.6,1.26038531566758
"1452","Handr.slide1_image36.2021_01_06",2,0.0983012595163179,26,25,0.961538461538462,1.38004539176759
"1453","Handr.slide1_image37.2021_01_06",2,0.0447554028510536,19,16,0.842105263157895,1.47605305685945
"1454","Handr.slide1_image44.2021_01_06",2,-0.0523217291859105,18,16,0.888888888888889,1.47388149105122
"1455","Handr.slide1_image5.2021_01_06",1,-0.0347558597436322,26,15,0.576923076923077,1.36742939353101
"1456","Handr.slide1_image51.2021_01_06",2,0.15053382146019,15,14,0.933333333333333,1.58081830594507
"1457","Handr.slide1_image56.2021_01_06",2,-0.00430648134806427,35,30,0.857142857142857,1.34514581710668
"1458","Handr.slide1_image7.2021_01_06",2,0.0483267603796029,16,10,0.625,1.56518185946534
"1459","Handr.slide1_image8.2021_01_06",2,-0.124138053598686,15,12,0.8,1.63042900389484
"1460","Handr.slide2_image1.2021_01_06",5,0.320121063103587,26,26,1,1.12948593413898
"1461","Handr.slide2_image11.2021_01_06",5,0.161549966565336,14,14,1,1.43398372052926
"1462","Handr.slide2_image12.2021_01_06",2,0.0882069412441148,14,14,1,1.62352251093535
"1463","Handr.slide2_image16.2021_01_06",2,0.0475062595347596,17,14,0.823529411764706,1.44432903751273
"1464","Handr.slide2_image17_left.2021_01_06",2,0.0141870682647799,16,9,0.5625,1.56879281552463
"1465","Handr.slide2_image17_right.2021_01_06",5,0.283657012923142,29,29,1,1.15078245337394
"1466","Handr.slide2_image21_left.2021_01_06",2,0.0422044072592788,32,31,0.96875,1.25230338701648
"1467","Handr.slide2_image21_right.2021_01_06",6,0.353784169916704,23,23,1,1.16322212439161
"1468","Handr.slide2_image23.2021_01_06",2,-0.0580899261379242,25,25,1,1.39784024896355
"1469","Handr.slide2_image5_left.2021_01_06",2,0.0261789981504828,14,14,1,1.63214234414829
"1470","Handr.slide2_image5_right.2021_01_06",5,0.205253860754177,30,28,0.933333333333333,1.14934476963196
"1471","Handr.slide2_image9.2021_01_06",5,0.0826785374595408,21,17,0.80952380952381,1.31376091002324
"1472","MRF.image12.2021_01_12",8,0.5240985434243,20,20,1,0.765107122518924
"1473","MRF.image13_left.2021_01_12",2,-0.0752185862442116,22,15,0.681818181818182,1.54088783965521
"1474","MRF.image13_right.2021_01_12",5,-0.0411484098440306,14,7,0.5,1.60689527029496
"1475","MRF.image15.2021_01_12",4,-0.00146988422924188,15,11,0.733333333333333,1.51076663082304
"1476","MRF.image16.2021_01_12",4,0.149362296183323,21,19,0.904761904761905,1.32755262508268
"1477","MRF.image2_left.2021_01_12",1,-0.0487356019700237,15,8,0.533333333333333,1.5473312484332
"1478","MRF.image2_right.2021_01_12",4,0.0851308374871514,14,14,1,1.45856499316183
"1479","MRF.image20.2021_01_12",8,0.657062466709575,24,24,1,0.585245507810475
"1480","MRF.image21_left.2021_01_12",2,-0.00613015887362602,14,9,0.642857142857143,1.62378598848744
"1481","MRF.image21_right.2021_01_12",2,-0.0804525519823818,18,7,0.388888888888889,1.55929439082755
"1482","MRF.image22_left.2021_01_12",5,0.208172867323485,17,14,0.823529411764706,1.32731690437416
"1483","MRF.image24.2021_01_12",6,0.290776588912704,24,24,1,1.0970764553707
"1484","MRF.image26.2021_01_12",8,0.237931134448412,16,9,0.5625,1.17389736540506
"1485","MRF.image27.2021_01_12",8,0.676591811201559,21,21,1,0.570590238591229
"1486","MRF.image3.2021_01_12",5,0.129710386880362,15,14,0.933333333333333,1.29298379590343
"1487","MRF.image30_left.2021_01_12",5,0.240425808512548,19,18,0.947368421052632,1.2351858678381
"1488","MRF.image30_right.2021_01_12",6,0.122383378332312,14,11,0.785714285714286,1.37927147215446
"1489","MRF.image31_right.2021_01_12",5,0.225609736308038,17,16,0.941176470588235,1.2520906579959
"1490","MRF.image33_right.2021_01_12",8,0.607476447267364,19,19,1,0.660275762315132
"1491","MRF.image35.2021_01_12",6,0.101091043355235,15,9,0.6,1.33705916164659
"1492","MRF.image36_left.2021_01_12",4,-0.0471083120267396,19,19,1,1.35644673851878
"1493","MRF.image36_right.2021_01_12",7,0.209420380959679,22,21,0.954545454545455,1.16824594573344
"1494","MRF.image38_left.2021_01_12",8,0.658409376074225,18,18,1,0.621073655751943
"1495","MRF.image38_right.2021_01_12",5,0.223882438202262,16,16,1,1.35147238960002
"1496","MRF.image4_left.2021_01_12",8,0.664861814584748,16,16,1,0.608439622051536
"1497","MRF.image4_right.2021_01_12",8,0.634475573108018,14,14,1,0.626190567384216
"1498","MRF.image6.2021_01_12",8,0.689298398952873,36,36,1,0.526778586361664
"1499","MRF.image7_left.2021_01_12",6,0.201380694499876,15,15,1,1.22257705991611
"1500","MRF.image8.2021_01_12",2,0.00607463143528489,26,17,0.653846153846154,1.38921224320646
"1501","MRF.image9_left.2021_01_12",5,0.29920512745851,24,24,1,1.19126404504801
"1502","MRF.slide1_image11.2021_01_06",8,0.657668081635693,24,24,1,0.598589141909756
"1503","MRF.slide1_image12.2021_01_06",2,-0.0727775076029904,19,13,0.684210526315789,1.43518219490777
"1504","MRF.slide1_image13.2021_01_06",5,0.243481300755779,15,14,0.933333333333333,1.3573127621425
"1505","MRF.slide1_image19.2021_01_06",8,0.657117049882061,23,23,1,0.59719898095982
"1506","MRF.slide1_image20.2021_01_06",4,0.142726634000695,30,30,1,1.20941852389796
"1507","MRF.slide1_image23.2021_01_06",5,0.341982689676612,21,21,1,1.17371724497172
"1508","MRF.slide1_image24.2021_01_06",5,0.0351966524541348,18,9,0.5,1.54939186580473
"1509","MRF.slide1_image27.2021_01_06",5,0.323759962919158,23,23,1,1.142501113137
"1510","MRF.slide1_image29.2021_01_06",5,0.161594728359,15,10,0.666666666666667,1.41779016311999
"1511","MRF.slide1_image3_left.2021_01_06",8,0.63452574990571,28,28,1,0.600475994265297
"1512","MRF.slide1_image3_right.2021_01_06",5,0.183845697325696,24,22,0.916666666666667,1.26200631171298
"1513","MRF.slide1_image31.2021_01_06",5,0.205994822575293,18,18,1,1.26189729051436
"1514","MRF.slide1_image32.2021_01_06",5,0.214646026706948,20,17,0.85,1.24471915504072
"1515","MRF.slide1_image33.2021_01_06",8,0.524344277566066,19,19,1,0.768478862780256
"1516","MRF.slide1_image40.2021_01_06",4,-0.148246289540672,16,11,0.6875,1.47115800876869
"1517","MRF.slide1_image46.2021_01_06",5,0.298851940420756,23,23,1,1.11822781902787
"1518","MRF.slide1_image5.2021_01_06",4,-0.0585578744582759,19,16,0.842105263157895,1.41679399593079
"1519","MRF.slide1_image6.2021_01_06",5,0.184350005033066,15,14,0.933333333333333,1.31765466304128
"1520","MRF.slide1_image7.2021_01_06",5,0.317352314697919,32,32,1,1.1433163707626
"1521","MRF.slide1_image9.2021_01_06",8,0.66893860412813,31,31,1,0.534115790458583
"1522","MRF.slide2_image1_left.2021_01_06",5,0.0197788466568311,17,9,0.529411764705882,1.53815866427607
"1523","MRF.slide2_image1_right.2021_01_06",8,0.609445641033073,21,19,0.904761904761905,0.624019685369001
"1524","MRF.slide2_image14.2021_01_06",8,0.617802211336303,25,24,0.96,0.608318920441054
"1525","MRF.slide2_image15.2021_01_06",5,0.245512462328638,19,19,1,1.15736709239332
"1526","MRF.slide2_image16.2021_01_06",8,0.614209854877132,20,20,1,0.627528307236878
"1527","MRF.slide2_image20.2021_01_06",8,0.684802598363669,30,30,1,0.5516886955614
"1528","MRF.slide2_image23.2021_01_06",8,0.654963167995135,21,21,1,0.611744921076592
"1529","MRF.slide2_image4.2021_01_06",8,0.353430837989982,15,13,0.866666666666667,1.04893852578286
"1530","MRF.slide2_image5.2021_01_06",4,-0.167524584197851,18,14,0.777777777777778,1.37618177047059
"1531","MRF.slide2_image6.2021_01_06",5,0.327357863627478,42,42,1,1.07396020993707
"1532","MRF.slide2_image8.2021_01_06",5,0.242429515192213,24,24,1,1.13790637018855
"1533","NDE.image1.2020_06_17",3,0.00806935863728343,15,13,0.866666666666667,1.5776085724813
"1534","NDE.image10_left.2020_06_17",3,0.0791893744025112,16,13,0.8125,1.4947447760413
"1535","NDE.image10_right.2020_06_17",3,0.137007840239199,21,18,0.857142857142857,1.26962504605147
"1536","NDE.image11_left.2020_06_17",3,0.0840828095959608,14,11,0.785714285714286,1.50849054048703
"1537","NDE.image11_right.2020_06_17",1,-0.0837710491076683,14,6,0.428571428571429,1.65446105881643
"1538","NDE.image12.2020_06_17",6,0.219791142407778,17,15,0.882352941176471,1.22655194671751
"1539","NDE.image13.2020_06_17",3,0.109766158068661,15,10,0.666666666666667,1.5138875433867
"1540","NDE.image14.2020_06_17",4,0.116455188706696,15,15,1,1.51392975615889
"1541","NDE.image15_right.2020_06_17",3,0.142375596821291,24,22,0.916666666666667,1.23519314192237
"1542","NDE.image16.2020_06_17",3,-0.0282173591964945,20,9,0.45,1.42620397656343
"1543","NDE.image17_left.2020_06_17",2,-0.0216002143141323,14,9,0.642857142857143,1.6923164585259
"1544","NDE.image17_right.2020_06_17",6,0.255641402066036,30,30,1,1.05562866328343
"1545","NDE.image18.2020_06_17",6,0.128000555599735,14,8,0.571428571428571,1.38764827995438
"1546","NDE.image19_left.2020_06_17",3,0.196388018376298,19,19,1,1.32887982529708
"1547","NDE.image19_right.2020_06_17",1,0.00253642844265236,14,11,0.785714285714286,1.5476662346489
"1548","NDE.image2_left.2020_06_17",2,0.0252671027665492,16,11,0.6875,1.57169994229519
"1549","NDE.image2_right.2020_06_17",3,0.00984812414277281,24,17,0.708333333333333,1.27619168758081
"1550","NDE.image20_left.2020_06_17",3,0.111283805845282,37,30,0.810810810810811,1.22071928222426
"1551","NDE.image21_left.2020_06_17",7,0.0218552690246419,22,8,0.363636363636364,1.33117057945241
"1552","NDE.image21_right.2020_06_17",3,0.199080749033953,16,15,0.9375,1.33496523835273
"1553","NDE.image3_left.2020_06_17",3,0.102869301291004,15,13,0.866666666666667,1.55444500193461
"1554","NDE.image3_right.2020_06_17",4,0.116297578433744,15,15,1,1.4196871409645
"1555","NDE.image4_left.2020_06_17",1,0.16987105254522,18,18,1,1.47587967603767
"1556","NDE.image4_right.2020_06_17",1,0.0580740557739809,17,12,0.705882352941177,1.57900366722328
"1557","NDE.image5_left.2020_06_17",2,0.0459730514465903,19,14,0.736842105263158,1.49067909211064
"1558","NDE.image5_right.2020_06_17",1,-0.0529935985675315,15,14,0.933333333333333,1.67906041405325
"1559","NDE.image6_left.2020_06_17",3,0.0743452792004262,21,18,0.857142857142857,1.26843149347818
"1560","NDE.image6_right.2020_06_17",3,0.155644896857521,19,18,0.947368421052632,1.31478874895123
"1561","NDE.image8_left.2020_06_17",3,0.134757098797129,37,33,0.891891891891892,1.27209161837722
"1562","NDE.image8_right.2020_06_17",3,0.0941429246411098,20,12,0.6,1.41388288724349
"1563","NDE.image9.2020_06_17",7,0.101290828872582,14,12,0.857142857142857,1.49092018991271
"1564","Paxillin.image1.2020_07_14",3,0.146770791070139,14,12,0.857142857142857,1.43702836457212
"1565","Paxillin.image10.2020_07_14",3,0.0846449597069093,14,9,0.642857142857143,1.57564813543133
"1566","Paxillin.image11_right.2020_07_14",3,0.138709577848061,16,16,1,1.34807437109555
"1567","Paxillin.image12.2020_07_14",2,-0.0250148570219576,32,12,0.375,1.35555960924478
"1568","Paxillin.image13.2020_07_14",1,-0.111092224357616,16,8,0.5,1.54200089255909
"1569","Paxillin.image14_left.2020_07_14",1,-0.0693652931932509,14,9,0.642857142857143,1.58480168647664
"1570","Paxillin.image14_right.2020_07_14",2,-0.0134499174097539,14,11,0.785714285714286,1.59351662699775
"1571","Paxillin.image15.2020_07_14",3,0.0855609128317841,14,10,0.714285714285714,1.46132797042798
"1572","Paxillin.image16.2020_07_14",1,-0.0516023219009488,14,10,0.714285714285714,1.68883118452772
"1573","Paxillin.image17.2020_07_14",3,0.0667559636924936,16,13,0.8125,1.37735794903657
"1574","Paxillin.image18_left.2020_07_14",7,0.0907669476154076,14,8,0.571428571428571,1.3119184769791
"1575","Paxillin.image18_right.2020_07_14",3,0.072773685985189,16,8,0.5,1.49592229351345
"1576","Paxillin.image19_left.2020_07_14",3,0.103925305818553,20,13,0.65,1.42551214157567
"1577","Paxillin.image2.2020_07_14",6,0.12848408526059,15,14,0.933333333333333,1.3247521284288
"1578","Paxillin.image20.2020_07_14",3,0.209697886974385,24,24,1,1.23355317808006
"1579","Paxillin.image3.2020_07_14",3,0.101677000130012,15,12,0.8,1.48760067617249
"1580","Paxillin.image4.2020_07_14",7,0.129046226662555,25,12,0.48,1.24883964048369
"1581","Paxillin.image6.2020_07_14",1,-0.068579142209742,15,9,0.6,1.63089141160079
"1582","Paxillin.image7.2020_07_14",2,-0.0682941999189077,14,8,0.571428571428571,1.66093258115095
"1583","Paxillin.image8.2020_07_14",1,-0.065472922144415,21,13,0.619047619047619,1.43596450291679
"1584","Paxillin.image9_left.2020_07_14",3,0.0917147978420815,14,6,0.428571428571429,1.48758563636772
"1585","Paxillin.image9_right.2020_07_14",3,0.0996741861624987,15,8,0.533333333333333,1.44089301580125
"1586","Paxillin.slide1_image1_left.2019_08_29",7,0.0805277207439426,21,8,0.380952380952381,1.49377525022341
"1587","Paxillin.slide1_image1_right.2019_08_29",4,0.181714085596001,14,14,1,1.53364125511208
"1588","Paxillin.slide1_image10.2019_08_29",4,0.300325242844088,19,19,1,1.2839665005363
"1589","Paxillin.slide1_image12.2019_08_29",2,0.0203915233460131,19,16,0.842105263157895,1.50771701972781
"1590","Paxillin.slide1_image13_left.2019_08_29",1,-0.0768758874457255,27,19,0.703703703703704,1.43113607334066
"1591","Paxillin.slide1_image13_right.2019_08_29",1,0.0511200013169914,17,14,0.823529411764706,1.48094149447721
"1592","Paxillin.slide1_image16.2019_08_29",2,-0.0188309628368673,18,11,0.611111111111111,1.50726661240917
"1593","Paxillin.slide1_image18.2019_08_29",6,0.259016080104133,22,21,0.954545454545455,1.17359728342025
"1594","Paxillin.slide1_image19.2019_08_29",2,0.0898532693398135,18,14,0.777777777777778,1.48393544017425
"1595","Paxillin.slide1_image2.2019_08_29",2,-0.0713167999941023,14,8,0.571428571428571,1.65262460939579
"1596","Paxillin.slide1_image21.2019_08_29",1,0.0234490568531306,26,12,0.461538461538462,1.42180550762344
"1597","Paxillin.slide1_image22.2019_08_29",2,0.139903745390273,17,16,0.941176470588235,1.47854609787239
"1598","Paxillin.slide1_image23_left.2019_08_29",1,0.087220297478741,20,20,1,1.463384393414
"1599","Paxillin.slide1_image24.2019_08_29",1,-0.00278354336247849,18,10,0.555555555555556,1.54403195298303
"1600","Paxillin.slide1_image25.2019_08_29",6,0.184613725469424,19,16,0.842105263157895,1.28898910089304
"1601","Paxillin.slide1_image26_left.2019_08_29",2,-0.0311540214229599,19,9,0.473684210526316,1.51575696392772
"1602","Paxillin.slide1_image27.2019_08_29",1,0.0161027635119063,15,11,0.733333333333333,1.60911538381756
"1603","Paxillin.slide1_image28_left.2019_08_29",1,0.0460206407855582,29,28,0.96551724137931,1.45735004291709
"1604","Paxillin.slide1_image28_right.2019_08_29",3,0.0475896690752792,14,10,0.714285714285714,1.55766616716663
"1605","Paxillin.slide1_image3_left.2019_08_29",8,0.694090568031979,34,34,1,0.51296595807665
"1606","Paxillin.slide1_image3_right.2019_08_29",4,0.247403526628278,22,22,1,1.28743680132949
"1607","Paxillin.slide1_image30_left.2019_08_29",1,0.00326526618814391,22,21,0.954545454545455,1.59569385777847
"1608","Paxillin.slide1_image30_right.2019_08_29",4,0.105811024399545,20,20,1,1.41614077579333
"1609","Paxillin.slide1_image31_left.2019_08_29",3,0.063020115798348,15,12,0.8,1.68793722004376
"1610","Paxillin.slide1_image31_right.2019_08_29",3,0.0758852762597362,15,11,0.733333333333333,1.59006982169673
"1611","Paxillin.slide1_image4.2019_08_29",4,-0.066472615764746,16,12,0.75,1.47491726463467
"1612","Paxillin.slide1_image5.2019_08_29",6,0.310417954620284,20,19,0.95,1.18330281677962
"1613","Paxillin.slide1_image6.2019_08_29",6,0.358166679651388,27,27,1,1.12598034464627
"1614","Paxillin.slide1_image7.2019_08_29",6,0.352492255511912,41,41,1,1.01867373794569
"1615","Paxillin.slide1_image8.2019_08_29",3,0.038110791684591,17,9,0.529411764705882,1.52267585828675
"1616","Paxillin.slide1_image9.2019_08_29",1,-0.00427261252899732,15,10,0.666666666666667,1.54793973435817
"1617","Paxillin.slide2_image1.2019_08_29",1,-0.00586007438926872,16,12,0.75,1.68313090253781
"1618","Paxillin.slide2_image10.2019_08_29",2,-0.0369291426195914,15,7,0.466666666666667,1.68434653991196
"1619","Paxillin.slide2_image12_left.2019_08_29",2,0.0342096102811988,21,15,0.714285714285714,1.41847192909711
"1620","Paxillin.slide2_image12_right.2019_08_29",2,-0.0154321677879622,20,15,0.75,1.56880928013706
"1621","Paxillin.slide2_image14.2019_08_29",2,-0.0123865423777223,17,12,0.705882352941177,1.54448653572556
"1622","Paxillin.slide2_image15.2019_08_29",6,0.245657431532331,14,14,1,1.36654177716564
"1623","Paxillin.slide2_image16.2019_08_29",3,0.0914373926216296,14,9,0.642857142857143,1.56560791144519
"1624","Paxillin.slide2_image17.2019_08_29",2,-0.0685692644682442,21,15,0.714285714285714,1.43564101678546
"1625","Paxillin.slide2_image18_left.2019_08_29",6,0.282006459934944,20,18,0.9,1.18656862136278
"1626","Paxillin.slide2_image18_right.2019_08_29",6,0.00955671874412998,17,5,0.294117647058824,1.3279783557176
"1627","Paxillin.slide2_image19.2019_08_29",7,0.127372894754463,33,25,0.757575757575758,1.14355114896896
"1628","Paxillin.slide2_image2_left.2019_08_29",2,-0.160055257153384,14,5,0.357142857142857,1.7256036155718
"1629","Paxillin.slide2_image2_right.2019_08_29",5,0.0609384752473253,20,16,0.8,1.20254610429184
"1630","Paxillin.slide2_image20.2019_08_29",7,0.142811204887923,14,10,0.714285714285714,1.33295401606546
"1631","Paxillin.slide2_image21_left.2019_08_29",6,-0.0136052497613747,15,4,0.266666666666667,1.61343514618311
"1632","Paxillin.slide2_image21_right.2019_08_29",5,-0.0213287610128551,14,8,0.571428571428571,1.50462559443465
"1633","Paxillin.slide2_image23_left.2019_08_29",7,0.238557452795528,17,13,0.764705882352941,1.29363873919046
"1634","Paxillin.slide2_image24_left.2019_08_29",2,0.0912399485214729,20,17,0.85,1.46542980533589
"1635","Paxillin.slide2_image24_right.2019_08_29",2,0.0721513450094129,14,10,0.714285714285714,1.59390591703916
"1636","Paxillin.slide2_image25.2019_08_29",7,0.120709638382933,15,9,0.6,1.35370094962648
"1637","Paxillin.slide2_image26.2019_08_29",4,0.060062539868237,23,22,0.956521739130435,1.32647246525541
"1638","Paxillin.slide2_image3.2019_08_29",7,0.158997230910702,15,13,0.866666666666667,1.40642444931261
"1639","Paxillin.slide2_image4.2019_08_29",1,-0.0823802584241361,22,10,0.454545454545455,1.56537777868617
"1640","Paxillin.slide2_image6.2019_08_29",7,0.148971896463314,16,8,0.5,1.34394845089693
"1641","Paxillin.slide2_image7_left.2019_08_29",5,0.156050722774832,18,13,0.722222222222222,1.26744118638462
"1642","Paxillin.slide2_image8_left.2019_08_29",3,0.0392143711532425,14,7,0.5,1.61130119014341
"1643","Paxillin.slide2_image8_right.2019_08_29",5,0.138022312604775,22,17,0.772727272727273,1.28200474642655
"1644","Paxillin.slide2_image9.2019_08_29",2,0.0915057024195194,26,17,0.653846153846154,1.45882867368631
"1645","Rab5.image1_left.2020_07_23",6,0.357848549260694,31,31,1,1.06482563400812
"1646","Rab5.image1_right.2020_07_23",3,0.127329805742148,37,27,0.72972972972973,1.22996731674588
"1647","Rab5.image1.2020_07_14",1,-0.0576098954007452,17,8,0.470588235294118,1.59240790239948
"1648","Rab5.image10.2020_07_14",3,0.164589165979212,16,16,1,1.34449307978386
"1649","Rab5.image10.2020_07_23",6,0.120232243058036,20,17,0.85,1.18935994154283
"1650","Rab5.image11.2020_07_14",1,-0.076940805003965,26,15,0.576923076923077,1.39467858178434
"1651","Rab5.image11.2020_07_23",5,0.112507917168521,17,12,0.705882352941177,1.41108749520482
"1652","Rab5.image12_left.2020_07_23",3,-0.0272884418826174,15,9,0.6,1.40387494556641
"1653","Rab5.image12_right.2020_07_23",3,0.107037604469662,26,15,0.576923076923077,1.36955502507933
"1654","Rab5.image12.2020_07_14",3,0.201024661762703,18,18,1,1.30450650165817
"1655","Rab5.image13_left.2020_07_14",3,0.0560924477983294,21,18,0.857142857142857,1.41903573173764
"1656","Rab5.image13_right.2020_07_14",3,0.150206707935027,16,16,1,1.41558561957985
"1657","Rab5.image13_right.2020_07_23",3,0.148817423381419,35,32,0.914285714285714,1.21768646647282
"1658","Rab5.image14_right.2020_07_23",3,0.19726094842567,19,16,0.842105263157895,1.38139680576678
"1659","Rab5.image14.2020_07_14",3,0.155753838609199,48,43,0.895833333333333,1.18867981068673
"1660","Rab5.image15_left.2020_07_14",3,0.0314561061978967,20,13,0.65,1.37846995314572
"1661","Rab5.image16_left.2020_07_14",6,0.301881964030113,20,20,1,1.16468640660432
"1662","Rab5.image16_left.2020_07_23",8,0.618120344349215,24,24,1,0.594477884996019
"1663","Rab5.image16_right.2020_07_23",4,0.102790192418307,14,14,1,1.58641207968173
"1664","Rab5.image17_left.2020_07_14",1,-0.0625115894866626,16,10,0.625,1.52092954294109
"1665","Rab5.image17_left.2020_07_23",7,0.0664439294784667,16,9,0.5625,1.36930187548865
"1666","Rab5.image17_right.2020_07_23",3,0.204602674763649,22,21,0.954545454545455,1.24508846021401
"1667","Rab5.image18_right.2020_07_23",3,0.187773785473674,31,29,0.935483870967742,1.25954934858246
"1668","Rab5.image18.2020_07_14",3,0.081377545656073,16,13,0.8125,1.42968221335683
"1669","Rab5.image19_left.2020_07_23",1,-0.0920000189464448,14,7,0.5,1.68497864904775
"1670","Rab5.image19_right.2020_07_23",2,-0.0354511959397611,14,8,0.571428571428571,1.72975475796826
"1671","Rab5.image19.2020_07_14",3,0.0620399894230882,26,25,0.961538461538462,1.31400547536399
"1672","Rab5.image2_left.2020_07_14",7,0.218492527028527,30,23,0.766666666666667,1.1770645250918
"1673","Rab5.image2.2020_07_23",6,0.2177306058608,18,14,0.777777777777778,1.21232153228138
"1674","Rab5.image20_left.2020_07_14",2,-0.062490062259818,28,16,0.571428571428571,1.53815584435956
"1675","Rab5.image20_left.2020_07_23",3,0.0642776003216111,17,12,0.705882352941177,1.41592335471
"1676","Rab5.image20_right.2020_07_14",2,-0.0708249357063636,16,9,0.5625,1.66471218740354
"1677","Rab5.image20_right.2020_07_23",3,0.194961309272949,21,20,0.952380952380952,1.27457025633407
"1678","Rab5.image21_left.2020_07_23",3,-0.112111668783201,23,11,0.478260869565217,1.44379788819987
"1679","Rab5.image21_right.2020_07_23",8,0.207112330351957,14,10,0.714285714285714,1.2443786439378
"1680","Rab5.image3_left.2020_07_23",3,0.0640505106070464,48,30,0.625,1.17639943787632
"1681","Rab5.image3_right.2020_07_23",3,0.052354299435487,15,13,0.866666666666667,1.46381747132084
"1682","Rab5.image3.2020_07_14",3,0.0742753320949886,22,20,0.909090909090909,1.38680526807979
"1683","Rab5.image4.2020_07_14",3,0.0212697012679766,14,9,0.642857142857143,1.63346803081864
"1684","Rab5.image5_left.2020_07_14",3,0.152406418646299,15,14,0.933333333333333,1.46351230079769
"1685","Rab5.image5_left.2020_07_23",7,0.0240241802802548,18,8,0.444444444444444,1.30846587063396
"1686","Rab5.image5_right.2020_07_23",3,0.208075380680637,29,27,0.931034482758621,1.23580698045722
"1687","Rab5.image6_left.2020_07_23",2,-0.0131939400649791,21,18,0.857142857142857,1.46944950347296
"1688","Rab5.image6_right.2020_07_23",8,0.415877769500884,17,14,0.823529411764706,0.861586309704612
"1689","Rab5.image6.2020_07_14",3,0.0572365029544866,21,10,0.476190476190476,1.36214206804154
"1690","Rab5.image7_left.2020_07_23",4,0.103291745366201,21,17,0.80952380952381,1.39718268314662
"1691","Rab5.image7_right.2020_07_23",4,-0.0330625303254342,19,6,0.315789473684211,1.51112104709832
"1692","Rab5.image8_left.2020_07_23",5,0.281526780639925,15,15,1,1.32649953630125
"1693","Rab5.image8_right.2020_07_14",1,-0.0363619852670025,18,12,0.666666666666667,1.54335295820149
"1694","Rab5.image8_right.2020_07_23",4,-0.0936171428181228,14,6,0.428571428571429,1.72208723046915
"1695","Rab5.image9_left.2020_07_23",3,0.102175340270784,16,8,0.5,1.58893564222718
"1696","Rab5.image9_right.2020_07_23",3,-0.00655223438056216,36,18,0.5,1.25523631047256
"1697","Rab5.image9.2020_07_14",3,0.207938034641193,19,19,1,1.32994244114836
"1698","Rabep.image10.2020_07_14",3,0.188725720116522,29,25,0.862068965517241,1.23917409325062
"1699","Rabep.image11.2020_07_14",7,0.0423407991131999,14,4,0.285714285714286,1.52765751135749
"1700","Rabep.image12_left.2020_07_14",6,0.183085025156688,15,14,0.933333333333333,1.32438008895081
"1701","Rabep.image12_right.2020_07_14",3,0.0868045989845458,16,12,0.75,1.45227864904494
"1702","Rabep.image13.2020_07_14",7,0.120228729511608,14,10,0.714285714285714,1.43877337149196
"1703","Rabep.image14.2020_07_14",3,0.0335560020487868,27,16,0.592592592592593,1.42715925500765
"1704","Rabep.image17.2020_07_14",3,0.122594220495064,15,13,0.866666666666667,1.45586513834763
"1705","Rabep.image18_left.2020_07_14",3,0.0204050151151105,18,15,0.833333333333333,1.35894005030746
"1706","Rabep.image18_right.2020_07_14",4,0.0659017229260336,19,19,1,1.46860789570896
"1707","Rabep.image19.2020_07_14",3,0.100823557463029,15,9,0.6,1.47890347263008
"1708","Rabep.image2.2020_07_14",3,0.0899483447299516,23,15,0.652173913043478,1.3443824561088
"1709","Rabep.image20.2020_07_14",3,0.0341274567576133,15,11,0.733333333333333,1.47933062018888
"1710","Rabep.image3.2020_07_14",5,0.245690284902814,20,20,1,1.20752136011995
"1711","Rabep.image4.2020_07_14",6,0.328193529182307,19,19,1,1.17839754271364
"1712","Rabep.image5.2020_07_14",5,0.202197233636116,14,14,1,1.39576176366705
"1713","Rabep.image6.2020_07_14",6,0.306767387903434,32,32,1,1.05258614419388
"1714","Rabep.image7_right.2020_07_14",3,0.177361080985578,17,17,1,1.33392511238934
"1715","Rabep.image8.2020_07_14",4,0.202211634131203,15,15,1,1.50317537449455
"1716","Rho.image1.2020_06_17",3,0.0829365310841383,19,13,0.684210526315789,1.455249954996
"1717","Rho.image10_left.2020_06_17",3,0.1441019703088,25,25,1,1.29028720238296
"1718","Rho.image10_right.2020_06_17",3,0.195279742763066,26,21,0.807692307692308,1.2825763533392
"1719","Rho.image11_right.2020_06_17",5,0.21673854960474,17,14,0.823529411764706,1.29215115032021
"1720","Rho.image12_left.2020_06_17",2,-0.0500567359697547,24,12,0.5,1.52413444136597
"1721","Rho.image13_right.2020_06_17",3,0.113884952428498,16,14,0.875,1.37679893324886
"1722","Rho.image14.2020_06_17",3,0.0233876408536559,46,36,0.782608695652174,1.19574273431276
"1723","Rho.image15.2020_06_17",1,-0.0599929069673804,25,14,0.56,1.49227589626469
"1724","Rho.image16.2020_06_17",5,0.292142131692685,27,26,0.962962962962963,1.07692356260508
"1725","Rho.image17_left.2020_06_17",5,0.21049769549526,21,16,0.761904761904762,1.15236337139485
"1726","Rho.image17_right.2020_06_17",5,0.0980390309330186,19,13,0.684210526315789,1.40131873741293
"1727","Rho.image18.2020_06_17",3,-0.00561788660399595,19,8,0.421052631578947,1.38292007183676
"1728","Rho.image19_left.2020_06_17",3,0.0389131304281267,15,8,0.533333333333333,1.55323498873603
"1729","Rho.image19_right.2020_06_17",8,0.671841899810151,31,31,1,0.54123251577548
"1730","Rho.image2_left.2020_06_17",3,0.168961540072067,14,14,1,1.4322629047072
"1731","Rho.image2_right.2020_06_17",2,-0.0997089910292261,16,8,0.5,1.56840867178824
"1732","Rho.image20.2020_06_17",3,-0.0132718217423996,14,11,0.785714285714286,1.72367104200335
"1733","Rho.image3.2020_06_17",3,0.228843102177637,18,18,1,1.31596736109017
"1734","Rho.image4.2020_06_17",1,0.107119506135864,24,23,0.958333333333333,1.4422348108974
"1735","Rho.image5.2020_06_17",3,-0.0399631333670136,15,7,0.466666666666667,1.72330785606374
"1736","Rho.image6.2020_06_17",3,0.0232131506932004,14,7,0.5,1.53645670413444
"1737","Rho.image7.2020_06_17",3,0.0910935484734248,16,8,0.5,1.4247726710616
"1738","Rho.image8.2020_06_17",2,-0.0615271436076756,16,8,0.5,1.59754988014245
"1739","Rho.image9.2020_06_17",3,0.102019694478525,19,13,0.684210526315789,1.34628083644051
"1740","Rho.slide1_image10_left.2020_02_06",2,0.0191989911698339,35,22,0.628571428571429,1.35406536184917
"1741","Rho.slide1_image10_right.2020_02_06",1,0.0163411246849008,15,10,0.666666666666667,1.68537457585251
"1742","Rho.slide1_image11.2020_02_06",3,0.0675160788549753,17,14,0.823529411764706,1.34800926186876
"1743","Rho.slide1_image12_left.2020_02_06",3,0.0566172373286006,17,10,0.588235294117647,1.51890637816598
"1744","Rho.slide1_image12_right.2020_02_06",1,-0.00815521339006833,15,14,0.933333333333333,1.53465800552054
"1745","Rho.slide1_image13_left.2020_02_06",5,0.0922011694344979,17,16,0.941176470588235,1.34368237725737
"1746","Rho.slide1_image14.2020_02_06",2,-0.0754387314728531,15,8,0.533333333333333,1.63415279147036
"1747","Rho.slide1_image15_right.2020_02_06",1,-0.0201183140603806,15,13,0.866666666666667,1.68918974429384
"1748","Rho.slide1_image16.2020_02_06",2,0.0364997747629221,59,42,0.711864406779661,1.24151137396998
"1749","Rho.slide1_image18_left.2020_02_06",2,-0.0299167184647491,16,10,0.625,1.69159898997944
"1750","Rho.slide1_image18_right.2020_02_06",2,-0.0373539257237665,17,8,0.470588235294118,1.59435949813844
"1751","Rho.slide1_image19.2020_02_06",1,-0.0496825201684644,49,26,0.530612244897959,1.40034317881123
"1752","Rho.slide1_image2.2020_02_06",2,0.0260593983513654,16,7,0.4375,1.59767847666703
"1753","Rho.slide1_image20.2020_02_06",2,-0.0472547024017618,18,13,0.722222222222222,1.53489161473939
"1754","Rho.slide1_image21.2020_02_06",3,0.00198487471048515,37,10,0.27027027027027,1.31710630069486
"1755","Rho.slide1_image22.2020_02_06",2,0.102723728833395,35,34,0.971428571428571,1.30716420497255
"1756","Rho.slide1_image23.2020_02_06",1,-0.00965424528995535,24,19,0.791666666666667,1.41253039519832
"1757","Rho.slide1_image24_right.2020_02_06",5,0.117273758344688,16,14,0.875,1.3824940238193
"1758","Rho.slide1_image28_left.2020_02_06",5,0.138788439264691,14,13,0.928571428571429,1.51296984377538
"1759","Rho.slide1_image29_left.2020_02_06",2,-0.119209225695074,17,10,0.588235294117647,1.55610571764262
"1760","Rho.slide1_image3.2020_02_06",7,0.314879751361501,22,21,0.954545454545455,1.15619305832617
"1761","Rho.slide1_image30_left.2020_02_06",2,0.0238080047803583,14,7,0.5,1.7502375246314
"1762","Rho.slide1_image31.2020_02_06",6,-0.014055337465373,17,6,0.352941176470588,1.55952527801656
"1763","Rho.slide1_image4.2020_02_06",3,-0.0409817589895762,15,11,0.733333333333333,1.63609495798681
"1764","Rho.slide1_image5_left.2020_02_06",7,0.129320456589337,17,8,0.470588235294118,1.46989679028075
"1765","Rho.slide1_image5_right.2020_02_06",1,-0.072072374022819,20,11,0.55,1.47032038477968
"1766","Rho.slide1_image6.2020_02_06",2,0.0812222030241095,19,15,0.789473684210526,1.42801681454242
"1767","Rho.slide1_image7.2020_02_06",2,0.0701886694806001,23,19,0.826086956521739,1.35882962878641
"1768","Rho.slide1_image8.2020_02_06",2,0.0223290163649857,19,12,0.631578947368421,1.46905055841536
"1769","Rho.slide1_image9.2020_02_06",1,-0.0334484976199744,22,15,0.681818181818182,1.53978802215438
"1770","Rho.slide2_image1.2020_02_06",7,0.196734739536948,17,11,0.647058823529412,1.33636039730623
"1771","Rho.slide2_image10.2020_02_06",2,0.0142800095782248,22,14,0.636363636363636,1.38563696485964
"1772","Rho.slide2_image11.2020_02_06",1,0.0850431196402896,26,23,0.884615384615385,1.42078924335139
"1773","Rho.slide2_image12_right.2020_02_06",2,-0.0830878607996877,25,16,0.64,1.57789645783106
"1774","Rho.slide2_image13_left.2020_02_06",1,-0.0257403956407516,54,33,0.611111111111111,1.27600464122501
"1775","Rho.slide2_image13_right.2020_02_06",5,0.329370185037438,23,23,1,1.14469120013283
"1776","Rho.slide2_image14_left.2020_02_06",2,-0.0429411026581955,17,7,0.411764705882353,1.62261240265138
"1777","Rho.slide2_image14_right.2020_02_06",2,-0.00892640162372566,15,8,0.533333333333333,1.72760182740189
"1778","Rho.slide2_image16_left.2020_02_06",2,-0.146685131650133,16,8,0.5,1.76649709026613
"1779","Rho.slide2_image16_right.2020_02_06",3,0.0717027431923156,19,11,0.578947368421053,1.51448813180623
"1780","Rho.slide2_image17.2020_02_06",7,0.159974618913169,14,12,0.857142857142857,1.4974364395393
"1781","Rho.slide2_image18.2020_02_06",2,-0.0688059123726658,30,18,0.6,1.41153802999914
"1782","Rho.slide2_image19.2020_02_06",4,0.0288890847271834,15,15,1,1.37806143743102
"1783","Rho.slide2_image20_left.2020_02_06",4,0.0208166610177343,17,16,0.941176470588235,1.36194560625257
"1784","Rho.slide2_image20_right.2020_02_06",7,0.131913958340784,16,11,0.6875,1.36353415396053
"1785","Rho.slide2_image21.2020_02_06",5,0.224175926993099,16,15,0.9375,1.28835755664915
"1786","Rho.slide2_image22.2020_02_06",4,0.0119282025479872,15,15,1,1.47368801851533
"1787","Rho.slide2_image23_left.2020_02_06",2,-0.034193814942932,18,10,0.555555555555556,1.49072495497974
"1788","Rho.slide2_image23_right.2020_02_06",2,0.0299377146755139,15,12,0.8,1.51525851419261
"1789","Rho.slide2_image24.2020_02_06",2,-0.0649422600539962,18,14,0.777777777777778,1.42457829092782
"1790","Rho.slide2_image25.2020_02_06",2,-0.0123096682853645,15,15,1,1.5567404387901
"1791","Rho.slide2_image26.2020_02_06",2,-0.130485058316983,14,6,0.428571428571429,1.69982181687109
"1792","Rho.slide2_image3.2020_02_06",3,0.120924302358472,15,10,0.666666666666667,1.57184891665742
"1793","Rho.slide2_image4.2020_02_06",7,0.111712610864354,23,8,0.347826086956522,1.33133566091692
"1794","Rho.slide2_image5.2020_02_06",4,0.0738959272052619,15,12,0.8,1.50669321869626
"1795","Rho.slide2_image6_left.2020_02_06",5,0.139546330765542,17,14,0.823529411764706,1.31029177089466
"1796","Rho.slide2_image9.2020_02_06",1,0.0185680145889167,14,10,0.714285714285714,1.63178097041026
"1797","RNF149.image10.2021_02_24",5,0.16292868409711,22,21,0.954545454545455,1.20844282315793
"1798","RNF149.image14_left.2021_02_24",5,0.281153130069729,18,18,1,1.22354755626354
"1799","RNF149.image14_right.2021_02_24",7,0.182110017717392,17,15,0.882352941176471,1.26468843670435
"1800","RNF149.image18_left.2021_02_24",2,0.0853862370534637,33,28,0.848484848484849,1.32135784929816
"1801","RNF149.image18_right.2021_02_24",7,0.196621873266364,17,14,0.823529411764706,1.25494130112527
"1802","RNF149.image19.2021_02_24",5,0.328841353843309,27,27,1,1.15175556075256
"1803","RNF149.image2_right.2021_02_24",2,-0.134772652648,37,18,0.486486486486487,1.35691745217665
"1804","RNF149.image22_right.2021_02_24",6,0.142936707296533,17,15,0.882352941176471,1.20842056969503
"1805","RNF149.image26.2021_02_24",8,0.393490957584518,20,14,0.7,0.915034115358705
"1806","RNF149.image27_left.2021_02_24",1,0.0332777868436088,15,13,0.866666666666667,1.60778284510781
"1807","RNF149.image27_right.2021_02_24",5,0.248162592374045,24,24,1,1.21677124398698
"1808","RNF149.image29.2021_02_24",3,-0.119020157098001,15,6,0.4,1.57359246206933
"1809","RNF149.image31_left.2021_02_24",7,0.16760599011234,14,12,0.857142857142857,1.46691901901305
"1810","RNF149.image31_right.2021_02_24",2,0.0929559863325505,16,16,1,1.41757126020143
"1811","RNF149.image32_left.2021_02_24",1,-0.048721481287463,18,13,0.722222222222222,1.55974514899834
"1812","RNF149.image32_right.2021_02_24",2,-0.104321305175583,21,11,0.523809523809524,1.47784079575775
"1813","RNF149.image33_left.2021_02_24",7,0.153756574968479,19,19,1,1.22077269499737
"1814","RNF149.image33_right.2021_02_24",7,0.134562362778735,18,11,0.611111111111111,1.32269751144552
"1815","RNF149.image35.2021_02_24",6,0.171539887536122,28,20,0.714285714285714,1.12697883576528
"1816","RNF149.image38.2021_02_24",6,0.303361840491452,39,39,1,1.01703125848329
"1817","RNF149.image4.2021_02_24",6,0.125900979598205,17,15,0.882352941176471,1.35187931693986
"1818","RNF149.image45_left.2021_02_24",3,0.0564917079885135,32,20,0.625,1.29425886461906
"1819","RNF149.image45_right.2021_02_24",6,0.189154492374724,17,17,1,1.32936565363306
"1820","RNF149.image46.2021_02_24",6,0.103489244774824,17,9,0.529411764705882,1.31812826515034
"1821","RNF149.image5_left.2021_02_24",2,-0.0484517795963812,25,20,0.8,1.33080345039226
"1822","RNF149.image5_right.2021_02_24",2,0.0303741119589088,24,15,0.625,1.42474683804747
"1823","RNF149.image50_left.2021_02_24",4,0.163015476688672,14,14,1,1.58291578678771
"1824","RNF149.image50_right.2021_02_24",7,0.102218468772407,18,8,0.444444444444444,1.36048631294378
"1825","RNF149.image7.2021_02_24",7,0.128945306950476,26,20,0.769230769230769,1.20832223641541
"1826","RNF149.image8_left.2021_02_24",1,-0.00265042974886342,32,17,0.53125,1.33679058835666
"1827","RNF149.image8_right.2021_02_24",5,0.124353080787462,14,10,0.714285714285714,1.56828614623667
"1828","RNF149.image9_left.2021_02_24",6,0.164803084470037,18,14,0.777777777777778,1.29504011263118
"1829","RNF149.image9_right.2021_02_24",7,0.175401880818618,14,13,0.928571428571429,1.42873692222756
"1830","Rock.image1_left.2020_07_14",3,-0.0369339616218115,20,14,0.7,1.39500555861103
"1831","Rock.image1_left.2020_07_23",3,0.139277404917293,15,13,0.866666666666667,1.41417582767112
"1832","Rock.image1_right.2020_07_14",3,0.211103228893562,18,17,0.944444444444444,1.35738461507792
"1833","Rock.image1_right.2020_07_23",3,-0.010038681131637,15,14,0.933333333333333,1.44562011117576
"1834","Rock.image10.2020_07_14",3,0.185292272093177,45,38,0.844444444444444,1.13714072046924
"1835","Rock.image12.2020_07_14",6,0.246717976772714,17,17,1,1.29687137401945
"1836","Rock.image13_right.2020_07_14",3,0.166088827258212,54,45,0.833333333333333,1.13688567100199
"1837","Rock.image14.2020_07_14",3,0.230462402259053,38,38,1,1.16984006406047
"1838","Rock.image15.2020_07_14",3,0.0792618393684773,14,10,0.714285714285714,1.39991607324008
"1839","Rock.image18_left.2020_07_14",3,0.178438345355617,20,19,0.95,1.26865294631746
"1840","Rock.image19_right.2020_07_14",3,0.178635367469796,61,60,0.983606557377049,1.11724674325838
"1841","Rock.image2.2020_07_14",6,0.144940777834125,15,13,0.866666666666667,1.31370001154564
"1842","Rock.image2.2020_07_23",8,0.634003913543358,15,15,1,0.66355309001134
"1843","Rock.image20_left.2020_07_14",3,0.206782512571492,25,25,1,1.28892100664226
"1844","Rock.image20_right.2020_07_14",1,-0.064028671303743,15,14,0.933333333333333,1.58512551564933
"1845","Rock.image3.2020_07_14",5,0.287240870210658,37,35,0.945945945945946,1.09108002584193
"1846","Rock.image3.2020_07_23",3,0.0699664786861874,17,17,1,1.46826163375844
"1847","Rock.image4.2020_07_14",3,0.137891326436205,24,21,0.875,1.29705969548414
"1848","Rock.image4.2020_07_23",3,0.102401465143369,28,16,0.571428571428571,1.30914631423041
"1849","Rock.image5.2020_07_14",6,0.12619895653506,14,12,0.857142857142857,1.33159611940161
"1850","Rock.image6_left.2020_07_23",6,0.179482167893901,16,11,0.6875,1.23488989925614
"1851","Rock.image6_right.2020_07_23",3,0.0653995292458604,14,9,0.642857142857143,1.58956050863756
"1852","Rock.image6.2020_07_14",3,0.161982853237713,20,20,1,1.32232507279733
"1853","Rock.image7_right.2020_07_23",4,0.104419592023251,15,14,0.933333333333333,1.4439354305377
"1854","Rock.image7.2020_07_14",3,0.156053257961509,47,39,0.829787234042553,1.19214686189865
"1855","Rock.image8_left.2020_07_14",3,0.177978328509723,19,17,0.894736842105263,1.38945439490995
"1856","Rock.image8_right.2020_07_14",3,0.195664573159779,18,17,0.944444444444444,1.34940064916432
"1857","Rock.image9.2020_07_14",3,0.194257672033557,21,19,0.904761904761905,1.27564602450339
"1858","TLE.image12_left.2021_02_24",1,0.146823649396654,14,14,1,1.56945706260965
"1859","TLE.image12_right.2021_02_24",1,0.0683623476910803,17,16,0.941176470588235,1.59861195630132
"1860","TLE.image14.2021_02_24",5,0.25264193390481,14,14,1,1.28997647244324
"1861","TLE.image19_left.2021_02_24",2,-0.0235529481941221,14,8,0.571428571428571,1.64917555317626
"1862","TLE.image19_right.2021_02_24",1,-0.058845172389924,16,14,0.875,1.49854009171693
"1863","TLE.image2.2021_02_24",5,0.0783545334575607,19,8,0.421052631578947,1.42267718673224
"1864","TLE.image20_right.2021_02_24",4,0.040158038398951,18,17,0.944444444444444,1.35175085038782
"1865","TLE.image23_left.2021_02_24",5,0.234916651194921,14,14,1,1.34320480553529
"1866","TLE.image23_right.2021_02_24",1,0.0811012631864687,14,13,0.928571428571429,1.49839918512238
"1867","TLE.image25_right.2021_02_24",4,0.165229638494021,14,13,0.928571428571429,1.47618415743263
"1868","TLE.image28_left.2021_02_24",5,0.17840866749206,14,11,0.785714285714286,1.43709365304244
"1869","TLE.image28_right.2021_02_24",5,0.158145254353856,17,17,1,1.35814471779482
"1870","TLE.image30_left.2021_02_24",7,0.275918790008777,18,17,0.944444444444444,1.22563339811884
"1871","TLE.image30_right.2021_02_24",1,0.0295011010475844,14,12,0.857142857142857,1.71564807737367
"1872","TLE.image31_left.2021_02_24",4,0.169064095344689,16,16,1,1.33417221092354
"1873","TLE.image31_right.2021_02_24",3,0.00944270904847966,14,7,0.5,1.68593551985871
"1874","TLE.image33.2021_02_24",7,0.135194878745254,19,12,0.631578947368421,1.34196690787845
"1875","TLE.image4_left.2021_02_24",3,-0.0186510517009662,15,9,0.6,1.6271651449273
"1876","TLE.image4_right.2021_02_24",5,0.160338873705547,16,8,0.5,1.31248815437004
"1877","TLE.image41_left.2021_02_24",4,0.214256656158591,21,21,1,1.35862490536563
"1878","TLE.image41_right.2021_02_24",1,-0.0251335900539849,41,28,0.682926829268293,1.33702656586762
"1879","TLE.image43_left.2021_02_24",1,0.0574856265785599,15,15,1,1.59123291983056
"1880","TLE.image43_right.2021_02_24",7,0.273792626739173,18,17,0.944444444444444,1.22306516275672
"1881","TLE.image44_left.2021_02_24",4,0.146474330668733,20,19,0.95,1.24445344192396
"1882","TLE.image44_right.2021_02_24",7,0.1217524291743,14,7,0.5,1.49556872749297
"1883","TLE.image5_left.2021_02_24",1,-0.0257738813553081,14,9,0.642857142857143,1.59912164843079
"1884","TLE.image5_right.2021_02_24",5,0.31249923317221,32,32,1,1.13454736925485
"1885","TLE.image6.2021_02_24",1,0.0431623563476244,36,28,0.777777777777778,1.32185545922903
"1886","TLE.image7_left.2021_02_24",1,-0.0763102876383643,18,13,0.722222222222222,1.5367348799345
"1887","TLE.image7_right.2021_02_24",4,0.19190693311534,19,19,1,1.41984666954357
"1888","TLE.image8_right.2021_02_24",4,0.223326281444497,14,14,1,1.42659112743816
"1889","Tol.slide1_image10.2020_11_05",7,0.146770965850583,23,13,0.565217391304348,1.27422705329381
"1890","Tol.slide1_image11_left.2020_11_05",4,0.256575265604295,31,30,0.967741935483871,1.23976943798874
"1891","Tol.slide1_image11_right.2020_11_05",5,0.255818335976722,16,15,0.9375,1.36626440311529
"1892","Tol.slide1_image12_left.2020_11_04",2,-0.0460180807017171,34,25,0.735294117647059,1.35499506312299
"1893","Tol.slide1_image12_right.2020_11_04",3,0.134443400415099,15,11,0.733333333333333,1.46404831228842
"1894","Tol.slide1_image13_right.2020_11_05",4,0.250988436473582,17,17,1,1.33933083455094
"1895","Tol.slide1_image13.2020_11_04",4,0.167571048361763,16,15,0.9375,1.45595372743866
"1896","Tol.slide1_image15_left.2020_11_04",1,0.0726951190553437,21,19,0.904761904761905,1.50555071594075
"1897","Tol.slide1_image15_right.2020_11_04",4,0.217592567227494,17,17,1,1.41719193793083
"1898","Tol.slide1_image17.2020_11_05",8,0.624488604050476,22,22,1,0.596213383734259
"1899","Tol.slide1_image19.2020_11_04",7,0.143783023724925,14,12,0.857142857142857,1.52145501640193
"1900","Tol.slide1_image2.2020_11_04",8,0.63560170374804,19,19,1,0.621086873161635
"1901","Tol.slide1_image20.2020_11_05",4,0.228095839985351,17,17,1,1.31467576856344
"1902","Tol.slide1_image21_right.2020_11_05",4,0.189662949540756,17,17,1,1.36617043914452
"1903","Tol.slide1_image23.2020_11_05",4,0.232972951279296,23,23,1,1.27344002747516
"1904","Tol.slide1_image24_right.2020_11_04",6,0.339704538474814,25,24,0.96,1.16504663105748
"1905","Tol.slide1_image26.2020_11_05",8,0.652633797437276,15,15,1,0.603062833591455
"1906","Tol.slide1_image27.2020_11_05",8,0.629863470710201,18,18,1,0.62976335763466
"1907","Tol.slide1_image31_left.2020_11_05",8,0.643766163243793,21,21,1,0.612956433980627
"1908","Tol.slide1_image31_right.2020_11_05",2,0.0453652139848769,19,14,0.736842105263158,1.45531685003075
"1909","Tol.slide1_image31.2020_11_04",7,0.056008022980148,19,7,0.368421052631579,1.44992409364146
"1910","Tol.slide1_image32.2020_11_04",5,0.257102442765669,19,19,1,1.18747932630801
"1911","Tol.slide1_image39.2020_11_05",4,-0.0465940150951954,14,13,0.928571428571429,1.519046043665
"1912","Tol.slide1_image4.2020_11_04",4,-0.0280445705207972,15,10,0.666666666666667,1.52965397818344
"1913","Tol.slide1_image40.2020_11_05",8,0.625220073942646,18,18,1,0.670988985867423
"1914","Tol.slide1_image42.2020_11_04",1,0.0317240721163211,14,12,0.857142857142857,1.62114609619721
"1915","Tol.slide1_image48_left.2020_11_04",5,0.271534530801049,22,21,0.954545454545455,1.19025888804253
"1916","Tol.slide1_image48_right.2020_11_04",5,0.293937314413829,23,22,0.956521739130435,1.20235421122742
"1917","Tol.slide1_image48.2020_11_05",1,0.0295527293956882,14,12,0.857142857142857,1.64779167333554
"1918","Tol.slide1_image5_left.2020_11_04",5,0.270895443925606,37,37,1,1.07925626310754
"1919","Tol.slide1_image5_right.2020_11_04",2,-0.0164202740463131,18,14,0.777777777777778,1.40013581642298
"1920","Tol.slide1_image5_right.2020_11_05",5,0.185652779195086,15,10,0.666666666666667,1.35813033501776
"1921","Tol.slide1_image50.2020_11_05",4,-0.147581629758049,27,14,0.518518518518518,1.37894338523925
"1922","Tol.slide1_image51_left.2020_11_05",4,0.168589526601893,27,26,0.962962962962963,1.27513200264107
"1923","Tol.slide1_image52.2020_11_05",4,0.236715053762125,21,21,1,1.26572130356241
"1924","Tol.slide1_image54_left.2020_11_05",4,0.130591633751752,41,23,0.560975609756098,1.25715326760746
"1925","Tol.slide1_image54_right.2020_11_05",5,0.200544803647133,17,12,0.705882352941177,1.22031145491528
"1926","Tol.slide1_image8_left.2020_11_05",8,0.615997760417687,21,21,1,0.630527689805374
"1927","Tol.slide1_image8_right.2020_11_05",2,0.0392580784127848,24,13,0.541666666666667,1.47059544653859
"1928","Tol.slide2_image1.2020_11_04",5,-0.0670409007409363,16,6,0.375,1.60883967197062
"1929","Tol.slide2_image11_left.2020_11_04",4,-0.0279574558186015,19,14,0.736842105263158,1.38281552240402
"1930","Tol.slide2_image11_right.2020_11_04",7,0.0651543693018301,28,8,0.285714285714286,1.2293097636294
"1931","Tol.slide2_image11.2020_11_05",1,0.0939763998740318,20,14,0.7,1.4543740291557
"1932","Tol.slide2_image12_left.2020_11_04",5,0.236032881966187,15,15,1,1.34984621456962
"1933","Tol.slide2_image15.2020_11_04",4,0.215439901374394,17,17,1,1.45163154199355
"1934","Tol.slide2_image17.2020_11_05",1,0.0752242939169801,24,20,0.833333333333333,1.40299051464892
"1935","Tol.slide2_image18.2020_11_04",5,0.155176886359415,14,14,1,1.42760268292501
"1936","Tol.slide2_image18.2020_11_05",8,0.595556977536507,18,18,1,0.721150147871556
"1937","Tol.slide2_image2.2020_11_04",8,0.503439674333702,17,15,0.882352941176471,0.762120372745874
"1938","Tol.slide2_image20.2020_11_05",1,0.0712723629938906,23,21,0.91304347826087,1.43395261553597
"1939","Tol.slide2_image22_left.2020_11_04",5,0.149525952378146,26,19,0.730769230769231,1.21086528497083
"1940","Tol.slide2_image25_left.2020_11_04",1,0.0837153535406497,20,17,0.85,1.60712213553277
"1941","Tol.slide2_image25_right.2020_11_04",8,0.670292978048862,24,24,1,0.584024296437386
"1942","Tol.slide2_image3.2020_11_04",2,-0.121268497073069,30,13,0.433333333333333,1.42501886204037
"1943","Tol.slide2_image38_left.2020_11_04",7,0.160010685549371,17,17,1,1.28675738275576
"1944","Tol.slide2_image8.2020_11_04",1,-0.055619329657414,24,17,0.708333333333333,1.39399209234009
"1945","Tol.slide2_image9.2020_11_04",5,0.00628739590606437,20,13,0.65,1.6009918726946
"1946","Tyrosinase.image1_left.2020_06_17",2,-0.143080070458567,17,6,0.352941176470588,1.5931944147167
"1947","Tyrosinase.image1_right.2020_06_17",5,0.211144252514892,14,14,1,1.40751169237392
"1948","Tyrosinase.image1.2020_01_10",2,0.08533369147135,17,13,0.764705882352941,1.5360863365389
"1949","Tyrosinase.image1.2020_07_23",3,0.126707614517381,22,14,0.636363636363636,1.37868615476922
"1950","Tyrosinase.image10_right.2020_07_14",3,0.0646801284928014,20,13,0.65,1.45103926012762
"1951","Tyrosinase.image10.2020_01_10",1,0.0321818309803218,16,11,0.6875,1.56027531600996
"1952","Tyrosinase.image10.2020_06_17",3,0.0885400068627278,39,26,0.666666666666667,1.25294648852576
"1953","Tyrosinase.image10.2020_07_23",1,0.0728110998234106,16,10,0.625,1.56989740030749
"1954","Tyrosinase.image11.2020_01_10",2,-0.0811670909915097,14,7,0.5,1.81067508093457
"1955","Tyrosinase.image11.2020_07_14",4,0.10168329919702,16,11,0.6875,1.43923157309234
"1956","Tyrosinase.image12.2020_01_10",1,-0.0725997633995751,60,28,0.466666666666667,1.32343182273642
"1957","Tyrosinase.image12.2020_07_14",3,0.0310850365238206,14,7,0.5,1.67249071555439
"1958","Tyrosinase.image13.2020_01_10",4,0.0945354748420066,24,24,1,1.29795718497748
"1959","Tyrosinase.image13.2020_07_14",3,0.105896901821833,26,16,0.615384615384615,1.36241266306365
"1960","Tyrosinase.image14_left.2020_01_10",1,-0.088170551325566,14,9,0.642857142857143,1.7334372862664
"1961","Tyrosinase.image14_left.2020_07_14",1,0.00713307732868247,15,11,0.733333333333333,1.58896484838926
"1962","Tyrosinase.image14_right.2020_01_10",1,0.0881145275775318,15,14,0.933333333333333,1.69582609798896
"1963","Tyrosinase.image15_left.2020_01_10",3,0.0769741742555869,18,10,0.555555555555556,1.40562993127811
"1964","Tyrosinase.image15_left.2020_07_14",3,0.215073217289516,29,25,0.862068965517241,1.22559098002813
"1965","Tyrosinase.image15_right.2020_01_10",1,0.0132739993762153,20,15,0.75,1.52113500265638
"1966","Tyrosinase.image15_right.2020_07_14",3,0.156343335057047,19,16,0.842105263157895,1.41899732008048
"1967","Tyrosinase.image16_left.2020_01_10",1,0.0154208769255373,17,11,0.647058823529412,1.59519077975371
"1968","Tyrosinase.image16_left.2020_07_14",6,0.154433855125381,24,16,0.666666666666667,1.17081629319417
"1969","Tyrosinase.image16_right.2020_01_10",2,0.061927601500118,21,10,0.476190476190476,1.41032600661987
"1970","Tyrosinase.image16_right.2020_07_14",6,0.0986186869667772,17,12,0.705882352941177,1.3680390421232
"1971","Tyrosinase.image17.2020_01_10",1,-0.00954293199786844,25,24,0.96,1.46364141272132
"1972","Tyrosinase.image17.2020_07_14",3,0.186962858937112,19,19,1,1.3614380166473
"1973","Tyrosinase.image2.2020_01_10",2,-0.0207742687584582,52,25,0.480769230769231,1.24863264038129
"1974","Tyrosinase.image2.2020_06_17",1,0.0239199978677364,18,13,0.722222222222222,1.55604441102824
"1975","Tyrosinase.image2.2020_07_14",3,0.124923877278751,14,13,0.928571428571429,1.54970291759702
"1976","Tyrosinase.image3_left.2020_06_17",3,0.0169765276866073,15,14,0.933333333333333,1.51552533198355
"1977","Tyrosinase.image3_left.2020_07_23",3,0.00587605627566142,14,10,0.714285714285714,1.62583418869945
"1978","Tyrosinase.image3_right.2020_06_17",2,-0.0109889765179097,15,10,0.666666666666667,1.58283327319997
"1979","Tyrosinase.image3_right.2020_07_23",3,0.190322626822521,20,19,0.95,1.24135527911654
"1980","Tyrosinase.image3.2020_01_10",2,-0.00216193921130055,18,12,0.666666666666667,1.48928422851481
"1981","Tyrosinase.image3.2020_07_14",3,0.13811536142184,21,15,0.714285714285714,1.38297246938896
"1982","Tyrosinase.image4.2020_06_17",2,0.0413950235020807,18,14,0.777777777777778,1.44958868343737
"1983","Tyrosinase.image5_left.2020_06_17",1,-0.104935072700715,26,11,0.423076923076923,1.55248493660339
"1984","Tyrosinase.image5_left.2020_07_14",3,0.239808658835358,16,16,1,1.30432110688668
"1985","Tyrosinase.image5_right.2020_07_14",3,0.135653934156254,16,14,0.875,1.33357471473035
"1986","Tyrosinase.image5.2020_07_23",4,0.230232276481592,18,18,1,1.33653454089351
"1987","Tyrosinase.image6_left.2020_01_10",1,-0.0589415491291446,30,19,0.633333333333333,1.36705549957902
"1988","Tyrosinase.image6_left.2020_06_17",3,0.0920692524355609,15,12,0.8,1.44583517678786
"1989","Tyrosinase.image6_right.2020_01_10",3,0.122214944854054,22,13,0.590909090909091,1.33598388305598
"1990","Tyrosinase.image6.2020_07_23",1,-0.0895622370426902,15,8,0.533333333333333,1.64309045144854
"1991","Tyrosinase.image7_left.2020_07_14",2,0.0891039499547434,23,20,0.869565217391304,1.35566206616269
"1992","Tyrosinase.image7_right.2020_07_14",3,0.111159791611365,14,13,0.928571428571429,1.55464578296184
"1993","Tyrosinase.image7.2020_01_10",3,0.0705770488001612,17,11,0.647058823529412,1.48747129152706
"1994","Tyrosinase.image7.2020_06_17",7,-0.0132563620150105,19,8,0.421052631578947,1.45867498686742
"1995","Tyrosinase.image7.2020_07_23",3,0.0848406447213475,18,13,0.722222222222222,1.45121544059711
"1996","Tyrosinase.image8_left.2020_07_14",3,0.123855766475272,30,25,0.833333333333333,1.29449328901465
"1997","Tyrosinase.image8.2020_01_10",3,0.0736830044315109,18,14,0.777777777777778,1.55702141681275
"1998","Tyrosinase.image8.2020_06_17",3,0.0984281390783217,24,18,0.75,1.34872166589265
"1999","Tyrosinase.image8.2020_07_23",4,0.131455605812701,17,16,0.941176470588235,1.36439818534008
"2000","Tyrosinase.image9_left.2020_07_14",3,0.168477613314034,19,17,0.894736842105263,1.38146061189967
"2001","Tyrosinase.image9_right.2020_07_14",4,0.0768741357865318,21,17,0.80952380952381,1.26741811261897
"2002","Tyrosinase.image9.2020_01_10",3,0.0275160422411959,17,11,0.647058823529412,1.59189369522703
"2003","Tyrosinase.image9.2020_06_17",3,0.143618024379818,17,14,0.823529411764706,1.40826553221406
"2004","Tyrosinase.image9.2020_07_23",5,0.0988804116088276,15,8,0.533333333333333,1.36499249288346
"2005","Tyrosinase.slide1_image1_left.2020_10_06",1,0.0855664337300376,16,14,0.875,1.52572383037578
"2006","Tyrosinase.slide1_image1_right.2020_10_06",1,-0.0345813853046583,22,15,0.681818181818182,1.49095972452381
"2007","Tyrosinase.slide1_image1.2020_02_06",1,-0.0153177817716444,14,8,0.571428571428571,1.67213500586187
"2008","Tyrosinase.slide1_image10_left.2019_08_29",3,0.121198827599985,28,24,0.857142857142857,1.31581669621355
"2009","Tyrosinase.slide1_image10_right.2019_08_29",1,0.0290687148705852,18,13,0.722222222222222,1.34705069262587
"2010","Tyrosinase.slide1_image11_left.2019_08_29",1,-0.00454712271669644,14,6,0.428571428571429,1.72186310232717
"2011","Tyrosinase.slide1_image11_right.2019_08_29",1,0.072459426615355,19,13,0.684210526315789,1.46158699579185
"2012","Tyrosinase.slide1_image12.2019_08_29",7,0.151914593098786,15,10,0.666666666666667,1.35977189637941
"2013","Tyrosinase.slide1_image13.2019_08_29",2,0.0657456883188856,22,15,0.681818181818182,1.42280568207945
"2014","Tyrosinase.slide1_image14.2019_08_29",1,-0.142915398913078,16,6,0.375,1.60194717460867
"2015","Tyrosinase.slide1_image15.2019_08_29",3,0.138816794624323,16,14,0.875,1.40685435274504
"2016","Tyrosinase.slide1_image16.2019_08_29",1,-0.152253351247725,19,10,0.526315789473684,1.49360467487477
"2017","Tyrosinase.slide1_image17.2019_08_29",1,0.00750206963397719,18,14,0.777777777777778,1.53274457531298
"2018","Tyrosinase.slide1_image18_left.2019_08_29",1,0.0180173535771479,18,12,0.666666666666667,1.57781279484672
"2019","Tyrosinase.slide1_image18_right.2019_08_29",1,0.042766922444364,19,11,0.578947368421053,1.46175380342428
"2020","Tyrosinase.slide1_image19_left.2019_08_29",1,0.0708155036193261,16,14,0.875,1.51770337291107
"2021","Tyrosinase.slide1_image19_right.2019_08_29",7,0.0885328350941252,17,10,0.588235294117647,1.41191417609437
"2022","Tyrosinase.slide1_image2_left.2019_08_29",7,0.106414224734161,16,12,0.75,1.30819532904602
"2023","Tyrosinase.slide1_image2_left.2020_10_06",1,0.101467586134795,14,14,1,1.63503949269937
"2024","Tyrosinase.slide1_image2_right.2019_08_29",1,-0.00436151161876254,15,8,0.533333333333333,1.56287895971067
"2025","Tyrosinase.slide1_image2_right.2020_10_06",1,-0.0219070640016502,14,8,0.571428571428571,1.79655810647266
"2026","Tyrosinase.slide1_image20.2019_08_29",1,-0.0603431839583339,15,11,0.733333333333333,1.61856645563904
"2027","Tyrosinase.slide1_image3_left.2019_08_29",1,0.0189474020000789,58,32,0.551724137931034,1.29333165840746
"2028","Tyrosinase.slide1_image3_right.2019_08_29",3,0.0381085988647601,15,6,0.4,1.73021008322995
"2029","Tyrosinase.slide1_image3.2020_02_06",5,0.207481756508352,14,14,1,1.35758678008331
"2030","Tyrosinase.slide1_image3.2020_10_06",4,0.00182057078301552,17,15,0.882352941176471,1.33961693540776
"2031","Tyrosinase.slide1_image4_left.2019_08_29",1,0.0215346408519591,50,31,0.62,1.23053973692452
"2032","Tyrosinase.slide1_image4_right.2019_08_29",2,-0.0142959944678115,24,17,0.708333333333333,1.38737421507387
"2033","Tyrosinase.slide1_image4.2020_02_06",3,-0.0675498301557237,15,5,0.333333333333333,1.63942754624782
"2034","Tyrosinase.slide1_image5_left.2020_02_06",3,0.00242078549097541,18,8,0.444444444444444,1.61927503381788
"2035","Tyrosinase.slide1_image5_left.2020_10_06",3,0.0531738883864845,21,19,0.904761904761905,1.39215648742749
"2036","Tyrosinase.slide1_image5_right.2020_02_06",1,0.0913078281729886,16,16,1,1.50892154179996
"2037","Tyrosinase.slide1_image5_right.2020_10_06",3,0.017772537975382,15,8,0.533333333333333,1.67240121636347
"2038","Tyrosinase.slide1_image5.2019_08_29",3,0.11635073799211,16,12,0.75,1.47964635045194
"2039","Tyrosinase.slide1_image6_left.2020_02_06",1,0.0433375744597422,14,10,0.714285714285714,1.68438692167148
"2040","Tyrosinase.slide1_image6_right.2020_02_06",1,-0.0249277112197269,16,9,0.5625,1.48904875607184
"2041","Tyrosinase.slide1_image6.2019_08_29",3,0.111244332943646,16,10,0.625,1.40185978048506
"2042","Tyrosinase.slide1_image6.2020_10_06",1,0.0515913313574659,18,16,0.888888888888889,1.52948541343342
"2043","Tyrosinase.slide1_image7_left.2019_08_29",3,0.190924550524592,25,20,0.8,1.24353490994427
"2044","Tyrosinase.slide1_image7_left.2020_02_06",1,-0.038217295466219,20,11,0.55,1.44083292724986
"2045","Tyrosinase.slide1_image7_right.2019_08_29",3,0.128946984499571,21,17,0.80952380952381,1.33551178826918
"2046","Tyrosinase.slide1_image7_right.2020_02_06",2,-0.0759652819669097,18,10,0.555555555555556,1.51301830801192
"2047","Tyrosinase.slide1_image7.2020_10_06",1,-0.0560404061577164,16,16,1,1.59403061431307
"2048","Tyrosinase.slide1_image8_left.2019_08_29",3,0.0531199000821816,18,13,0.722222222222222,1.52095219693808
"2049","Tyrosinase.slide1_image8_left.2020_02_06",3,0.0328697205284345,15,11,0.733333333333333,1.61605027443837
"2050","Tyrosinase.slide1_image8_right.2019_08_29",3,0.0837378418965453,19,14,0.736842105263158,1.51993158231392
"2051","Tyrosinase.slide1_image8_right.2020_02_06",1,-0.018081433495084,26,21,0.807692307692308,1.51685457279149
"2052","Tyrosinase.slide1_image9_left.2019_08_29",1,-0.0168620513181537,21,17,0.80952380952381,1.70082971368399
"2053","Tyrosinase.slide1_image9_right.2019_08_29",2,-0.0221619487847519,24,12,0.5,1.38673205337859
"2054","Tyrosinase.slide2_image1.2019_08_29",3,-0.0538678549297886,14,6,0.428571428571429,1.73615988131017
"2055","Tyrosinase.slide2_image1.2020_02_06",3,-0.0709170759737139,20,11,0.55,1.69521336729974
"2056","Tyrosinase.slide2_image1.2020_10_06",1,0.063283476038947,35,24,0.685714285714286,1.31875551585405
"2057","Tyrosinase.slide2_image10_left.2020_02_06",1,-0.0701207413794328,40,18,0.45,1.32556972548094
"2058","Tyrosinase.slide2_image10_right.2020_02_06",4,0.175316928691918,15,15,1,1.53769422961973
"2059","Tyrosinase.slide2_image10.2019_08_29",2,-0.0636425729462549,17,12,0.705882352941177,1.55499588695628
"2060","Tyrosinase.slide2_image11_left.2020_02_06",1,-0.0948491887993349,19,11,0.578947368421053,1.6751439294187
"2061","Tyrosinase.slide2_image11_right.2020_02_06",7,0.146234130115261,14,9,0.642857142857143,1.56225444339593
"2062","Tyrosinase.slide2_image11.2019_08_29",1,-0.0396442172552937,17,14,0.823529411764706,1.47730513560751
"2063","Tyrosinase.slide2_image12_left.2020_02_06",7,0.156374302065459,14,11,0.785714285714286,1.4531476343016
"2064","Tyrosinase.slide2_image12_right.2020_02_06",1,-0.0781888466708447,24,17,0.708333333333333,1.43475623985114
"2065","Tyrosinase.slide2_image13_left.2020_02_06",2,-0.0530010484595279,14,9,0.642857142857143,1.65879080885438
"2066","Tyrosinase.slide2_image13_right.2020_02_06",3,0.0865408290235104,17,10,0.588235294117647,1.3741208093223
"2067","Tyrosinase.slide2_image13.2019_08_29",3,-0.023561607847926,31,12,0.387096774193548,1.41476696652739
"2068","Tyrosinase.slide2_image14.2019_08_29",2,-0.0266152512398562,32,19,0.59375,1.27740880467905
"2069","Tyrosinase.slide2_image14.2020_02_06",2,-0.0972868098214391,16,9,0.5625,1.5977941956671
"2070","Tyrosinase.slide2_image15.2019_08_29",2,-0.0570793771755391,34,17,0.5,1.35540366901233
"2071","Tyrosinase.slide2_image15.2020_02_06",1,0.0263681764905076,16,16,1,1.54342552646282
"2072","Tyrosinase.slide2_image16_right.2019_08_29",1,-0.0462357569950315,14,7,0.5,1.65053068329965
"2073","Tyrosinase.slide2_image17.2019_08_29",4,-0.0563572299986864,17,6,0.352941176470588,1.49570878712312
"2074","Tyrosinase.slide2_image18_left.2019_08_29",1,0.0577329005340703,28,20,0.714285714285714,1.40355775726002
"2075","Tyrosinase.slide2_image18_right.2019_08_29",2,0.0485205038072673,26,16,0.615384615384615,1.36107850655287
"2076","Tyrosinase.slide2_image19.2019_08_29",1,-0.0484240010720114,15,10,0.666666666666667,1.65698186130401
"2077","Tyrosinase.slide2_image2_left.2020_02_06",1,0.0224180029940139,16,14,0.875,1.69511064423131
"2078","Tyrosinase.slide2_image2_right.2020_02_06",5,0.159021590436544,14,11,0.785714285714286,1.39845520716776
"2079","Tyrosinase.slide2_image2.2020_10_06",1,0.0232632264414078,29,28,0.96551724137931,1.40733852940769
"2080","Tyrosinase.slide2_image20.2019_08_29",7,0.0965952450359712,14,9,0.642857142857143,1.38980843693786
"2081","Tyrosinase.slide2_image21.2019_08_29",1,0.00450065329654238,21,10,0.476190476190476,1.59091315100247
"2082","Tyrosinase.slide2_image22_left.2019_08_29",1,0.0924739524208196,15,14,0.933333333333333,1.61055158910463
"2083","Tyrosinase.slide2_image22_right.2019_08_29",2,-0.0230913886701183,14,7,0.5,1.67441431015628
"2084","Tyrosinase.slide2_image23_left.2019_08_29",1,0.0407453552157996,29,24,0.827586206896552,1.4416285291018
"2085","Tyrosinase.slide2_image23_right.2019_08_29",1,-0.00631410828815796,14,11,0.785714285714286,1.64768464094069
"2086","Tyrosinase.slide2_image3.2019_08_29",2,-0.0779473405815282,16,9,0.5625,1.51864396633511
"2087","Tyrosinase.slide2_image3.2020_02_06",1,-0.035961072531251,18,9,0.5,1.49291523870804
"2088","Tyrosinase.slide2_image3.2020_10_06",1,-0.0151420523016694,23,20,0.869565217391304,1.55957277410702
"2089","Tyrosinase.slide2_image4_left.2019_08_29",7,0.0946353310257205,17,8,0.470588235294118,1.35563283502987
"2090","Tyrosinase.slide2_image4_left.2020_10_06",1,0.0285845107260533,35,33,0.942857142857143,1.35467768041393
"2091","Tyrosinase.slide2_image4_right.2019_08_29",2,-0.00935956009343086,16,10,0.625,1.58643676016599
"2092","Tyrosinase.slide2_image4_right.2020_10_06",5,0.238790184035629,15,15,1,1.27776924374806
"2093","Tyrosinase.slide2_image4.2020_02_06",2,0.00423375558802988,18,13,0.722222222222222,1.56383014699497
"2094","Tyrosinase.slide2_image5_left.2020_02_06",1,-0.0199304280037922,18,14,0.777777777777778,1.56494421266813
"2095","Tyrosinase.slide2_image5_left.2020_10_06",2,0.0123747480800172,14,6,0.428571428571429,1.6774026462945
"2096","Tyrosinase.slide2_image5_right.2020_02_06",2,-0.0985807198175359,54,27,0.5,1.2699130691074
"2097","Tyrosinase.slide2_image5_right.2020_10_06",1,-0.00517884316293319,38,30,0.789473684210526,1.31117740592684
"2098","Tyrosinase.slide2_image6_left.2020_02_06",2,-0.0931254903278155,36,25,0.694444444444444,1.26201041840362
"2099","Tyrosinase.slide2_image6_right.2020_02_06",2,-0.0186443166952939,15,14,0.933333333333333,1.46600475476814
"2100","Tyrosinase.slide2_image7.2020_02_06",1,-0.00515471079728957,15,13,0.866666666666667,1.55811646144529
"2101","Tyrosinase.slide2_image7.2020_10_06",1,0.0581079052441462,20,16,0.8,1.53400596528136
"2102","Tyrosinase.slide2_image8.2020_02_06",1,0.0473898485341699,53,46,0.867924528301887,1.30375935022643
"2103","Tyrosinase.slide2_image9_left.2019_08_29",1,0.0958297197312362,15,14,0.933333333333333,1.61628076441053
"2104","Tyrosinase.slide2_image9_right.2019_08_29",1,0.0974927656166746,31,30,0.967741935483871,1.30735603489297
"2105","Tyrosinase.slide2_image9.2020_02_06",1,0.00100284371546965,18,9,0.5,1.56706473048146
"2106","Vangl.image1_left.2021_02_24",7,0.0920961717074977,20,8,0.4,1.3437393998884
"2107","Vangl.image1_right.2021_02_24",8,0.639765757160297,22,22,1,0.587420911769102
"2108","Vangl.image10_left.2021_02_24",1,0.049986244336829,14,11,0.785714285714286,1.55016228072944
"2109","Vangl.image11_left.2021_02_24",1,0.0670388931971094,17,15,0.882352941176471,1.51502390849007
"2110","Vangl.image11_right.2021_02_24",1,0.0952647498878313,38,34,0.894736842105263,1.36948388441924
"2111","Vangl.image12_left.2021_02_24",2,0.120256139564088,14,12,0.857142857142857,1.58704250586568
"2112","Vangl.image13_right.2021_02_24",1,0.0541880729755973,19,14,0.736842105263158,1.47398147339411
"2113","Vangl.image14.2021_02_24",4,-0.235978559836484,15,12,0.8,1.46319076864096
"2114","Vangl.image15_left.2021_02_24",1,0.0514102810371083,16,9,0.5625,1.58754761330893
"2115","Vangl.image15_right.2021_02_24",2,0.0573440709227459,14,11,0.785714285714286,1.6465556828497
"2116","Vangl.image16_left.2021_02_24",6,0.270508330257603,22,20,0.909090909090909,1.15894764980276
"2117","Vangl.image16_right.2021_02_24",4,0.0616974203892797,15,14,0.933333333333333,1.46363842605519
"2118","Vangl.image19_left.2021_02_24",7,0.0898920024387529,27,13,0.481481481481481,1.28790805924262
"2119","Vangl.image20_left.2021_02_24",1,0.112495058555109,27,26,0.962962962962963,1.38799623012495
"2120","Vangl.image20_right.2021_02_24",1,0.00404012262901143,15,10,0.666666666666667,1.55796517010176
"2121","Vangl.image21.2021_02_24",7,0.107254859211306,27,14,0.518518518518518,1.27897342468121
"2122","Vangl.image23_left.2021_02_24",1,0.0167856854089499,14,13,0.928571428571429,1.78760589297355
"2123","Vangl.image23_right.2021_02_24",2,0.0341053425971389,14,7,0.5,1.64194932820539
"2124","Vangl.image25_left.2021_02_24",2,-0.00799291717620761,15,8,0.533333333333333,1.56351022975575
"2125","Vangl.image27.2021_02_24",1,0.065192098426954,18,15,0.833333333333333,1.39435825118505
"2126","Vangl.image28.2021_02_24",2,0.0229769224163484,16,11,0.6875,1.56305754768044
"2127","Vangl.image3_left.2021_02_24",2,-0.00922238343825467,21,12,0.571428571428571,1.50453099102865
"2128","Vangl.image3_right.2021_02_24",5,0.214364142670454,14,13,0.928571428571429,1.28815819889115
"2129","Vangl.image32_right.2021_02_24",1,0.000551105082726535,14,10,0.714285714285714,1.66062672169532
"2130","Vangl.image34.2021_02_24",2,0.0236055568271131,15,12,0.8,1.50527451336629
"2131","Vangl.image36.2021_02_24",1,0.0332073642641139,23,14,0.608695652173913,1.37095586528397
"2132","Vangl.image39_left.2021_02_24",4,0.0901267997697831,17,17,1,1.35664264760864
"2133","Vangl.image41_left.2021_02_24",1,0.0587581844713026,16,10,0.625,1.46915179940999
"2134","Vangl.image41_right.2021_02_24",5,0.103250041857524,14,13,0.928571428571429,1.68754545618226
"2135","Vangl.image42.2021_02_24",4,-0.00697060879075336,30,22,0.733333333333333,1.25337951545267
"2136","Vangl.image7_left.2021_02_24",5,0.296006758486354,30,30,1,1.10519670330433
"2137","Vangl.image8.2021_02_24",4,0.263559475452856,37,37,1,1.20394032856617
"2138","X5HTR.slide1_image1.2020_11_05",4,0.209564013557811,24,21,0.875,1.32735975305825
"2139","X5HTR.slide1_image10.2020_11_05",5,0.226277646191091,23,17,0.739130434782609,1.23586018430098
"2140","X5HTR.slide1_image11.2020_11_04",1,0.075633905956777,18,15,0.833333333333333,1.51731594688953
"2141","X5HTR.slide1_image12.2020_11_04",1,0.00177055081337366,16,11,0.6875,1.65822038631294
"2142","X5HTR.slide1_image13_left.2020_11_05",1,-0.0020687601348706,16,10,0.625,1.50907995175548
"2143","X5HTR.slide1_image13_right.2020_11_05",4,0.130465438914841,22,22,1,1.31662134491521
"2144","X5HTR.slide1_image15_right.2020_11_04",2,0.039521248458182,19,14,0.736842105263158,1.4245973655537
"2145","X5HTR.slide1_image16_left.2020_11_05",4,0.103160241395753,23,23,1,1.26559385261571
"2146","X5HTR.slide1_image17.2020_11_04",5,0.179879953597217,14,12,0.857142857142857,1.39520648328444
"2147","X5HTR.slide1_image7_left.2020_11_04",1,-0.00741393409124182,17,13,0.764705882352941,1.65324043481414
"2148","X5HTR.slide1_image7_right.2020_11_04",1,0.00296364240285593,15,10,0.666666666666667,1.66455059681759
"2149","X5HTR.slide1_image8_right.2020_11_04",4,0.202123334920188,24,21,0.875,1.29488210646565
"2150","X5HTR.slide1_image9.2020_11_05",6,0.243061155567933,19,19,1,1.15186606992713
"2151","X5HTR.slide2_image1.2020_11_05",4,0.0805284514360867,46,25,0.543478260869565,1.22477042659871
"2152","X5HTR.slide2_image10.2020_11_04",1,-0.0186992792739941,19,17,0.894736842105263,1.39417866608321
"2153","X5HTR.slide2_image11_left.2020_11_04",5,0.25721255677879,25,25,1,1.20263083108979
"2154","X5HTR.slide2_image11_right.2020_11_04",1,-0.0511616453336805,16,10,0.625,1.57397925474387
"2155","X5HTR.slide2_image12_left.2020_11_04",1,0.0555044659666435,14,13,0.928571428571429,1.56644684915582
"2156","X5HTR.slide2_image12_right.2020_11_04",3,0.0210245714796875,16,10,0.625,1.52293989901811
"2157","X5HTR.slide2_image13_left.2020_11_04",2,-0.0953469501023164,18,7,0.388888888888889,1.59448659117847
"2158","X5HTR.slide2_image13_right.2020_11_04",1,0.127603629049889,28,21,0.75,1.35153905624383
"2159","X5HTR.slide2_image14_left.2020_11_05",4,0.0936745465559067,16,16,1,1.36591919904277
"2160","X5HTR.slide2_image14_right.2020_11_05",1,0.0812760573539733,19,17,0.894736842105263,1.47822999652293
"2161","X5HTR.slide2_image14.2020_11_04",8,0.593974954251371,15,15,1,0.717169112952009
"2162","X5HTR.slide2_image17_left.2020_11_05",7,0.141218205949713,30,20,0.666666666666667,1.16735685234147
"2163","X5HTR.slide2_image18.2020_11_05",4,0.207940911451995,18,17,0.944444444444444,1.29483902364811
"2164","X5HTR.slide2_image22.2020_11_05",8,0.634538655772204,16,16,1,0.645331453303609
"2165","X5HTR.slide2_image25.2020_11_05",6,-0.0718975847390445,20,13,0.65,1.3259493500242
"2166","X5HTR.slide2_image26_left.2020_11_05",1,0.034715843068357,15,12,0.8,1.66264074019403
"2167","X5HTR.slide2_image26_right.2020_11_05",7,-0.00597758884568459,16,6,0.375,1.6074737317004
"2168","X5HTR.slide2_image28.2020_11_05",5,0.102692071853277,26,21,0.807692307692308,1.32019807241783
"2169","X5HTR.slide2_image30.2020_11_05",1,-0.0107689476443573,44,25,0.568181818181818,1.27459783608453
"2170","X5HTR.slide2_image4.2020_11_04",1,0.0852317190893669,16,16,1,1.50761089859905
"2171","X5HTR.slide2_image5_left.2020_11_04",2,0.0172492271610971,29,22,0.758620689655172,1.44290477159783
"2172","X5HTR.slide2_image6_left.2020_11_04",3,-0.0526665849324624,14,8,0.571428571428571,1.68626831595291
"2173","X5HTR.slide2_image6_right.2020_11_04",8,0.22030151795298,16,12,0.75,1.25332638488385
"2174","X5HTR.slide2_image6.2020_11_05",4,0.193973360820492,15,15,1,1.38849569578144
"2175","X5HTR.slide2_image7_right.2020_11_04",1,0.0919176714288134,27,26,0.962962962962963,1.44006009287773
"2176","X5HTR.slide2_image9_left.2020_11_05",1,0.00329517398928457,20,15,0.75,1.48826361441654
"2177","X5HTR.slide2_image9_right.2020_11_05",6,-0.0207320226019682,14,11,0.785714285714286,1.54987292001302
"2178","X5HTR.slide2_image9.2020_11_04",1,0.0535135920304589,22,22,1,1.37654236042069
