"PC1","PC2","PC3","PC4","PC5","PC6","PC7","PC8","PC9"
-2.89659716808644,0.649437319145664,-1.51733846875126,2.19367899824971,1.33446991708537,1.43956953801045,-1.26164561221053,-0.442285233382584,0.364090389710949
-3.17845483088464,0.849552953472914,-1.95262854404776,0.819100830073669,2.78462408329828,-0.787750604267546,-0.828761881507796,0.162999198520945,-1.63609749223124
2.70862591684126,0.0269479017467902,-1.36343149917811,2.2128982094134,-3.03253288536426,2.05619499519738,-0.620168345064732,-2.31743440015059,-2.26317997440474
1.30791544963737,-1.69007432977068,0.254434853183861,-2.19180120706189,1.8080660496433,3.14964190094732,-5.62203611776954,-1.82252652799662,1.68643531882594
5.22144100763817,5.13292586894869,-1.68581046852122,2.29524083093119,-1.52231988977236,2.434336714329,-0.722594637713483,-0.881842090698341,-2.37600600925688
3.19900973288963,-4.28088007583617,-0.422792183858062,4.13353893018136,1.5965275185227,0.212746736848699,-4.1067432877225,-2.61720940115938,2.82174309513605
-3.37276362098675,1.27816457687762,1.69417195569111,-0.00224874690138209,-2.56098881513456,1.33878188944179,1.31876804586104,0.156754087932755,0.844564905960404
-2.83550509909851,-2.54335406423553,1.08430188753021,3.62483042483278,-0.19495008739937,-0.219816094874871,0.785053585157435,-2.62754911380289,-3.53834937823831
0.825575947687557,2.0744660454027,1.24701975319135,-0.543189579223982,-0.316601558069494,4.67864175992216,1.08642239505259,-1.27936080850366,-3.09117748914134
-1.26931422749065,-1.02492683552834,1.14998030269361,-2.11604138386479,-1.02569037705181,3.38985583454654,-0.957092411458154,2.22851811976651,-1.68698360441894
-2.98883375368621,0.915422340264232,-0.808659977906926,-2.8690491453603,-1.12405546319319,0.675676408730679,-1.05759444957565,-0.373943825768637,-1.2446790206447
-1.97979869844172,1.91027768607167,-3.92721703525636,0.981910524950562,-0.176507578156221,-1.06498676250736,-1.58006695880208,-2.20904944994645,-2.62663445787792
-2.6719426810386,-2.41446400764246,1.51115869915445,0.918086119968244,0.56916744221842,-0.194213123155515,-2.89947499238734,-2.07686261395351,-2.3454220738154
-1.4064434201967,-1.98449434623399,-1.73259846508996,-4.27723471189379,0.143780373131002,-0.268093202087907,-0.443271927440691,-0.589331259195787,0.196557226959347
-1.40183826860752,-2.38459238193045,2.34710299530479,-3.24322126680479,-2.39731621569658,1.31100327645209,-0.0305633424333309,0.822257669522521,1.37479800548573
-1.69256529342474,2.33507331907049,-0.422284089926845,2.71164213153764,0.243970546020065,0.772839657878575,-0.973549254587304,-2.65930604144498,-1.16045140711603
3.73094450665947,-1.62193419737308,-1.55486650113742,-6.85961719283414,2.17098469548505,1.96831574332574,-1.8491925399813,0.838444865732729,0.215262118785123
4.53036575646269,-1.61275205793391,-0.106066356150405,-3.35459252770631,-1.83703952863895,5.56092375296344,0.784463122656844,2.63934870300978,-0.953588059850512
-2.91849180545727,1.12236937129818,0.602510388798236,-0.317222019927228,0.244255746467783,-1.83405804077545,-0.319779602016396,0.437417389002341,-1.28922804889836
-1.74809752463527,-8.24361964767516,2.86283351396137,2.09630075534498,-4.39985371070573,-3.72349101546304,1.22120085419224,-0.780567733351127,-2.28948286113092
-3.42072112932735,-3.50770848657847,3.16511760823079,1.21648179079615,0.0184552653972597,2.54558982190404,-2.40580283923277,0.836002077924665,-3.79851569948935
1.73043158246149,-2.1907401872832,-1.29918315588122,-0.986766492405707,2.52851456228639,-0.459751297156055,-6.50330794853057,1.03253446146455,-0.444787342996204
4.94413214311675,2.821847782108,-0.454405089390854,-2.33876878524911,-1.09626104559277,-0.134209426746263,-2.34120857646249,-2.73289681514425,-0.987087832765155
-2.49988716556503,0.0343222992639495,-3.15811261802437,1.65881005660533,0.712106159139635,0.517560232063508,-0.545888584130565,-2.86205384336476,0.292937361330157
-0.301587069902221,-3.67656629084956,-0.680372504366991,-4.62361300906018,4.28592767578074,-1.17727439840979,-0.944982183541431,1.15488130895576,-0.257940939769239
0.574385303325984,7.22088612997755,-3.51068220240588,-0.379123543009171,-0.687639583717772,-1.02207732735505,-1.15862591950192,0.69648224533717,-3.04215490876778
-0.563320578600774,-4.72912615801793,0.800197815832289,-4.39005955683419,4.23785884519573,1.59932747887258,-0.315582863114704,-1.22812325193794,0.32413959441686
-6.80560182492422,-0.550350290758567,3.42597091262625,-2.81668610135072,2.80854724568775,2.99922550648555,-0.00577414375144168,0.232328043237604,5.08607960060731
-4.98678106978611,1.59449235591064,3.09830453402137,0.273196887258758,-0.832715078966027,3.9776433587044,0.0155703084824335,0.745550051892723,1.6109480305483
-3.21316682352696,-4.16162666691316,-0.37937435181528,2.0897915655224,1.48324452641635,2.85511359278854,-2.8515436257087,3.31500914546183,-1.92948468484164
-1.36661154308661,-2.12004397398079,0.426850935697631,0.992186991735171,6.3128752897334,-4.91596844241856,0.469015248932685,-2.37568869734596,-0.0138870505514382
2.1509777343795,-4.89641706551656,4.71596323914398,2.13995936171545,5.108903398617,-1.3416653606095,-2.16794134339182,-4.84106375933825,-1.88288032894581
-0.437785968085868,7.12928378150571,-4.5676674772864,-1.59539679240199,1.82855086194719,4.78340438079936,-0.793202476932748,-1.14600641296887,1.40390773210392
2.90462797332538,-6.7761694388462,2.98386675812728,7.39811094458863,3.05287274807135,-2.86062045635007,-4.70717161036192,-5.31901093740149,0.854772441457547
-3.62883048942868,1.21130679479561,0.199678419311825,-1.24171482162202,2.23774530601408,-3.86280809190448,-0.893937192152519,-2.0572307986466,0.42574625733793
2.68707579222968,-1.78261501659838,3.63414534400181,-3.42204400145314,-1.5095913431478,-0.747160780013904,-3.01200452660081,-3.55376828214083,1.27914224642051
-1.2783399202659,-3.65753284445357,5.64151190317582,0.360551590562648,-0.140497898427292,-0.731997551937328,-3.61714405926076,-0.0701962211486658,0.311053453045832
4.85559349066094,-2.0666973523865,0.931257414514503,-1.23927521524235,3.72299218479193,-0.68678860017213,-3.04065408093227,-2.83785792319429,-2.86033695968117
6.83240388152836,2.69532344340191,-1.87347439488359,-0.620775706040265,0.640741792572324,0.438074263029271,0.238113239158868,-1.48014799690525,2.2360465406827
3.85791544886679,-2.0953648150011,-0.449961637808911,-7.69709967651433,1.96943062349506,2.77439304160264,-1.24565374509047,1.37253274933815,0.477968506859391
5.74306352482644,-2.76833052967346,-0.643041084332433,-4.23245537546039,-2.09276275179093,5.06554381222928,2.45655148842677,2.16800732423263,0.598037473849808
14.5705941250451,3.41837494099029,2.63436001088021,4.03669714371315,2.74302936128116,1.13340376457608,-4.99918133425419,1.50096451343036,2.8112840106064
-1.51135121135078,-0.983035487276042,-1.71177739178102,-0.996635211838955,-0.0261612111967873,0.875955366189758,0.497809028551081,0.17739201015018,1.47212323694876
-4.00235119440352,2.13939537428855,-0.304553443363705,1.63030168227267,0.472024121483121,0.865668343051823,-0.470756997788681,0.815595338615435,-0.113797963860402
-3.57457684964855,1.50592425440387,-0.749483083826822,-0.0853312963741135,2.02946858962379,-1.68731148279743,-0.334937345225328,0.665891266558689,-2.03352863494667
-2.58761496076318,-0.473073767971098,3.60549286429313,-0.083567898555114,6.59379526524355,-3.83983944862918,2.46028202777388,-3.38384625570655,-2.39341929049566
3.39598904468439,-0.328735765187167,-2.10128464263119,1.41620205475709,-3.03915279876237,4.91534195846036,-0.576800454233568,0.158424124795362,-0.895173660786565
-1.07291760072303,-1.64789951144273,3.9378699993403,-0.455369647479405,4.78926112850896,-3.83542183047931,-1.30823480729898,3.44318998141438,-1.98882674850934
14.4735878423558,3.72132114512752,3.26965668274773,3.57873862393265,2.76554099199351,0.953861037247328,-3.99333013328862,1.1195394650085,1.39889977197849
-1.9552480315288,-0.126654076992455,-0.356340039925552,-1.47629554684091,-0.145031003095223,0.781477932698492,1.08376156340642,-0.875277397933384,1.15846877269546
-0.800667668409923,0.50637247320929,-3.38701332981362,0.925383413725441,-2.32912338286128,0.277941381801929,0.426695042008673,-1.18960807897892,-1.19833668891146
-1.5680331058981,-4.87455978548338,5.99861195860046,4.49348867951802,-0.572324289410832,0.74709322857373,4.0470553696455,-0.310417549867643,1.30794311554896
3.66336367768646,-5.29633333688099,1.51859821682111,-0.0365174665070079,0.64276789002742,-2.22555571556509,-5.08417755494201,-2.39251328176554,0.722006699436464
2.68715811778339,-0.244687270514173,-0.652904987759965,1.88610235034206,-3.32757343371783,2.04450002229153,-0.199839020549236,-2.49788849622706,-1.97487737628406
-0.421155137004411,-2.57698018405214,2.58932217310289,-0.0399091241922964,4.2031909969091,-3.91732065946118,-1.37990942603123,3.26104965351771,-1.16653074684035
3.12573101150798,-4.03763575728702,0.130461148097501,3.79599738012223,1.24405005949491,-0.103301293761666,-4.02022816761973,-2.14586676342966,2.98711348265167
0.787864703040421,-0.733464472071535,1.32314483635229,-2.68827448578654,1.23298056457643,2.69866991574295,-5.14767548651189,-0.278310771804704,1.83487450052567
6.38514505154587,-4.25015734761739,0.843504192365392,-2.03145836994329,1.23233055111508,0.425479599603662,-5.28816040355345,-1.33820115699292,0.657491778161317
5.43357992187657,-4.20257720492759,1.90972017778367,-2.43969897797687,-0.584989187161576,1.05222445460683,-3.53877841732703,-1.99025278890511,4.09296777793153
5.08907372521831,5.66276223324916,-1.20797993796135,2.02569014018384,-1.62621514776764,2.28597640690765,-0.333960870165483,-0.647307461056059,-2.33075932801588
-0.780559125344168,0.271262909970716,-3.17785948829645,1.57995809850171,-2.09320117229143,0.801308546817968,-0.752613692125919,-2.00350955465071,-1.38582838831354
3.57466018988331,-0.0717809563986774,-2.55786079265595,1.8688118134115,-2.84425055234645,4.32849717746655,-0.744507322530419,0.0709016348001603,-1.04482879672363
3.42132650950744,-4.78276128989472,1.44231507900145,0.510431065758003,1.34245955676548,-1.90700615875067,-6.30917379926774,-2.7233625462315,-0.119973641092126
2.78712159850063,3.31553809775252,-5.14941093009457,-1.35360075412419,-0.0833886618088459,1.81741918230603,0.707523730553562,0.465187353203764,-0.86934582583886
8.77847482191252,-2.73256526214934,-2.36208455933765,-3.56973076606103,-1.97958722560483,-0.439232175321365,-4.94135119785348,-2.15354704131161,-0.442411120758406
0.0533446792907662,0.493738412498499,-1.52612650348444,-0.564849122575036,2.84152434558313,-0.454413662175543,-3.28966613970364,-1.2174448665514,-0.512448195009068
-4.9316183456453,3.11962591252933,-1.73909118887251,1.60507443655688,-0.266897989337304,1.93724073861704,-1.95310014717477,-1.0661075108989,-1.09882564392371
-4.81483597236402,1.397588566755,-2.0315366144489,1.46231163319136,2.90409581464526,0.50539698278936,-1.9586831102948,1.78401124056186,-0.734535750254577
-2.01885144420005,-1.5038555726762,-1.46902555368064,-2.53643778178011,1.69680646682156,2.42853318040111,-1.00448627555005,-0.207701290946446,-0.514331968951797
-0.842900808926772,8.19758702301899,0.665455914938572,-0.51716277101242,-2.76204262820342,1.54838587712946,-0.488914111161279,-2.66385506757631,1.1090165813862
-3.30473879302291,2.220161353322,-2.15712724618418,2.00761326311634,1.07080163971721,0.133915331777212,0.69701423327628,-1.67778090369236,-0.477617981018408
-0.22442634068712,-3.1466758882025,-3.83819946601994,-2.21524889016735,-1.56611968243241,-2.07940897300538,3.26975672525183,0.391175522938686,2.06962965607546
1.00130275021088,-4.32483662942913,1.37193390139833,2.55723702318787,0.261788583629574,-0.75779307206538,-0.0431172515191109,-4.60718197328696,-0.696746567140172
-3.75440815618791,-2.16046222787747,-1.42844270021161,1.36223406416276,6.34609368243774,-1.89964651319334,-0.584165876036364,-1.89520908066997,1.28635568941108
6.78633625276673,-2.44768740137088,6.45360804151727,-3.91625305404099,0.424557814480639,-1.80693960110628,-4.70977105023027,-1.50957481265715,-0.511861818314494
7.71824956234772,-4.3110465260563,4.19225489175028,-4.13896280503452,1.61081032625502,0.242049539633302,-5.31432841012831,0.388835714501047,1.38073291693809
1.3037982147146,-1.42738373371997,0.578923918825744,-0.810558560891183,1.48526098214869,1.16749529846101,-3.61256818194421,-3.57070066111426,-0.592260388591351
-0.289233939724141,6.26981579513153,-0.321094776130648,-4.11474711759076,0.761096472014352,-2.49007808540503,-1.5789746259999,0.469464660128704,-2.30819516099433
-3.79201564623464,-1.9641008561541,-0.547986698348637,-4.9767013279812,5.14960590376719,-0.607039985575083,0.769824044106773,-2.43714197541205,-0.77656281488216
-2.54105161960753,-2.08482227341237,-0.142746715636157,-3.70764430565465,0.600381756348027,2.17638194997895,0.19231718364148,2.03444314605739,0.660500159481605
-1.38962794196682,-0.947562925194851,-2.55871153018696,-1.07695855432951,1.68937724495862,0.759247170183619,-0.534736998471877,1.33473475569147,-0.458876965867832
3.15176846135214,-0.819951122166176,-1.53950147906246,-1.95514515102748,3.71622574031491,2.16465644538921,-3.77358158136372,0.00769209704485301,0.612599298363818
5.35741701088704,-1.92795519784448,1.92795521148212,-3.84707374763879,3.07866060912289,1.62691224150245,-3.46699675046095,-1.35395836916567,-1.21822963500082
1.25420667693881,-2.69803611963576,1.58156205670263,0.147821822027911,-1.47102373814253,2.0758758374295,0.915063421317508,1.11977932049329,-1.03671384810441
-2.94596216162673,1.64512116089094,-0.699101811932762,0.850740118336661,-0.335607824819739,-0.0496120879149686,-2.47865272361354,0.293792892324213,2.90248452251401
-2.82651491476699,-0.260639670316765,0.670048216332601,-2.90571786099519,-0.541810649300241,1.59171984026791,-0.278344744073762,2.26476169696529,1.24367400160081
-0.00612646377165077,4.01710696613521,-1.36627964714198,-5.45439330020259,4.58901986128363,-0.431600364650312,-2.47037254703853,-3.75535089902462,1.74433487152884
-2.58866179468022,-0.789024739744127,0.280885866745571,0.120055841650898,1.33518227524192,2.51109368515567,0.262924158102025,-1.20963098100381,-0.134170500081561
-2.72026519614039,-0.068014783065476,-1.57162007024453,-1.00388527658089,0.340593045463488,1.55049615637646,-0.110091856961411,-0.685042094850533,-1.90720414957721
-3.02774809077622,1.46335997947575,1.36667795587075,1.57337178854929,1.11281793463523,2.88139482595474,1.49045069527657,-0.670586689633947,2.37026210587465
12.395222961636,4.73190721222782,3.1961551416186,2.59718952881464,1.1048858970417,0.854451221186548,-0.250884823841546,0.965536826908327,-0.392123094195019
-0.411181031884331,-1.77667770664426,0.0300067901341264,-3.4182053610736,-1.2801863398292,4.56274293727044,-0.169042279094224,-1.93631970019983,2.53948580492614
0.140151756498076,-0.00484817535278607,0.493466430395959,-1.18708503354615,0.311958674405148,1.59614619140932,3.24866027330871,-2.98023450804711,2.44950994562705
6.47973283442268,3.06450157503925,-0.437353663373729,-1.81305164249637,-1.20253203776065,2.68908443256445,2.13201858008878,-4.28782034522634,-0.359575294657883
-0.0700435691238207,-2.87215895836205,1.17053686846032,-2.61053067573776,-4.58439368847851,0.959506784078193,0.236149361689473,-1.32281672724383,1.99225980009194
-2.8677510471734,2.03750036379749,-0.202297164337297,1.2536287473549,2.09021806578224,-1.81348858558303,-2.07944129046359,-4.91437857501333,-0.283504930418843
-5.35035922976736,2.36956610100909,2.8347051669862,1.09257587431142,0.624250060464211,-1.66557930764972,1.53927483837892,-3.26019408077773,-2.35741210989237
16.151553240394,4.72756456064487,5.92530452831154,0.785887966790858,6.74095207797212,-0.873195391378245,1.7367235368872,2.00501343022729,2.41663538337602
0.254225050265885,-3.50844333878764,0.130586262672619,-5.84748357468204,1.05945860208896,3.42032344131258,-0.432016668642886,-1.7826292645369,-5.52404464275609
2.17008752889356,-1.10396145905307,1.11254928442495,-2.80162664423983,0.673409154888753,-0.442977771116888,-1.97186903261836,-2.12196369430458,0.852858886930614
0.672033856599183,5.76737453255914,-3.03724796933823,-5.10784556800812,1.44963060748363,-0.366890733966585,-0.135085332561327,-5.84469362668612,2.04939849527763
-2.20162003845642,0.438312666490189,0.464905021746057,-2.55956069402471,-2.37866509299378,3.9455048930987,-0.162365828859052,-0.57837161885708,-0.782410321332715
-1.20283639633374,-2.01935999960673,0.447676713558796,-2.45592306858752,-0.8856547183135,4.55280300899828,-0.222238118728067,0.976540394114049,1.84723968816339
-2.75801516872113,1.7648409421545,0.0848981486277124,2.71093923415312,-0.660630066373871,0.0205800191475801,-2.22578825022027,0.169761364996896,-1.40368043690483
-4.8132807868081,1.43091155751061,-1.27505762355569,1.03848934374176,1.71658741333606,-0.786352925214688,-1.54786191066207,1.63110872670234,-0.757883043215066
-1.04462516564998,1.36411767024913,-2.88825623659301,3.92003640924475,-1.3915707779559,-0.953966558101434,-0.72166250946091,-1.51474507591451,-0.480177036823182
0.275138746127918,-0.609306493870253,-2.47842412580113,0.249211322764345,-0.224420287744635,-0.882776562926296,1.01473785401453,0.212995689878374,-1.31931587992813
-2.80096417133459,2.38857500720537,-0.173918032383923,2.03116104765822,-2.59017078658669,-1.68520221869256,-0.111113878837685,-0.378801620656083,0.0517839653974124
-4.60238370172173,0.993936772121791,-0.221271464222569,-0.365560402002846,1.17338852962069,-1.97684692730613,0.0171819125514307,1.17742568401056,3.35039851946155
-2.89966518717511,1.16499631160563,-2.22048383075456,0.326325778217499,-0.783411316670304,1.33313417555954,-2.80020213769438,0.0846948485650956,-1.25578592705708
-3.61894235329808,-0.287259482462594,1.20510514750386,1.75489513267764,0.569357562644824,0.16205618199392,-0.425468916005214,0.390079742225259,3.3957454560437
-3.33310851944674,1.42303318304443,1.73978159708839,2.61379099913584,-1.57207593813121,-0.277334431451182,-0.609502242699738,-0.962107835792159,3.10682364367348
-3.38361207802408,1.97561533505868,-1.55239270321026,5.68498994461075,0.816130603996695,-1.77913212802926,1.50400146070254,-3.06877297647874,2.47113148501156
0.774496552849226,-2.57825340453095,-1.51035304642173,0.563866525773634,-0.337772824887526,-0.516917262590434,-1.97938836690664,-1.72266207515319,0.667726651760682
0.10378070174472,-5.45165502868985,1.4736654464391,-0.956757578415753,-0.0649331657319581,2.60426634570809,-0.820726294153569,-1.13964396090062,-3.1415196544743
-2.54323540821501,2.31571172202987,-0.872790839843699,5.04422976358017,1.98235693856007,-2.46768075764427,-0.46928191361196,0.873706607408596,1.13399840070785
0.402124331996384,-1.1330786196179,1.69594731611939,1.12838102388659,0.806211682889387,3.03554100762226,1.36522335919422,2.47074644993666,0.344084602215721
-4.46178898298467,2.66196904952818,-0.900676672582646,3.0083089199,-1.0773404760687,1.55873461339403,-0.849744080872614,-0.940168886494588,1.42978129595773
-2.63235582905077,0.85478584756584,0.952089086431607,2.00527942163961,-0.934457050588607,0.108223960786734,0.481008192273624,-0.0628453862490144,-0.0685472039403099
-0.835939105408808,-1.91202512250941,-1.50802040494199,0.993300049535036,0.64661021251239,3.00145666550675,0.105927331932806,0.0189788341754754,-0.141172985094215
-0.626722080205374,-0.229595857154428,-1.59881366879319,0.812079290067229,-0.998656358079167,2.75552975619978,-0.559493883288208,0.480949757945142,-0.298545261026558
-2.11234151709594,-1.25848078256046,-2.66757621813914,0.584719905314196,0.558963188422743,-0.493990064283607,-2.05843273544342,-2.86495545095346,0.0217829915809489
-5.49663605086627,2.00280742474709,-0.0556723902426431,1.08189516332754,2.49782355948457,-0.367021971593751,-2.12822097160154,2.38299434506983,-0.487049992474806
-7.81778451916556,4.9516017867592,3.65949617310877,2.38386668732942,1.21766259048225,1.1464757041259,-1.31035273694186,1.4518068886117,0.569925161099444
-5.75893779204727,2.31684788722769,2.66921032312314,1.41635611626158,-0.0371777997165262,1.96444162696088,0.0449452188966675,2.88299787404281,0.726775301624818
-0.766391157445003,-1.75598008454751,-0.43774932119959,-0.723839670486015,-0.148653143747218,0.780760787155296,-2.0851110807619,-0.0409389043672294,-0.14093677810568
-1.79042813214844,0.913849413835705,0.0417760465978718,3.13711559962027,-3.2666608890956,-1.93508496017386,-0.0912829854550707,0.556432405484207,1.04361123042504
-2.59447794743635,0.577568454177148,-1.22338995303116,4.628652367091,1.54653747766386,-2.21126523008689,0.713162017654308,-2.28883812799873,-1.46212290431652
-4.34783299193711,1.5439951746471,1.95508783038011,-0.906829937182021,-0.299599159277293,-0.610397699639904,1.04252805016493,0.105718477214251,-0.267931744915463
-5.07065699549982,2.21634330603861,0.39018647608155,4.17579636419268,-1.12942391615473,-1.04273729340098,1.09658368424031,-2.31658246640205,4.21513862401725
-3.05345789495084,0.400272049547094,1.39229503990387,2.9108943741254,0.624410454708177,-1.74703280779272,1.15484064877859,-2.66869106245984,1.44894854168958
-3.3136982351608,0.570496416385009,-0.572948287732273,1.8796488302574,0.980405643598242,-1.41145708170775,-0.251232722020131,0.019319077063093,3.86611296080118
-2.39087530220083,-0.354768120667954,0.0336609213343457,3.36156336524971,3.44348315845769,-2.74510863408113,0.113102264414509,-0.0206411344418223,0.545834991032224
9.87066738381869,5.2642361391734,1.10360561016384,2.32243061875036,-2.19742201310315,0.825689930763598,-0.156731641387346,0.444340769979546,-1.98420816884008
-2.95613482195102,1.37590157674866,-3.86122965585695,-1.30239934849932,1.70319723728337,-2.63068473535479,-1.16005875891762,-0.762390723656055,-1.90546821866315
0.721211346177439,-1.52830697797347,-1.29129159209074,-1.35542967024615,-1.00339720370668,-2.29861031987056,-0.26603264991457,-0.928794860122195,1.12813853048965
-3.37981121332861,-3.04191423142205,0.311774161810488,2.46803886306996,-0.223829984563425,-1.15050141405612,0.219302631066438,-1.23024267522813,-2.062980058057
-4.35147145781454,2.6179619934035,-1.56713242858773,2.04223065233119,-0.597106557082624,-3.14518927886517,-0.603454374435025,1.53675945785502,0.280222381458965
-3.14728718023049,1.48444962049396,-1.28077402914569,2.05214888654257,0.142536336976312,-0.670300716864838,0.725771973829955,0.655058873606383,-0.520472265443593
0.0993778810470458,-0.444987376658577,-2.62286487456893,-1.14251173166266,-5.06165548581445,-0.853215196612981,-0.012632972654098,-2.47664655634244,2.45267387397439
-4.06760088747211,0.888447902137118,-0.596714234362948,0.568442123332022,-0.677853077131228,-0.0652174382641767,1.92426625593348,-3.08339461666949,3.88328961028779
-1.59381745943568,2.27173165290679,4.27136777831566,6.98106720062749,-1.71445081347789,-1.39890769139914,-0.0638590939748028,0.55319668029887,1.95539575135541
-2.83975270417821,1.06826525079597,0.37481731233815,1.79203294056062,0.128216421984086,0.520302563986073,0.974819117752444,-1.14056221177676,-0.851809455571753
-2.79219672803164,-0.395335322132217,-0.863786222204248,-0.381174561140694,1.98078860386356,1.84079809042757,-1.17171439542618,2.06362127219285,-0.525333656196786
-2.55951557472,0.186188106493556,-1.67385748978028,1.55405479706227,0.191085344405281,2.18695830530697,0.475090334340925,1.80887984393222,0.772287736717233
-3.07488717701895,1.88133621197749,4.32805849146692,3.28798999108202,0.780076323352006,-1.60446538958811,2.43416395342854,-1.45068281723344,-0.625599255400427
-3.90864134346966,-2.15516945897553,0.920563437354028,2.24380030228601,-1.02392886599728,-3.31917509272468,-0.805392404232998,-0.562039849353533,-2.07879617263015
-4.81776401256311,3.848259030199,-0.360543374021691,2.2795088974147,0.264167362460479,-3.10878490826714,-0.619748902985365,3.50960593944145,0.359000053953413
-1.19478389739038,-0.2376155333467,0.0122873491042397,2.18131499871324,-2.73218433704095,-1.21595720312971,0.597181767780065,-3.1285154004149,2.15438404588181
-3.62727646999613,2.3742381832359,-0.155258704158333,1.03372346020154,-2.11016020202123,1.28986805646399,-2.30070749475251,0.188894686141151,-1.17865530413771
0.136502074962723,-5.52552324366364,0.0474578429176673,1.11196823692108,0.543567546850821,1.76695353138442,-0.564412631363007,-1.06778307684458,0.387414173009282
-3.85449403660551,-0.181161066184937,-2.0257614730517,-0.222522863982684,0.236433784884717,0.127098425789274,-1.60318778177106,-0.229208541274257,3.37525458700392
-1.01314907269331,-2.2500016655091,-1.13347880770109,0.13971641109698,0.450313511649892,-1.30730842799994,-0.453988388816609,1.43650558078473,-3.03129475302072
-2.13106117683174,0.741723438334683,-1.74475786002871,1.10901182146437,-0.0473566606526303,0.286391195157477,-0.722559823820448,2.57577529254685,-1.57486067041124
0.725486532135954,-9.5563560887117,0.170827537222462,5.18793000484894,-1.89710846450402,-4.33944642546118,4.29225842648958,-1.10804652298254,0.175324859149944
4.25414304549035,-0.970240715438948,-5.23568287315318,-5.36276590446081,-6.77021260874309,-1.60173914048839,5.68441037843291,1.60100049434268,3.08971917585791
8.55023759620531,5.73744715172638,-2.49535136403917,-1.41047429716234,1.04855267060039,-2.21255267759289,2.69114167964022,2.74715481437525,-0.418660339567734
2.67456125520685,-1.27404943880141,1.2018103933594,6.55016240718841,-2.946224634316,-1.15389752256164,0.857547260388555,2.72782516823889,-6.00187690167954
1.29109187655279,-2.02257309068767,-4.16157185938917,-1.63999411197178,-0.566011443325359,-3.46204661374657,0.256468656735354,3.73875115312465,0.849038466640544
-0.66106304129264,-1.98521946499045,-4.21792846588388,-1.75567765872617,-0.679173713461894,0.269047101703777,1.46482245297748,0.33630262176712,0.850021528016337
1.11751763312062,-2.75481513000506,-0.015153910584354,2.13085892113639,-2.15564174999254,-5.19320605236814,2.0547474071473,0.636549152626842,-4.25961131744698
0.0908558098652615,-2.75716211467699,0.596756792912759,4.42083252021713,-0.367958007267466,-0.9460433598602,2.68512291530572,0.612387352611633,3.45243055015372
10.425691756055,4.78673323523225,2.75093972754242,2.06563279908721,0.224767574074171,1.28101531101845,1.80073106538835,1.4741945077738,-0.519035509559904
0.369869272828286,6.22459416976828,-3.38340578191312,-1.09068520601586,-5.24421573785455,-5.70179486813901,0.667431627528775,1.12136887008375,0.764888132518723
12.4756922055404,3.83119358514268,-1.80026604707977,2.07960788617398,-3.25860198377493,-1.9858982642297,4.78335414199606,4.63209379191131,1.34810173608857
-3.76495845446964,1.65889112543627,-2.90075843201544,0.959307053710331,1.21570581363367,-2.09176699764582,0.936975371252424,-2.43075908714338,1.08377175901833
1.98864260579601,-6.48388978415436,-1.80636366861534,5.43194618873959,0.63357552771223,-3.60995579194207,4.78006341998733,1.03010392602828,1.99457132686358
-3.11961092239489,0.100631375086665,-3.04510109779187,-0.791944104698773,1.463922631657,-3.37961057572646,-0.552801311904761,4.16792955600772,-0.844236656520526
2.19747614953871,2.36701824889604,-4.72535201440822,-1.21078486183075,-3.88972284981182,-1.35494275405584,-0.0517261635508535,-2.19061219989937,0.962267698201484
5.00250780386618,-3.22579002054656,-2.60412737806269,-5.21223529672068,-8.02146554500171,-4.87364286577739,3.157368153029,2.32722957730441,2.49379339792498
0.365608354607777,-9.12284587408937,-0.672424490972897,-1.07746639121222,-2.27427477473166,-3.63003433244811,2.3941563607477,3.94733054009188,-0.921783479461822
-3.09593316820095,1.19925966850218,-2.18174273334984,0.976353800426915,-1.94634031293868,-2.43752443069484,0.171897579408516,1.07833945746116,1.67403884612456
1.36361157087184,-0.60566724130887,-0.428280827323774,1.3556792123214,-0.605102614069132,-0.580744028154742,5.42813358690318,-0.662683714528734,-0.045751477627154
-1.9006810754212,-1.79064999463178,-0.134802369176938,-0.967332823819166,-1.28670684307124,1.17404351513138,-0.181666799214412,4.12416116125847,1.60117390683278
2.34372642234102,0.211979123288159,-2.32470358483427,4.8584243229697,-0.340964290272784,-5.45246870958963,3.39453442146863,-1.22161773363901,1.24344984720463
-3.01639800466634,0.0779396124216522,-0.418980174454412,-0.816118189528701,-0.26444072258998,-5.39641947841549,0.582151454394261,3.1521773250477,-0.190931439885292
0.369688988487389,-0.535460544501063,-4.05352315480173,-1.21525697755643,-1.10325365371315,-0.694079581999875,1.38538784668976,0.610044082132925,-0.729100895701281
2.01253095566859,-0.60455748509452,-4.1556560651973,3.86029145579474,-2.7494478079907,-2.20092318277041,-0.0297860167140406,0.602714138780944,0.271887513197069
2.08690570640376,-3.13275485619,0.699193461526508,-3.30414146190844,-3.63477866905156,2.0527772164752,1.12783792899334,2.42615284415406,0.457718976592249
0.770854568881672,2.90220232063313,-3.30124670203772,-3.58704563448543,-2.79265783911685,-1.19990265067927,0.207557300212579,4.54877264356642,-1.20516848293919
12.5754472971199,4.54044029394301,0.980883127607095,0.842351168852827,-0.00180164278113621,-1.63423577524669,6.0090770481642,4.0827591257481,0.627765884140218
-1.28139293325087,3.93650341702528,-3.44687437943918,-0.823307849554807,0.580732803507043,-0.713339125831607,-0.507137026435268,0.242457789519819,-4.28525840400646
-1.3820205703049,-2.05870235338885,-1.3284575224019,-1.62053114143679,1.2139262589553,-0.0495696211178955,0.453377609255835,0.876847683140281,-1.59552579810985
3.19365236989235,-6.59758167010602,-1.25980624235245,-0.13977359782371,-2.477554317205,0.856370668305437,1.77414213518897,-0.765809674039658,-1.82384757150116
7.49636701213451,-1.08180825485701,-0.982391317784838,-2.34869130583084,-3.25854810580456,-0.960438884305827,1.37000835904861,-3.04209976671795,-0.714747680178791
1.00056985007521,-1.0108875113035,-4.84567254347544,-1.59539536279644,-0.626179593792001,-4.17401276163909,-0.177437537428467,-1.22694620767973,-0.448287754163903
-0.806200288728987,-3.25511610141454,-3.18731701547888,0.827400888066759,-0.397314093107668,1.82103851518726,2.40147240788549,-0.74422731281378,0.686166201936495
-3.07184098330845,-0.249890178949299,0.502886086815439,0.162949027440676,2.75944567392392,-2.11672062285109,0.727603007417062,6.12458841460065,-1.48643405428321
0.113257342756392,-6.6837097829462,-0.0992002205505911,2.30997668513088,1.85008349752462,-3.39519821260203,4.18930475544717,0.398539468922148,-1.37738338270911
2.1041929376681,3.98522449589085,-3.85402205033253,-2.8130529420178,-2.28759367445261,-0.7171181193255,-1.07289588281826,4.00218410038934,-2.59420821632196
5.3056684153945,2.13226896779699,-2.45735669051808,1.86137182113092,-3.85050878587758,-0.695256784383809,0.598526628955332,-0.427761858999912,-1.64525981235696
11.0667673240116,-6.4366337949418,0.0322549618396134,0.350086888382078,-7.12066838086184,-3.21132217593073,9.56010660769497,5.25995908681786,1.90442817948426
-0.13351115954932,-2.49763909792606,-1.48047348626542,-4.1821554910541,-0.97813405858367,-0.0573752266686689,0.251534285094534,1.65764117541139,-2.0435753549426
7.7576898415345,-1.06400283241293,-1.92175618054461,-1.9782937071958,-2.47534915880372,-2.50921944056301,0.13727327898376,1.51697397766541,-3.27516054724676
-2.13820067248121,-0.0298046380872881,-2.39385502669419,-0.214684538636702,0.327712062764551,-1.54879405378917,0.561849758380565,-0.852406379348615,-1.48950770916316
-2.50507595616568,-2.28063406320523,1.29261294906937,-1.42694424008343,1.06021108115433,1.8398815606759,0.862029953578547,-0.0953117219200043,-1.63316813830227
-1.03754091819171,-1.60899049631643,-3.28574961239045,-1.36453665968179,0.0302982939982175,-0.985640948058731,0.22528193899541,0.0741462948571316,0.722407665024172
-0.437072509712981,-5.90521238744159,1.1874899300288,1.59191622725818,-2.406770764662,-2.9919099774559,2.30534086956494,0.169554434116725,-1.36192043530344
4.63085689774799,0.729595315328609,-5.34428948522261,-2.32824487388564,-2.32439105769527,-4.08767860324701,0.522356643352495,2.31426181882011,-0.226454747021817
1.47147695362747,2.13924483813756,-5.0203146305846,-3.40197178555445,-1.66032206464994,-3.34078830116357,-0.978268232892084,1.4081245731745,-0.556202052613681
-2.9130628411765,1.42009071749763,-0.0830189256316904,-1.39124650027821,-3.17188387892161,-2.30917603744396,2.95517997320163,1.80003318806148,1.65233376322068
-2.89793165714656,0.587603246439215,-4.26139573935621,-1.72183712855643,-0.220366378490325,-4.22652933889366,1.04819042505587,3.4906675644613,1.91732859377179
13.0049950057823,3.71852833059971,0.270642896541061,1.82034633659753,1.38848357584461,-0.692854524095028,2.88159997722796,4.09900967498389,2.04566845052564
12.2122141675962,5.6995034535643,4.41615766077928,2.13692452237208,-1.19403539061407,0.504586735191426,0.736558095035222,0.727037178859861,-0.943594761584881
5.92914355952478,-3.06607190814817,-5.37046073646751,-5.77936984100061,-12.6774517112189,-10.1244656280197,7.20536483498567,2.19441496808786,3.96406722606163
-1.9403333249545,-0.752362222484887,-2.42153994202065,0.618666874369224,-1.98233179645461,1.3045171632814,-1.20901737374384,2.66582091653576,-1.2840127645907
9.68174132228383,4.39814209881575,1.18846569359094,2.59675987509323,-1.82951639537956,0.968274911519042,0.893848530287776,1.41870021629859,-0.532945740275054
2.35546565944817,2.9183305205306,-5.12707390740121,-1.43175591336697,-4.60083932558549,-3.88016581724288,0.23570314580491,-1.11187941125524,-0.0283878340806528
-2.9500565528513,1.21800252071482,4.29987509429038,-1.9111325964043,0.62124068291613,-0.188995325423715,2.71802097009573,0.17311476038506,-0.285675749130618
0.202724972460322,1.82904997311123,12.1289207313481,1.43280541711142,1.71934631077876,-5.05295696571324,-2.17428499728949,-4.43251080452472,-2.64673705819612
-1.10136681651859,-0.60303554455518,5.73132611161738,-5.33003552115936,0.730400264758446,1.86196750262558,3.51795537231137,-1.22299056395922,-2.12561769700875
-2.13911506792896,-0.529877302206374,2.68657348638734,-1.67746177673265,4.17430678355563,-0.497971761961307,1.1878642485158,3.01845148089248,0.722566008192412
16.9916721580623,5.27852465113381,6.60833686897897,0.737549086330833,6.39358278862095,-0.455329870023405,0.793697082424885,1.40222054519916,0.210201206842881
-1.68121901603525,1.29487992355671,5.00970048031065,-5.62282504620909,3.57032341497505,-0.849745041429516,-1.67225555772067,0.049764410006508,-0.367408482815798
-4.50882955983037,2.93610034584167,4.7268525200746,-3.09539069804728,1.10995474450886,-1.23314201273125,0.608381559986212,1.80914719979874,0.934057218787065
-4.69782579826975,3.83661215321625,7.52353741611487,-0.42191156337585,-0.545502458315565,-1.43966475237899,1.95609519262466,-3.46710113290155,0.782162432560063
-1.98214748492077,-0.750233614613167,6.80041754128057,-4.3923341199868,-0.761830079952158,3.31489925841199,0.432566615342432,0.645128962149977,-1.55790063085695
4.50950361129197,1.91241660001918,0.547045749991373,-3.96457925681009,2.21968193194518,-2.69482673982776,-3.57951862286723,-0.89644081144098,0.708721098052345
-1.68148296786189,0.919345380288355,-0.213985583519407,1.38776416441736,2.0727263306708,1.35708230360837,-1.85501269922714,1.96359260956496,-2.12013102146198
3.12498643752279,-3.90195317955351,4.66644505421654,2.25647846426721,2.80206903359676,-5.14070218899009,0.0431196133023903,1.59611212895701,-7.3880368443534
4.80639842960824,-2.60756020126594,2.37375919780199,-4.31071437219386,2.17974295710846,1.61375315487669,-4.77073436699239,-0.926707284905679,-2.3951273477088
3.43720791654418,4.00128916003114,-0.696102729413678,-2.52002974248646,-1.00413346975192,1.78127579345446,-5.37187844877502,-4.50706699139675,-2.47525981591558
-4.39200431893873,2.72888271665671,6.25251950909787,-6.26969020710652,2.16052407694539,3.13355576473107,2.91414047684272,-2.24306867243475,-3.1979908655608
-1.71870014020148,1.46832354657143,2.93743028653992,-0.572482003844471,0.846258209090405,0.296509904185015,1.24919128871962,0.506565351748023,-4.02665490119029
-3.52616983381514,1.97382313063603,3.31044528162994,-0.663551702734067,2.74402996481307,-1.8517010387367,-0.617437831063858,0.0196548298402268,-3.24099371268919
2.78977069961241,5.42515269177889,6.26383431958207,-3.03889440879532,-0.607847565168839,2.34108812418826,1.51664654071208,-3.04432714946103,0.160880592305527
-1.45684123689574,2.6243115142199,2.93433696689452,-0.33519516415249,3.39415609453662,-4.0133986157125,-1.30332811601376,-1.02761053112003,0.536795722081761
-4.77833743132393,2.50337502953224,0.743174692185028,-0.0685633184809037,0.778866407988304,1.75512859618956,1.19243406977988,2.61018062521014,-0.303173396746045
-1.81389149889822,1.35717918230155,7.49321428604464,2.78584905052595,-0.153154867681342,0.602516235586706,-2.59328360639481,0.681763026199624,4.13978914217921
-2.13421837880898,2.81982449386449,-1.29113416667424,2.57565491586108,-0.519269892537993,2.03090971592976,-1.89912294241314,0.705188375831066,-2.08294485666767
1.93917240550086,-0.450328332658417,-2.85684027840375,-2.3683024245876,-1.29501158353696,1.73406949280393,-2.9909129044163,-0.867258264160989,-1.51466253714767
-4.06864899169441,-2.49119482631025,3.62312257164421,2.21036229053388,-3.00857218844239,-0.552052876485371,-1.13799821779295,1.66778834332471,0.108776016533222
-1.7316934251183,0.154540190634288,0.794385748314212,-0.203124313468731,1.06144780813217,0.377795454773598,1.36477530530026,-0.0342437398734163,-2.18447541455185
3.46336361681066,-1.87408332358234,0.742097675382664,-2.56063978506679,2.75549100510413,-0.414108584292882,-5.45108325343742,-1.48368490812538,-1.19079539025511
-2.11720403072118,-0.1183204039037,-1.26569154302999,1.01041189273736,5.10312404035604,1.68569186207946,3.16091135878471,-1.87315007081599,0.833922380464052
-1.96225725461877,-0.537034303649166,-1.66085507573329,-2.51989466365001,-0.19639306350531,3.96016965542466,-1.87000493494837,-2.1818741591199,-2.6196143002449
-3.19334883905693,0.458333113977049,-2.41497782216961,-1.96134899561426,3.92849859818548,2.01924340673189,-0.496518658154964,-4.33055098663254,-2.08251741015521
11.4563700691626,5.2123264464574,3.67970793852394,1.80177203929722,2.74331584054203,1.60554246964473,1.91928636410709,1.36489154212241,-0.90527597356576
2.04309329495955,7.09190308699266,-2.41120318766789,-3.57812188097261,3.19244165124745,1.92010408722738,-0.955990020034393,-2.13222530209005,-0.605810976517915
5.55829973640722,-6.4588280741761,6.8073077811344,4.23224150943934,1.06605503372354,-3.50630320371224,-7.29836417171298,0.686795413867875,-1.03057440519099
-1.84242377831883,-1.84580590409867,-0.270672151582441,-2.50438420785037,2.20149420137613,0.243807723265049,-3.25674241017817,0.431668347055056,-0.120846332190653
-1.62662324676564,1.28323296345853,-2.66469563317698,-0.553018146801433,0.790075258164504,-3.32545595958686,1.0369848763706,-2.14423741662229,-2.6402904816082
0.135016416429119,0.202430357381113,0.872608116219505,0.626266176421828,1.15668784782915,2.38040982701488,-6.15401622241883,3.03820799717057,0.509959753847951
0.670727753686814,-2.27123127745047,0.97698815117626,-1.9339258996257,2.40121595197146,-3.55504778394489,1.72194577206071,-2.75858841790648,-2.60022747170732
-2.78853855559338,3.06314599969306,-0.399646971533917,3.98536127089013,1.05025821859794,1.75270611747273,2.18658669363462,-1.06974394466486,-2.65605078520857
4.54481637073175,0.614714398344231,-0.761738812333561,-5.92564512447201,3.22436082296933,-0.171568458630633,-0.0949204684774958,-1.59062993904963,-0.182357657767345
6.41379593985187,4.53812898335333,-3.60621840732366,-3.74629651927622,2.71520877605506,-0.484954954895456,-0.705713186773171,-4.32976150407454,-0.190679541223311
0.486742913421584,2.66317311624259,-2.37728258603182,4.39781178682405,-1.53169137353589,0.651044268500512,-0.829840457295165,-1.3817979495942,0.27283179862889
0.81470648438968,-3.67537848702917,-0.268421687641901,-4.48923571580758,1.18148047619139,3.78226637303551,-0.364361372490149,-1.29263985463792,-1.15910045693027
-2.02581828173078,-1.71661051415097,-2.08922541498225,-1.41307600849446,-0.760922697520936,2.29096515154803,-1.77711134692254,-0.0155463304738957,0.168826720862492
-0.633735650562014,-2.11814564261681,-0.205104701298044,-1.68138780998779,1.11000154580978,1.96485359489274,0.895361939247944,1.22120829897159,0.873642938866934
1.22642483668608,5.69493764042427,-2.16204634341372,-3.20505937396886,-0.547269659985107,3.23497802241244,-0.0169044635307252,-2.11339166447144,-2.15587643420228
2.32306549686536,-4.16515273057412,-0.304962471370736,-5.49259453212143,1.99590135374323,-1.4053684377473,-1.78787843527674,0.978021346020536,-2.53563830582318
5.19371622656272,-3.50975967777364,-1.18171560128532,-1.07581214089416,3.40098489828891,-0.0944359087857754,-5.80725218590323,-2.36455793596594,0.54166631139071
15.7295231662505,4.01053632222235,4.93938369653986,1.45317538403176,5.5541187432237,-0.314620714930374,-1.65879756296426,1.27949214803286,1.16745082843235
-1.58152564003027,0.27196939722774,-3.16417620489909,1.02886655447009,0.776275893690385,-0.901095444187005,0.1268398707266,-0.117902125878015,0.922365036448266
4.36844229840843,-3.3628053361568,3.82840601481483,-1.90131237008519,-4.13463761661199,-0.627101577368575,-1.32709941156883,-0.105868584049863,-3.63850465175676
-2.11419890744602,1.13231549529289,1.92573334041877,1.94974489284402,2.97505446787388,-1.99256709944809,-2.57992923686061,-2.07673425619919,-1.78637303989457
-1.50100299513559,-0.00342233793278724,-0.00592023813148269,-1.95495793849344,2.50560868802409,2.31501034802908,0.353215605102435,1.18303113461629,-4.38873202626242
4.42887360389952,4.61796084799237,-1.41148947691653,-3.23906276015948,2.73265497872424,1.05693397177471,-0.0972518745277082,-2.77906496910166,0.85858695256978
1.28463161151838,-0.508286067269961,-0.149916057786584,-0.223660584401031,2.00624144193494,-0.970098012374669,-3.49172142128723,-0.815079958549029,-2.28145546384909
-1.0786698187861,-2.3176918881346,-0.347394696986631,-0.779366919433182,2.39366527609188,3.86785574928641,-0.314984827114906,3.38997249557088,-1.41827561530935
1.34399219831834,0.705351795845795,-1.8319258416544,1.49981939422585,0.145728511457427,0.119487514357321,0.653953562857118,0.345162685535418,-0.667185112904534
1.52718264186232,-0.337439921972633,0.197425919033548,3.86974351270092,1.70045584809837,-1.93926236157627,-5.45708381619916,-0.301974333329273,1.36289934243328
-0.784438677788142,0.423611016616356,-1.51814029372945,5.39762034054501,-2.93891088489346,1.66056958827702,-1.01685993941475,-1.21651914052425,0.0604166546487384
13.6920282307271,4.57642449405517,0.945117636009067,3.36561430897646,0.235886160367377,0.932834347786525,-2.14804334882148,1.69754891825512,-0.348127180691055
-1.24729343337062,-1.95184706964988,-1.09284183841096,-2.8539253298481,4.9535949155967,2.43408056823079,0.969605776338015,1.09080181706175,2.30211841745888
-0.099286642391119,-1.77627024362357,0.0116142646892049,-2.28751169024339,2.03220891353559,2.85903436988548,1.07366172198611,0.434742590716938,-1.39828714615168
-1.73942570814637,-0.981883483927455,1.5405663549272,-1.10771865189411,4.09107790238128,-4.47738162356128,-1.36137406573548,0.771827879199544,-1.79271639027628
4.62020185699866,-3.43905008802887,2.31457221440483,-2.10526651847607,1.10588279688685,3.82827754665563,-0.74658316188932,-3.15504884036975,4.69123395858047
2.62321165219425,-2.25928853284846,3.3604106779231,-1.44679140233169,0.788448927237154,2.34511094070219,-4.39865715369595,-1.53521197489975,4.70469324204237
3.31664298514639,-0.571059457614007,1.10210435997393,0.456927830372209,-3.05281720234098,3.89661409392844,2.09305026196609,-0.062966609640924,-0.593530331085086
7.46969538660072,-4.61465319557202,2.10676394106896,-2.14020730165884,0.902456594231467,-0.0045672392571882,-5.38454537920267,0.227187378086959,1.60913861000662
0.58558612531809,-1.43019163698232,2.22496779120695,-0.536427226536982,0.564190808565793,1.2423179722749,-6.85255413628355,3.94737093832964,1.51282232265011
1.7633531982834,-1.70985471125494,3.89836123078899,-2.17312311205896,-0.0207530590959785,0.864774687962755,-3.04922023990221,0.250591001784195,2.47364670982736
1.98842911982613,-2.4282795390764,0.0416691870643221,-0.267493887242389,0.195166481273128,-0.377985025889196,-5.18172839366375,-0.756664932395889,0.286033871662264
3.78572139699081,-3.86774074556449,3.67617737211216,-2.34825147510131,1.08318265732221,-1.31420862971232,-6.46453927362569,-2.26161550419218,-0.00855758566992978
1.46795887030468,-1.2268078394809,-2.59567450520447,2.76169122611081,1.62433989372171,-1.42576462590105,-3.66870743887839,-1.2222777731182,1.38706957286554
15.2113342401812,4.4171345598782,1.38698278413606,2.46931865828336,3.13300866115407,0.103039950717137,-0.431090023976647,2.36705212200591,0.581102753518141
3.85151656343804,-1.93054302231424,2.48282816770182,-1.04791464263484,1.28781669344963,2.96023572164112,-2.47548179574663,-0.748306139188695,-0.301036966408162
2.44091039839182,-1.63953634296117,-0.86663326144699,5.37845705370865,-0.590023202269148,-5.83936909085191,2.29202827086783,-3.49555863282515,-2.63261919809461
-2.22740045753182,-2.42177999707167,2.39196287806094,-0.825164684649662,6.64282033218088,1.56810010071196,1.83819594510943,-1.59518809781454,3.75162978076452
0.650201589063115,-1.21066039544711,1.52106366471647,-3.13498188810678,-0.107961183185989,4.18510428814605,0.396188681592209,0.352119507655067,1.94620202110356
-4.12373786103855,-3.75186118581273,1.19186778858571,3.25733362724187,-1.61023445253458,0.796343562848591,-1.19717011962955,-0.637373395159885,0.768452279763762
0.339579694209403,0.564086948352197,-2.08154555729419,-2.51864776391704,0.484322689731626,2.46236990542621,-0.198125802986445,0.786751312057935,-2.85199017967459
1.76980246826218,-2.72857638819588,-2.16795171511967,-1.59677490445703,-0.476644630061567,2.72498383509954,1.60464900282711,-1.67420601441953,-1.78376154763427
12.3050231932917,4.67203181122765,1.57067136211103,1.27729210163916,2.03456073434146,-0.106905270591412,1.53282749044618,1.7335221326148,-0.727484930113711
0.350254281428388,0.51992924281881,-1.42077263774643,0.15863244148991,1.32644973368826,-4.28817139329643,-6.32603713749605,-1.69007083486792,-1.14061319452648
0.673802754232634,3.74533435843086,-1.62145473213793,-5.91509137480238,-1.47873956032219,-0.0173329175957942,-2.43791471884129,-6.69088645874988,-1.31850679539848
4.77901684670112,2.7035431686413,-1.65396794831908,-1.74542506673576,-1.54210423602555,0.556012030942162,-6.63064216835634,-2.63259753443215,-1.25143011199631
-1.77002084202946,-2.1759004764891,-0.840168508705353,-4.29013685983415,3.6732804579874,-1.70744075497713,-1.80782680009003,0.175311672113401,0.542131189404902
0.332342580745374,0.0061732799874795,-1.89070909901247,-1.74687468284115,0.402898079710101,4.83569667977312,-0.139282043899394,-0.239615025681946,-0.172447809229437
-2.81364680180493,4.06862728824769,1.11899456301791,-0.478275898466472,-4.29341509619827,1.74590439243027,0.455840512392173,-2.35845723703068,-0.249020171521265
-3.38453154115371,-1.11195336284809,7.18829190884731,-4.5643441946713,1.66696714096941,-1.93381030388118,0.888641163804698,2.23677306526383,2.42507571270288
5.52931428671723,-1.41436401125002,8.76265369538497,1.31723516743258,2.63168619882169,-5.53485301800293,-3.68917340643808,0.151494311905778,-2.28806776940752
-1.13749576596746,-0.599173648619435,2.07429418642269,-1.21505667371058,-2.02807490829903,-0.700221506830698,-1.40077330494673,1.28790175295916,2.47120364153781
3.26397509325684,-3.57006158942318,8.86077010583488,-3.86170457478764,-3.5429581562598,-3.43986715120819,-5.90661342435681,-3.06887191762454,3.50221735459866
-0.169266987246916,-1.63898122432616,1.59581079416139,-3.65885680815161,-3.76629228414537,-0.416732101227869,-0.168094507144048,-1.46649036446345,-1.89104485957686
-1.1799542571484,6.50067418264856,5.45056729798178,-3.25310187905829,-3.99612205350506,1.42185421757221,-0.342677327044025,0.822893948778191,2.73710633187696
-2.04500087615629,3.16165807169581,1.69661571423028,-0.58742959282688,-0.243735573302817,-3.92106992688793,0.598563616531418,-1.05703310133305,-1.9755627863386
0.102189798622282,-2.97568991272304,-0.598283037758685,-4.9791658437222,-2.56311715419862,1.3367985876597,0.872170613582257,-0.300646775175922,-2.95254649207658
2.49508291308248,-4.83978300464363,2.80366997751166,-0.843752701879184,0.445290061389178,-0.71208589234514,-5.50555180819083,0.137296788704307,-0.285384370604308
1.67772507895081,7.13308327879698,3.91627039373599,-5.63607886275484,-0.19793763202101,-0.0775120004646652,-1.14119999229756,-0.712857912087649,-3.15107607916404
-5.03901897806386,1.74067665693952,2.4613636276711,-0.607403568884805,0.132220270329909,3.2419093634073,0.700429829124654,0.705739757770839,1.62671271501123
-1.55201405927115,-0.98727075155022,-2.03763890150575,-2.62400732567702,0.267294313765937,-1.81070364265704,0.977589192037651,0.461788326324374,0.543260207617749
0.726825680179015,-2.29800967830107,0.183717774934293,-2.65468276023339,-3.05829651463905,2.11261730852995,-1.5175441032784,3.20796360682889,-2.11443623462904
-0.943333496600469,1.11520606640278,2.32497755062475,-2.08668395084389,-0.791902434868746,3.63097836632527,-1.46690057900893,-1.93903707408125,-2.70668605678371
-0.736607204780694,2.93715232347505,3.05292585641726,1.7180363929655,0.132509017445315,2.18578009984125,1.59195828040891,4.47812561835633,-2.3876334323899
0.336677984503887,-0.591007454431495,5.2539723378165,-1.35924231415088,-0.869996444551254,1.02423299379683,-1.43032018256443,0.601311077233644,-2.19582587105379
-4.7191358410582,0.845467192629844,4.68675863882538,-2.42727638530794,0.0871969601196941,3.47361258583341,-2.58362508361133,2.72754632631776,1.18663534658907
1.93770137615159,-1.93208472728143,0.845041885744371,-3.06499221981797,1.01047233621825,-0.936633002291043,-3.89939510267068,-0.361453661725429,2.16890268207884
-2.76499702421013,-1.54830639069014,1.54827906017334,-4.13690413887906,-1.40120350211404,-0.275040992979834,2.65664476098311,0.583162121431472,2.79822786665518
-0.671692786245141,0.277314093758413,5.7429915414403,-3.27022828095994,-4.46553900378255,1.81007306436582,0.887965299153933,0.525834662723267,0.857673330425862
0.0910122291212028,-0.587297976710732,5.03371987753619,-3.62303719048048,-4.32506236207914,2.67770105823693,0.718330284433415,-1.53247741161849,-2.55424736512416
-1.98119167861656,1.04499777595728,0.797735387132511,-3.60811070771058,-0.470396715507985,0.754882723289899,-0.824192436721675,2.73720136168126,-2.09136863492922
8.20878489694723,5.5136749191236,1.40941543454145,1.66175411684563,-4.27125582176045,0.832221094498381,2.0590710628821,1.25722320374097,-1.28313691323815
2.40370542397151,-0.388041002768898,4.48783330864519,-0.638782708658639,-8.86335483568722,-1.51342043648053,-0.045400551047672,-1.10646168558453,0.447594421022803
-2.78417360979511,1.47658309836366,-2.86712054893077,1.96297180949725,-0.404495860036542,-2.74808232489835,-1.57116324429783,-2.54954823016953,-0.873497168436405
3.98717576332793,2.35709200157574,-0.639715944465119,-0.874277337469932,-1.29106401821099,2.9858949191662,0.385439620702771,-1.7394716515794,0.277321631999708
-3.07729270563451,2.36857942464457,-2.18779344737441,3.33130243709748,-1.16835934965499,2.03155070353818,-1.05182951837012,-2.30619306896347,-2.49091723714602
-2.79138499873987,0.459256874038389,-1.01599164526584,-0.261288055491264,-1.39867193198998,0.624223183180272,-2.23669025645897,-0.921553115467743,-1.19684059020604
-2.6167865331987,1.94310882441209,-3.43431246659451,-0.167608424442882,-1.94217858215296,-0.90046464957136,-0.875117748821689,-4.90913452266896,-1.40867834256957
-2.33619263627676,1.35287327001722,-2.90811406934056,-2.71885610570432,-1.77646659658419,-1.23729375539025,-1.3627752586216,-2.63836539701498,-2.12289434780203
-3.12424790611651,1.58665358221252,-3.14138738967487,2.09527899645422,-0.293547886523656,-0.697325285655627,-0.64755150381272,0.152954136960238,-1.53972158518486
2.77890939067968,-2.89035596601283,2.08498611491063,4.401370824063,-3.90451696489361,2.96602021164861,1.01691635671561,-3.09310181044044,-3.57999384075588
-2.387577736655,1.92970469147146,-3.18858582122905,2.27518394764406,-2.437562280538,0.804391623588991,-2.81213704163739,-2.88857147603947,-0.518982149786908
-2.90968267608503,2.05014626606301,-3.252503645027,2.69366403049849,-0.582250148507414,2.1825414827164,-2.11725919928967,-0.0322951434466733,0.583789912844607
4.65660912674078,-7.13222247628041,3.32436099221318,1.4666139196253,1.24400537967525,-1.75424195277509,-4.0757990747516,-2.8027073432248,-0.654129272794226
-1.59355752322967,0.259786627716918,-2.03218683422686,1.94579204300537,-0.449914321143569,0.106873206451558,-0.463068840023658,-0.960535376129928,-0.39855303847608
-2.77774087753705,0.783638134700341,-0.823362199690187,1.43405791137454,0.156663654973701,-0.0906156813560148,0.244876989382838,-1.09881484182386,2.36857587215988
-2.59188148385629,1.44339131968576,1.44987029780133,1.73887657815361,-3.5280227962535,-3.65840990772874,-0.200120087176272,2.81730173634392,0.187104855951276
-1.83051223027508,1.30030352192382,-0.566657139130835,2.00093179943997,-3.18465331660247,-2.34288868448822,0.635247755492281,0.270320360917258,1.10973367621677
0.641320344686829,-1.78881027071609,0.236144064684213,0.473292804645966,-1.57214471992106,1.10258877289349,-1.0889945330067,-1.8001767064803,-3.95693251132338
-3.41595888616326,0.391535320900164,-0.482067998595873,3.2597923505945,-0.677748643647279,0.187676847700867,-0.267155775250939,0.516557030711357,-0.814306443166486
11.5841935245334,3.54179335396011,2.93126982103947,3.36790623296134,-2.74779185276831,0.699171675747539,-5.24635072895765,0.476057166812187,0.270377999113633
-2.1704973999363,1.19128096148147,-0.397774811999966,3.83861469059284,-4.41715535555067,3.78097515848348,-1.90125039978993,-3.49891764928186,1.5030320922573
0.956223474889291,-6.19706983074572,-0.603458333611172,-1.11185634980086,-2.99910245065279,0.476898606456744,-2.75938432803955,0.0953504239676908,-4.77805532438599
3.15322230267572,-5.98354418859216,4.10394079152377,-2.84137773548538,1.54773811784859,-1.71995056849008,2.04443393450859,-1.67794368979266,-3.81225122842025
0.250667790162771,-2.40700018155809,-3.41427307103575,-3.56845392802685,-2.93725782396799,2.50431260678776,-3.21754958903127,1.26879181002686,-2.1709758366431
5.5456495646258,-5.83174654954604,1.97665458580679,-1.33150261413222,-4.2872143792411,-2.22292570888282,1.01520666746567,1.85955400851025,-2.95406253111016
-3.7350681941816,4.39672470698856,5.31079178009613,-0.340487236333551,-1.60580701566924,-0.859413553668381,1.91742145779307,1.04823413441637,-3.2936476615198
-1.28731716273453,1.19196947944778,-1.73784302250975,3.25759646104853,0.610267444465893,-0.87025469882521,-1.77850541280069,0.335945857860462,-2.18221518810418
-2.59481244226929,-0.402831993583612,-1.96450095650258,2.10367625076518,1.15651409253488,-0.325952739157997,-0.852151502294493,0.240275682938942,0.793752837436834
-3.56944298253326,1.00002468699733,-2.97102073712461,1.76024657697151,-0.173950559703629,-1.6285947730389,-1.91268570378327,-1.48751609025102,-2.45959957127198
-2.88171895338409,0.902355992604493,-2.57285869786731,1.13871553091262,-0.687429477040601,-0.165519736958201,-2.84091906115548,2.36905885894588,-0.537655738393555
-4.45675469060498,0.547836438065555,-2.72482179053158,-0.271224073591663,-1.43767154576138,-0.734794982403248,-0.857813315902156,1.21520622411342,2.01110689913409
0.893637276606947,-4.53287650025835,9.7574870221008,-3.29560665127066,-0.177438309958521,-0.660344323893301,1.0553378493308,-0.250069644758808,-3.61930682675067
-2.46443994782026,-2.63504504337547,-0.852452940059676,-0.882758971265237,1.73384925223309,1.89005248744633,1.6523540144398,2.43550054912415,-0.63351212183758
-0.345359959044023,2.52781893295798,6.54939949408619,-0.812949675601051,-3.96123897774977,2.48124301189179,1.15107519821568,-0.764221874811222,-3.66671474407427
-2.69878322560632,1.18017567610446,0.74570186769037,0.207245345147102,1.52073677664206,-1.18193557821387,1.9570197525175,-1.29973330372387,0.836511320244653
-2.0937866640588,-6.72046880376276,6.63669865823339,5.65288318740325,-0.157177142594882,1.30638556974815,-0.128915484628878,-1.79897320403255,-2.35991978022658
-2.154639301671,2.21469808875474,-3.45048142685486,4.60713211978493,-3.73876672768381,-1.78771772412382,-4.21139926291781,2.549037153682,-0.520424974445484
-3.65486442298165,2.09645786632305,-2.14159254570982,1.46547901357133,-1.45773081679341,-0.524910865829905,-1.73616264720538,-3.6525152300719,0.567100512029226
-4.23911502072475,1.52048853154692,-2.03590201113841,-0.0565496354316188,0.0353690363509648,-1.59947389085558,-0.141635068634692,3.00227055656414,-0.0389368510647373
2.13756623525489,2.84860406357671,4.30258980188901,-1.0415555911817,-7.85135439842619,-2.16234990223532,-1.22523361105623,0.0195374300348929,1.05730721582758
1.51060135040424,5.16801821269326,1.99274858090113,-5.37974907828975,-4.0562307046698,-1.04649595555176,1.41657098481366,1.20668519959303,-0.288959402120301
-3.59352578172524,1.91992630543425,5.11941207818947,-1.41752715343241,-1.89930726441086,-6.32535432389816,0.744440361386608,-2.07359641134026,0.858329334868836
-0.209967628163461,-1.48167057590712,0.788519221804854,1.43020861605653,-2.25619852003564,4.9895833637345,-2.35524237888245,2.93579857931757,-1.83346330581728
9.05743049780457,5.26391348462872,4.0214217672402,1.46892541843766,-0.117857988399895,1.06636326404466,2.247473884159,0.284271686530882,-1.49822543733494
-2.39388956512579,-0.581057144257036,-2.79047272851262,-0.909040552734843,0.556374579437864,0.380910558594685,-1.51717506841906,2.00197677678747,-1.1431361942696
-3.68918572012819,2.14372061592838,-3.48213594033325,2.1425353038528,1.07363565222801,-1.55242632310579,-0.545715332472193,-4.11297557134528,-0.00988313888320428
-3.85661903199407,2.94345503805668,6.87308815904732,-1.32422059919084,-0.903029787777854,-2.96758724399028,0.356505358059317,2.21022106353451,-1.21098397725848
-2.42417615624742,0.530431120360247,1.14428853167076,-3.64922033985347,0.0937809932995445,1.59643591205735,0.339745970255293,-1.53144438610468,-4.38748146701098
-0.66251863658753,-3.51507784478767,3.32292158866035,-2.17630703772012,-2.34052596589964,-2.30149609801594,0.686315130152436,-0.703724083991509,-2.65677267280094
0.276714216580255,-1.29788977294673,-1.60605253457834,-0.601283221321326,-1.5643725967226,3.59101580763752,-1.68789834565696,-2.37912199892344,-3.93293761947192
2.00410062222033,1.08743195183065,-0.133547996067419,-6.63768303857744,-1.78262989058413,-2.97349969831561,0.413148465810636,-1.98935228947354,-1.3444546206855
-1.98922534926344,-0.0462192408829988,-1.49515596075877,6.38846338447257,-3.4237449639439,2.52510539677707,-2.04952436151353,-1.8122398453266,-0.390503430264556
0.133925361774959,-2.65701950279407,-1.29494802330981,1.97657097266294,-3.66594429240432,2.14679021571715,-1.2792464744079,-0.521094050065543,1.09288374991917
-1.67498429892644,0.264068440102915,0.837585791835725,0.51845339997465,0.90197794411842,1.33126935265253,-1.91142018371223,3.59454612477137,-4.45896306932905
0.225909061108589,-2.15934207930471,-2.56251633362291,-1.20277469829973,-3.26179854639308,1.5859094242563,0.341784151735992,-1.01771262556799,-0.424481818769754
-3.65064933939663,1.02316032668267,-2.32796351834064,2.95599268708929,-0.187965367470174,2.9842503559952,-1.28257805231425,-1.36417780643325,0.703330173953297
-1.96117234840996,0.30230044778838,-0.909154186054492,3.8016829119073,0.606065349031735,-0.567159321387641,0.121594981602354,-0.234218815057667,-0.945268059588446
-4.47203296995134,3.32586390937562,2.78021900788883,1.9195343300745,-1.86084747672829,4.62460289239299,-1.23629039710338,1.82910586214563,0.21031556866006
1.62991227172018,-2.06100262289558,-0.752683720871559,2.68590640107318,2.89415867138181,5.5784157415952,2.9386351178712,-0.990980396973725,-1.04073067108966
-3.37646992205599,0.914607850395433,-1.39516378286438,-1.14367717899184,2.63144916574729,2.02728638557631,-0.767438570876086,0.216020923932202,-3.76080974751404
0.0672727292830176,-2.64717957864379,-0.353621014996284,0.586835540518618,-2.06801399911634,1.83544810518758,-1.13479185774146,-0.0759643896935447,1.41286654822546
1.24819123680002,-1.40698816315615,-0.560669160270521,-0.639888648491609,-3.10569418748619,1.68859926343873,-3.04138189435631,-0.602262904173278,-0.999378832759103
-1.34018059974187,2.64414566229911,-1.26062720625002,1.29528937282578,1.15538635763688,1.09788394445416,-0.678365213617388,-0.783149620501834,-3.14134947324214
-2.50832573530831,-1.68355090428803,0.4964232200476,0.768819663275793,-2.0005366391942,6.88936866932019,-0.963769723594503,-0.528414703846247,1.63749067929184
-3.73420316345569,-0.682448100795979,1.65682967765338,0.60797214706207,-1.24234909744566,5.63380258527752,-0.896202526597971,-0.836643494776045,1.35045517630871
-1.95925129405506,1.74405207505196,-3.42623557377587,4.41225799445175,1.2903344605731,2.61760705020418,-0.917514896640133,-3.2712653616933,-1.02715685870282
-1.61066341464004,-0.424418478100952,-1.29476136848849,1.60773778712131,0.805122786577722,3.09599269909094,-2.60940389369415,-0.64032020663058,-0.785528750177987
-0.4819432714227,-0.00273205175900393,-1.98523634609274,4.90784655076391,-0.309246802608919,0.262472875933885,-2.52621577210621,-2.07885003312996,-0.235003822483949
-2.05949232854128,-2.71558989927878,-1.14486998104938,-2.30934087377804,1.22437044896396,1.21904224231443,0.492704030943912,-0.157817239793509,2.43257040413416
-3.63076447875755,1.32340998530946,-2.72015175941516,2.52506871443658,0.519478850782131,4.76107668211648,-3.03146994558055,0.624323584097739,-1.9460329722047
-5.7539507678175,5.99048930893805,7.04527751721601,2.76995769485409,-4.57543968253558,-1.63475252227695,-1.12711851760437,1.74606789813922,0.959300588348118
-5.24981654129006,3.3995819925969,1.15513765641686,0.920560286399452,-1.69791260411485,3.71623869957525,-1.84799015920379,1.13380707933949,0.621895100876939
-2.57782559291691,0.344320073311275,-0.153714567854253,-0.0132200074962423,-0.23061077077105,4.08064564381505,0.696030686498857,-1.51818214918776,-0.43851397205904
-5.29611431740061,2.29428432306972,-0.608565213496,0.734443560366632,2.96461169240537,0.409178491233496,-0.105753173427174,2.61325568435692,-1.29930655271242
-2.07612884760469,1.56744179147481,-2.73999151103889,-2.17000954390046,-0.821083057134171,1.43198656676142,-3.78589127048621,-0.666190575961283,-1.23285768028958
-2.78840181966784,3.19788846555316,-1.43653930764776,2.47770749716755,-2.33470704906242,1.39427029691612,-2.64787198709983,-3.00945203553368,-1.72125171624882
-2.84466278489153,0.621790646554741,0.894707418113075,1.8431043174358,2.12926451343486,2.44393319592202,-1.17873337355644,4.71447138757144,-1.02240138680053
-2.24175330476483,1.51602499028913,-0.851603078897812,3.1659535379973,-0.859276865956362,2.80424012236933,-0.500736003844671,-1.95534510653492,0.910413421505209
-1.97210270522437,1.78264684150939,-1.30971951809734,0.429197948102616,-1.8894227123349,1.1744053377318,-0.7554289819016,-1.23738280073442,-1.36997346671486
-0.804387832961933,0.127769593469185,-1.0524332914334,1.37276328383069,-0.0972761169855095,4.29407341074618,-2.28509466462893,1.80543411491706,0.0529380976377091
-1.69823339440834,-1.87829089374678,-0.47898545061586,2.3456037526867,4.09244691843625,0.318172060673045,0.516218557606179,1.11461791720495,1.67692489584981
-0.783067554663779,-1.08567288171852,-1.46294500489971,-1.03102100432847,-4.17773662985221,1.34184041840699,-0.972751843805858,-0.134657588285971,-2.97180725249705
-0.654604205965256,-2.35443619607189,0.604689125031899,-1.03052897486255,-3.79158496986751,4.15905870908931,-1.55018273270159,2.4754117509757,0.889824175668659
-1.62533411936837,-2.14891797208647,-2.24873244464014,-3.19276418636487,1.35028954934145,1.62428992082239,1.802195802725,-0.55728896005351,-2.05632641817348
-1.6323131621495,1.19299990170302,-0.625994763231199,0.330208823179008,0.317506320560157,0.899666575998771,0.207339266105608,-4.11319084903428,-4.39122585703899
-4.20091898899973,2.79735259910123,0.322496445697173,1.45730489994622,-1.06180004509477,1.27955386792973,-2.50760751060901,3.0873910712268,-0.552265194885203
-2.18316182124759,1.30316285098584,-3.66002736531421,1.80547944585007,-0.854135548723058,1.87393148359142,-1.47540591560974,-4.86948218411083,-2.70947019963774
-1.08936674968905,-1.0587836764445,0.167651922685096,0.15253842326776,-2.81779909694324,4.52543063820025,-1.94386160194187,-0.949052482445226,1.79822298328204
-6.76228047390351,2.82494901728679,4.07079497562287,1.70885797419573,-1.04295001438872,0.237623698782477,-1.17215703398059,3.70156944671693,2.24588874635953
-4.02743945836006,2.04978562642936,2.31462233186271,2.66509948350973,-1.84020171025904,2.74968277607743,-3.57256285313881,3.98369568556848,-1.4402489351014
-2.86605084200514,2.16555446475432,-2.57875424632678,2.11446323697657,0.0917952195653124,2.46568492020147,-1.75837821132764,-0.073433629223734,-3.056986067348
-0.404483844771324,-2.48005396674781,0.303613316348584,-1.09046724596378,-1.75728555419911,5.80960509731568,-1.83772796192559,0.366384249227799,0.774360355170799
-3.81287513260686,3.18900048275196,-0.848357434451002,5.46331600667116,-0.00450191499818373,1.11019333683001,0.566097187804677,0.664646763568208,1.63429034706969
-4.92789952455877,3.02948133507689,0.155823104397078,1.97780981432173,-0.760972802172679,1.3158129863316,-0.208320523379023,2.58155541840908,4.0757423921105
0.201545047766239,-1.35462234601617,3.23641080881232,-2.79161049049999,-5.41601422578856,4.67591628454713,-0.455509069195501,1.10127501166781,0.486628373462944
-1.4294881421801,-1.21589390796098,-2.12878009768222,-0.553286109487308,-1.80422253509127,-0.602353184820725,-0.637826476999362,1.5293870597214,1.3975908842582
-1.82189580240477,1.3312739233518,-2.21378897013246,1.03752222070354,-2.59322448243487,1.71898667227068,-2.80762192654881,-4.16910776616918,-1.48696151393436
-3.00204939423965,-0.132381615061544,0.172352123477832,-0.78003494544785,0.46674126905137,2.2644528855175,0.364619229770535,4.48590787631219,0.682363985014378
-0.654817992542722,0.811207625877627,-3.35691776274962,2.09349347353066,-1.58292890921511,-0.177232888529552,-2.68484873084191,-2.69110566958151,-0.321061638336967
0.175360846646981,-1.40764982785836,-0.0354899240854437,-0.785922935597034,-4.59802856831829,3.85553062362935,-0.862818578895061,0.91360478736253,0.024954837796124
-3.16716560909948,0.922567698727977,1.28200836141406,2.78348783547157,-3.95854020428219,3.93396865661168,0.12140976413686,-0.321432114814041,4.77228084224596
-4.88813552974245,3.080195672117,-0.718198688576861,3.13771346380982,0.187445296014158,-0.0388842229833971,-1.31115007865621,0.0276749617589177,0.797806416125712
-3.89292921890845,2.51342466258065,-1.81905842349118,3.42559951795738,-0.245796877346728,0.631708333425949,-1.68833879019375,-1.75734965903445,3.05935171462043
-5.16087484351493,2.04598841464437,5.28183921689895,3.68032670074801,-5.92762116718247,0.676112825455731,-2.0818375657543,4.07617067756886,2.59034390966513
-3.34459121511143,2.23404084464952,-0.235033044526105,-0.206735018353817,-2.88622877711441,-0.577595701777734,-2.31937559231782,2.11599044936869,0.0185541602551037
-0.404701962433802,-1.27846416406178,2.31152544965511,1.85079494030441,-4.95508351682918,5.54700687542727,0.0002918239039604,-0.424161479535584,0.65693567937674
-1.3636532465186,2.18785816948066,-1.17162905462216,2.179749279442,1.4276284995034,0.838780324102017,-0.170782167823447,-0.384062805686085,-3.14740715988241
-2.17570354551926,-0.0676295912588974,-2.89098349803429,1.53057015662063,-0.861988495077689,1.03725246541721,-1.49773723190294,0.722498041345403,-1.42530772140477
-3.04063735680461,1.14971273333067,-0.110938596182544,1.64346041871988,-4.28806727997184,3.21844470177282,0.516179014316123,-0.476906462777565,2.42705348239403
-2.46489274100957,-2.18787977767012,-1.75779162485503,-1.55145798011677,0.75205135238994,3.39598902467164,-0.528355659874491,2.58337374473983,1.04684868508341
0.822643307234744,-2.18744895823597,-2.89147409688678,1.67646837772014,-3.45439096036851,2.86602783551191,-0.641701843783474,0.485585893032663,0.658491916012503
-1.56328472028053,-0.549991337387149,-0.218911149217833,-0.845515223045823,0.0142386981320306,0.801732116728057,-0.923461329886779,-1.36224692905765,1.50768403643234
-3.85197808551113,1.58635461632239,-1.69162605056235,3.10923789117872,-0.228998828240032,-0.783362558586995,0.580922311177834,-1.57221155736496,2.18990122382759
-2.97444035910952,0.918544653366965,-2.72482968426594,1.20809358222388,1.27051871966492,1.02138684957066,-2.41450883222823,1.27913538413286,-1.79051451690693
0.272041459404735,0.165982322520336,-2.81986190381041,3.47673947498966,-0.167134001155878,1.37556186741218,-0.199701131743462,-0.745806378430059,-1.55375963493537
-1.85218964553566,0.79466554968492,-0.154929001414758,2.13886383415155,-2.09665930148968,3.15512328403805,-0.738875384765972,-0.532196647424815,0.153578144274836
4.0311846613714,5.80734737484631,-3.07726767151723,3.01883639977579,2.39795738140889,2.46763914489912,-2.0344244857415,-0.475534736387601,-2.74230349898904
-1.41776517501627,-3.07007064871865,-1.59814900413321,-1.75057153054771,0.171565780063993,-1.70490107283446,2.18349556689362,-0.888266594474813,1.12050816765432
-3.13025441127706,-0.0499740175481797,-2.8068514202919,-0.217440155730234,2.0277143464876,2.75168746873903,-3.1129427991574,3.00561194681176,-2.23713871847738
-2.05028767514188,0.0299565583437156,-2.17248342014794,0.827123069530131,1.35439158303335,1.00822122257234,0.781265887456663,-3.58807344395984,-0.883237676893762
-1.93372994583071,1.27341922914567,-2.36651264446861,-0.202123490596871,-0.684023814961618,-0.584873684678436,1.5239644132222,-3.09810678405571,0.510427447749309
-1.30420484837916,1.33798347913565,-4.02773694206739,1.59569811486798,-2.45568345060209,0.521549061289401,-1.55795905366477,0.444151899815192,-0.53673841485618
1.66753511435441,2.12218448925726,-1.75159033576225,-3.08194104410812,-4.87472244093325,3.90671859999495,-2.3308083629234,-0.952183920697333,2.25799932356599
0.676325625851245,-1.35533110715779,-1.68499876403005,2.00303681725368,-0.797799119274375,1.53790614792302,1.24441614558874,-3.23838772887228,-0.683433568453793
-0.376614280413745,2.57473298147664,-0.507109082679888,0.744447160515298,-1.44437917574087,1.05619935097253,-0.96909936102329,-2.16803140420052,-4.12934563123173
-0.489692393249318,0.204385464555542,-3.9520003073988,1.20371629059796,-1.45420872840856,3.97525918524333,-0.097275064148678,1.88529789355364,0.126813135352104
-0.225200677463356,-2.60868793233914,0.612968297763505,-2.34560584800054,-4.72646050964759,2.48224737035986,-0.339844378557798,1.25219585148532,2.1930051516668
-4.10924695786878,2.40306845611624,-1.72477956563009,0.0520976308676792,0.311130026066224,-2.06968348772025,-2.44745851012005,3.4070552326336,-1.88162073014038
-3.70834130700718,1.88437023902526,0.652716713932125,2.83312198323455,-5.40011278612686,-0.374563044101516,-0.566850293054802,1.48974061142877,1.5614009839709
-2.51904100630617,0.3267470685275,-3.98443610067321,0.569841929500331,-0.00529582354805531,0.22364574496546,-2.14915632661207,3.55258564237454,-2.46174020372669
0.636944107598884,-2.62265805256754,-2.61444309552219,1.73399308276589,-1.34422902155645,3.4544284584375,-0.545981989614987,0.473274246899884,0.753536062869962
-4.53346889427197,1.43041285382451,0.166767634633392,1.94389702625868,-1.43346840760785,0.764398613520851,-1.77904201352549,-2.66335337702734,3.57513799435441
-1.78942718815833,2.25219238083277,-1.61643208769615,1.67857582261708,-0.409388492052463,0.00540805053878222,-0.417890558290249,0.202148822226506,-2.10901491326062
-3.10016195226788,0.0451499449269843,-0.798487189116886,0.53507199712574,-1.37262631457481,-2.66634461559142,-1.90644276074717,3.26938909747115,-0.34568286494306
-3.30040918695084,-0.623656501834563,1.57510643293614,1.81935291771158,0.802991232262552,0.922834168010663,-1.27849133286132,-0.696697894923556,-0.245330185906466
-2.39125835508082,1.00487423506433,-2.59039641134617,2.76870199737759,-1.68376167704149,0.989709373440097,-2.54340358917982,-1.1744380999286,0.568433199053291
-2.19957319209074,0.412581805765735,-3.43026196891716,4.13444472131187,0.899037559686241,-0.353277272066858,-2.20386844031037,-1.39947835442909,0.505367853781815
-3.16506847190395,1.35642301247977,-1.80133827958871,2.07008906697491,-2.5721308672805,0.20331945850353,-1.29260881240571,-0.614383984784408,0.846725700444265
-3.3526262121282,1.02002089515091,-1.19683473855847,1.06679623311667,-2.67607210077875,2.7264675171459,-1.91374972567097,2.09229402102261,-1.76943275755661
0.13971662160551,0.04366499013366,-3.77822167722469,1.26417180507092,-1.67956924835051,1.925499221001,-2.21989617649422,-3.10425706021227,-0.878828201754277
-0.509852887729681,-2.54361258622008,-1.20567187388731,-0.764290219523137,-2.72077506126836,5.12270754611906,-2.64499111932882,3.50303340211837,-2.4939911880412
-1.84064720606507,-0.590607001751017,-2.53731288459171,0.0232417906443057,-1.82948725505042,0.26845765935971,-2.76051443208251,1.00015832453297,-0.036210149590352
2.38364532536923,-0.915640324291838,-2.52821437485086,1.28150058411722,-3.43510105429669,5.80470981865966,-0.580726639298945,-2.09498767913503,-0.810299927672584
-5.44173887522339,1.69223116264405,0.818249105767089,-0.0169140092263261,-0.913334130176872,-0.34380668034727,-0.919830637331905,1.03625947706669,2.08109570311417
-3.24892508822896,2.21808018012661,-0.301614265603181,3.30969751753308,-2.45490832321641,1.38739033217785,-1.78412533189858,0.535059987278298,0.957156784758743
-1.0499680237199,-0.360493114993487,-3.59731650259378,-0.3752856936395,-2.7798369563987,-0.116247378930699,-0.874733144638793,-3.3170529025109,1.37876806974079
-1.22878869291826,-0.919952255127783,-2.74325694643127,3.26732580202318,-0.985621197156,0.69271236954616,-1.67378736019264,-0.428631521970111,-0.0497965596521393
-1.84794813071478,0.22250750814835,0.363578914787473,1.35797030664814,-4.46688951541927,1.63802147795478,-1.45538797511446,4.00871742292424,1.82368664164689
2.30950951058578,-2.95105048315175,-4.48196826421884,-1.07135811202545,-1.20934132968794,1.14505135059159,0.0157850466667764,-0.516288784442656,-0.750458356292848
-4.23705795463427,1.07302868558541,0.950546047495813,4.94662743123834,-1.43950301236876,2.76072190432779,0.873043667278241,-0.696538550518234,1.54763688071849
-4.29304141340195,3.16998614232786,0.379548248668358,2.54599941449076,-0.779323816047344,3.09515998030639,-1.05104698998539,0.654671750489218,1.60664638827952
-2.03475555123001,1.4521116994401,-4.23239114626198,1.88984081865434,-2.11135435361884,0.235873413184914,-1.79725651785423,-1.20421386547759,-1.47968103393513
-3.45773451410432,-0.174630561058213,-0.412556503007733,1.73969803503592,-3.67798857330882,2.23021909536186,-0.0210316893201248,-0.542312855713062,2.99720575410723
-2.18243114473675,-0.561132681796679,-1.72693319339022,-0.574849262653006,-0.283912521854841,3.05893173839381,-0.820726794176317,5.15475443851526,-2.26456129591296
-4.81243601329996,2.06682011262463,-0.968528076312282,4.09813975585612,1.13420696512734,-1.72338130218556,-2.39089345565162,0.728463196781169,-0.0274791433277697
-1.94581961270932,0.655576070657781,-3.3731148362783,2.43716678981104,0.430148161121325,1.76850207783287,-2.46654189303871,0.835675680772547,-0.759231816037692
-2.09293960651267,-0.170856141915708,0.462969883459381,1.71515297455828,-2.1590873487979,4.30702531056516,-0.895317904577932,0.157348603957429,-1.99742977661966
-1.0656074090672,-2.50986346259283,0.277132196818584,-1.72576344388386,1.41100708808959,2.47286427223232,0.419566736634267,1.0956279015469,-0.124174234816675
-0.857530973468312,-2.13431433516119,-3.08947360571703,-1.71889760104158,0.768794700201426,2.85922416179158,0.963827339126133,2.27289393920876,-0.809367568847991
-3.36607413234396,1.69519860221113,-2.33145913221281,2.08803389760983,-0.753688639180551,-0.430650783192657,-0.366281533115419,-0.734073815731564,-1.43638277926398
-0.832443963224295,-4.56509149094509,-0.474736965267463,-4.04273575908906,-2.98888243789473,0.943738109302,1.88806819273268,-1.06423631589674,1.80513755660828
-3.49854913259334,1.56088215855307,1.44489701421181,0.873865172179828,-4.09131456300237,1.09327406248609,-1.49399411598018,-0.785022633422212,0.503788334198216
-3.12595458702297,2.34588630352994,-2.80169883449447,3.59277776443346,-1.13822519713936,4.53543486732212,-0.825758953916213,0.894247368748007,-1.57801432449641
-3.10305173753478,2.2589292347259,-2.26571358482238,4.28664026559778,0.914611358879738,0.308986432979414,-0.801431202230131,2.13200610089665,-2.19543556611629
1.27558786534989,-3.06916176138217,2.0837183514901,0.017541516930652,-9.02423453539364,-2.07414004703294,-0.403019588530967,-0.206633581187956,4.28968106467236
-3.84772950331048,1.83432189495188,-1.0286399409737,3.41429545399354,0.114975593953999,3.75430577754734,0.350766824729896,-2.47304088889341,4.94824026054314
0.402289048469025,-4.59468311869275,-3.61208636923159,-0.284915954856018,-1.01920014460628,-3.17553729295639,1.89826410453578,-0.462694058191649,2.97169241359845
-1.41590884674192,-3.04369629660438,0.528849890523945,-1.92771483990641,-1.83229219694534,7.30940456512215,-0.122758948458401,2.68390696168213,-2.64760641969077
1.95166256470398,-2.30779059013372,-5.07180676531952,0.583737754802876,-0.914128555839969,1.20613593740371,2.21100063554497,-0.99617790328753,1.34580215636965
-5.19348163214086,1.8515780055338,2.56757677294301,1.1944071701789,-3.20024299012177,4.00878524770289,-0.21320843106673,-0.632119844011029,3.51110933946651
-2.48269875083369,1.48585776538247,-2.01601513023079,3.13248110391532,-2.68036322419892,2.05506113850661,0.467224748880767,-3.36126547144062,-0.553571402381618
-4.12821238523711,3.39346861475345,-1.09437635126776,2.51509790721118,-1.61229767670016,1.95975947309533,-1.35984482492266,-3.43803789938693,-0.534195766780833
-3.55190868350498,2.56857494568595,-0.0903861429227824,2.50766225745982,-1.94489553386243,1.71017986509254,-0.634130180579209,-0.619811024525837,1.82114172656083
0.0791314243855672,0.349571387400192,1.4760544006824,4.4471595436584,-1.01761719525795,0.142887406070517,0.851522909604083,0.78871024481109,-1.43295050096911
-4.27413160853163,2.11530701494346,1.24884217666612,1.22471554025222,2.07947355840634,-1.81484545756929,1.97373383832389,-3.21347066134233,0.96264978763519
-3.31806845043278,-0.243004102021311,-0.554524615823005,-2.89734423427437,1.00331839967369,0.0559220415931711,0.370292651073672,-2.10569704995961,0.254413560913927
-2.6248030887115,2.64392255924172,2.45061261529621,-2.5702594890689,1.57521286129084,0.463860995835204,0.879754689557476,-4.20964306686374,-2.48515436092006
-2.8227315751482,1.51166438541569,0.346533956069216,-2.59354445045925,2.75883246705913,1.02567206354813,2.212687923552,-0.673146882656031,-1.9406747859089
0.0664945096342168,-0.891471074424109,4.995470601372,-2.56970954799033,1.579640301718,-0.992923112502188,0.321973457364446,4.47144545917162,-1.59695767704368
4.51256407571314,-4.78443534731599,1.97326063670919,-3.11216290141806,5.71519630258957,2.80651550069754,2.52679434073588,-0.141327144581476,2.85001818782638
5.99930312528334,3.21800106283266,-3.04083346767608,-3.64843818282039,1.87332780465461,0.161994003318521,0.869519049521927,-0.807359010756219,-0.893839152981296
-1.09062618681472,-0.431775439271164,8.4850075780746,-6.17473409654867,1.91206168905329,-2.39540600746305,4.26074008976066,-1.79370234772964,-0.288046858901148
-4.58621995230331,1.33728053276149,6.03988080801419,0.793941616535751,-1.0504808600891,2.25687149259502,-1.81138726961996,-1.49079070830421,2.78822897169859
-1.73535971513225,2.58683592781584,4.45773643324442,0.504067461002111,2.66518481391329,-2.3740114266719,4.14347050756687,-0.83618449355449,-0.676082184325603
-4.1738563793126,3.74582751207668,3.08697590387344,0.805551664120501,1.85682986391999,-1.74677699988666,0.821091856732023,0.911800069771537,-0.833966928585898
-1.84687935259594,-6.49808783222281,3.77646746584162,2.64733024196622,-2.41291768962289,-1.24714118404583,-0.435924053889378,0.69187926442497,-1.96011855143105
0.976846219961127,6.04098254145738,-1.57621434225684,-3.85902539700584,-3.29004367098069,-1.2677321192167,1.80140967637472,-2.19284475491801,1.16998428795645
-3.21843258921632,-1.95729707077029,5.60248164924544,1.29373862637848,-0.280721882485968,1.66451572583239,0.169585604739291,-1.9294878467516,-1.96434519785856
-3.7916188421762,-0.985725564374378,7.24884983211972,2.13235586399746,-2.0738568952518,1.89763475357014,-0.555520968023607,-0.219747593799218,2.76989951371705
-2.30847650917524,-1.45255505712739,6.6734636164965,-0.767675906380845,-1.65424606800247,-0.559264680017419,-2.1754616572438,-1.05332663946383,-0.702432379317936
5.79267513792238,2.46269564323492,5.03015150866851,0.0695263104307921,-6.6798728949196,-5.08604346936617,-6.78891942806402,-2.07851543875656,2.07267247539091
-0.642928878087268,-1.60901162751768,6.10225080024682,0.789115610875665,5.80933095031398,1.5237197873478,-0.248635315083585,-0.478271638778783,-8.40259859676539
-4.87857721731086,0.308031907916724,7.10982894366175,-0.114886632007634,-2.95857685325494,-2.15759157834969,-0.618401221282529,1.15525744929039,-2.89549427045099
-3.78268870220809,2.90294499743637,0.850433280939238,4.67234775844081,0.762819636430389,-0.163893418535297,2.40790026608388,-0.214707328327914,1.25834447351755
-0.220484752982361,2.31523099478705,5.36834607273579,3.48225194623759,0.301601807379795,-1.74711710684436,0.329066086681199,2.32266873773364,-2.9345117403411
-2.23410269119855,-1.66491675988338,1.20524107858554,6.57146011633397,-0.0751294250448136,-3.69304451487669,1.09772294097814,-2.35120830188469,0.750508187099066
2.27943232721891,-0.594064683637548,-1.14156784927733,0.81011799748889,1.85066061436019,-1.04913262397847,1.49553566272696,0.689030418096237,0.0222804632847189
7.80522964108028,-5.04945974152884,1.18352528872504,5.0167122371217,3.75272367008368,-0.893132305124774,-1.43786889756688,-1.52436415859034,3.86216111868583
7.18930951472356,-4.857742757075,0.563068595919347,-1.02465575096852,-2.6282796199532,0.955185743000306,1.81946880656652,-1.40628367492288,-3.83077459078223
1.86248679821372,-2.2093422933175,-3.7801068008766,-0.651338246294002,-0.571810319852329,0.974508210591122,0.428962697298617,-1.43687030865769,-0.0674060226276938
2.03399468714039,-4.28532504934631,-1.18731672919901,-3.47306658965756,0.620578017443876,2.61182375031584,2.50444301519974,1.00472516464606,2.29796397173236
6.78306684356074,-7.1425573992265,1.8543281477814,-4.04548792988403,0.213390579816983,-1.08223248221413,-2.73635379104839,-1.60104722905003,0.76950623833959
-2.03484784816427,-3.30088648504742,2.63574783067614,0.759195881203475,-3.43579165109644,-0.935473753881913,0.112225219384087,1.41262254524567,1.63031255659845
3.96819677775923,-2.42792663000846,2.46883979698998,-2.51014058239492,1.38982566340959,2.65689297464289,-3.88910461888614,1.6467472662129,0.0874639240130786
1.00638177946207,-0.579718823505905,-3.61428602540041,6.01702627153346,1.93128433186045,-2.67424514330561,1.80504913671903,-0.603830475493782,1.55857191946104
-0.766782599612689,-1.05293792641387,-1.3478135704331,1.33602052069017,6.3150251479192,-3.51016628165617,4.54706803163567,0.016790308161631,4.28125664905225
10.4375864543276,4.13920473267154,-0.384832307696953,2.58176204567319,0.386682733604656,1.13153364737658,2.61324827709538,2.95591573593753,0.412497997648045
3.38161071820174,1.62884940606492,-5.27036117419314,-2.04763933215748,-3.05267674483849,-1.90477106088921,-0.0282867836776757,-4.10259266681415,2.14328942750045
0.260551607219891,-0.703014099115952,-1.61278406709427,-1.31854845675563,-0.196354247526384,0.292491258850459,-0.542959660561379,4.70951690555954,-0.342363869471002
-0.988051427483832,-1.2647904625274,-0.412297820288972,-4.26730176207778,-2.069657883985,2.08345712522819,2.93156527794408,-1.00783068115601,-0.700909715157809
2.85465728090275,-2.28290046406923,-3.52252664780273,-3.92142762797004,-0.0990747555642034,0.291846503165065,-2.10544092165256,-0.408027905436927,1.83962823148294
0.169731282994291,-2.79870481091628,-0.260956949817353,0.045081438154814,0.840786857489174,-0.818849217610136,1.63719403191986,0.396283722096081,-0.124858036921717
1.80691354743401,-7.74768102257257,0.358030277196292,2.32543954648857,0.0790623213741471,0.842077836447914,1.24210752430958,-0.827956197352109,-2.36053982178814
-1.51227067742887,-0.682769678219638,-3.09262519282911,-0.379637776806286,1.89117573890648,0.19179753274715,1.00950914034211,3.58262582361815,-1.04862341398321
-4.02462717923831,1.68830066138033,-1.76553745032811,1.35250015152698,1.98729582962889,-0.981676006061774,0.536752211936734,4.08858482986436,-0.914188014680569
-0.666240162547548,-1.18754224499128,-3.74050562830923,0.391975099771476,-1.79542462861516,0.910054809652775,-1.67286243841458,4.56702096297383,-1.24163098391094
5.46648276344284,4.28722653004355,-2.13206556931579,-3.56003356116157,1.79424286239017,-4.45030917891285,-0.68593174150067,-1.64740348330177,-1.10451297641727
-0.517791325292197,-1.99899782924413,-1.7096256781975,-2.01945004541992,-0.596703327136384,-0.433284954403233,0.973677449995307,0.382150431476939,-1.41372921710932
-4.77452532000184,1.64371304560979,-0.914342783159658,0.196236513231176,1.23819331151366,-0.210444249959542,-0.523496344060553,3.41209445478771,-3.12698091948167
-2.17393057758257,1.61931288695758,-2.08044169968103,-0.0327623623387005,1.43390504176481,-0.537659327432188,0.75037712065853,-2.89458653839986,-2.28029439774438
2.9406245685394,4.39442531965457,1.4940389307836,-1.72831491567323,-2.30650704527526,2.0233123303123,0.184917167678615,6.53811889555393,-0.957020962413236
0.181583196756663,-4.17072137428404,-0.296579647037562,-3.14300040319548,0.102141816713799,0.818577088067519,2.84940045429632,0.190080245912544,-0.756608824109133
0.382330558456036,-2.66695699908274,-3.30407543906218,-3.95015757269794,-2.30294110763096,-0.190914292558451,0.299735854990975,4.62924368972008,-0.415071808472743
-4.23385738222227,1.90688009300135,-3.25769524946489,2.47594379884744,1.98963639058634,-2.15736378583419,0.335765931367293,1.3220167082714,-0.966556778435186
-2.59983461985049,-1.22010721924275,-3.77414763667264,-0.992070228930294,0.935157896674974,0.189634316006303,1.35814825706556,-1.40721605057002,1.17580365000998
5.72776690334144,-2.77093650489058,0.716561777208474,-1.59702256167782,1.23461558510484,-1.88561137969201,-5.58591394916844,1.69627625635619,1.7915395699291
-0.81917296440988,-6.29519080790362,2.43910625089028,0.911068534138157,-1.32918042265406,-0.425921112742248,1.10574645375194,-2.95417149509381,-4.04524755316304
2.87978453414062,4.58731776464858,2.1426616789087,-2.05554152301847,-2.78181795155416,-3.67718011960323,-0.215584486792583,-1.27893507253183,-1.12999852212852
-5.40040846890097,-1.56413033667297,7.63874859860175,0.696703302380482,3.43799083735928,-4.50939434052328,3.08883178596334,-0.0833160163400609,-2.54084046821568
0.611556363560439,-0.943756164196902,6.24031464100559,-3.8469144063985,-2.14762082853195,1.03103493521233,-3.31080107434984,-3.41193683670254,3.02915162335282
4.87219816831111,-0.981004466332435,1.00080694617133,-6.23896071131191,0.259947761340242,1.13385566268885,0.678813622165867,-3.51474086441944,1.88487480794989
-3.93306999623027,-0.0523829542230318,9.33347562370382,-6.40239196467958,2.00909717463777,-0.882159762794424,2.75498373456628,-0.0121226108561881,-0.914605247467313
7.89567928808669,2.60849464561505,1.2896066755814,-0.18224866886073,-1.90611639918074,-0.388580773415266,-6.71896437658172,-1.22218856145069,-1.48772709849388
-1.84140994793425,-0.456269894448406,2.25970677038249,2.22684833025604,1.94619922319451,-1.1964415327573,3.4651510343334,-1.62437706450211,0.859665753445355
2.68484359780094,2.82364776223965,7.28246505700525,-8.11517128971241,-2.30171049431304,-1.95131909205087,-4.1664258377078,-3.68345640759503,5.53414110307598
-4.97713758873183,5.64281952171413,4.97734875872363,-1.80333201854084,-2.29069888332405,-3.05836991465341,-1.2178317422785,2.85756973181616,-1.20242210137827
1.65908344489113,-1.16081318755942,5.70039980880189,0.516343219634582,2.08242818343026,-1.14724664480193,-2.4521774478615,-3.82918295131078,-1.68791161424879
2.30429502897793,4.79095955143476,0.698383790490505,-7.03224439691021,-0.186145624013238,-3.54115446456705,-2.49447516135992,-4.79012021817848,-0.517976065259493
13.3105947842439,6.40500431674007,5.90921047256659,0.257367690569589,3.52638544490047,0.237633110580458,3.95975742662791,1.07979120841613,-1.72651529849574
-1.23313209171234,1.87763935360332,4.54413356344998,-0.269330254548306,-2.38928773719726,2.05069919536389,0.338478852799828,-2.7770859581513,-0.377930506199985
2.7581216504195,1.60846361757655,-3.52240937447199,-3.11626074670357,-1.23303546539456,1.09112062873349,0.235437787132101,-1.07244936011777,0.387565814129971
-3.168991399482,-0.571328194005695,-3.78255423103807,-1.17865143625448,0.588494741351993,0.0219257642134798,1.17871665139701,1.46128111087888,0.812320692866501
-2.91805657566409,0.860991669219717,-2.49478774367564,2.67004366458165,0.326334650314932,-1.9683543025423,0.51253429339152,2.42431516019105,1.09816564930477
-0.138364398420559,-0.245280743681979,-2.12478514837967,0.856127519210144,-0.681319978146893,0.175371235728396,-1.58277946750654,4.22720722999246,-3.0870893506595
-2.74769254232904,0.296609059588386,-4.16536955180824,0.419081488138747,2.2410619134682,0.164905976734327,0.519698795053945,1.27152222049193,0.118850545618974
-0.928537562046124,-3.64941972847023,-2.1297691211487,-1.71982960613674,-0.671734007208001,-1.28924677683947,-2.52056139207616,1.22285744289257,-1.9229178786722
-0.927392069298994,-0.541509124199797,-2.26905803069535,-5.18870037343713,-1.46530365317372,-2.5215487422399,2.43459679394639,0.414966686654402,1.74053640163216
-4.66855124788002,2.85696948545863,-0.502135478555438,3.89150455018984,-1.77516975647247,-1.59687501199285,0.831931260326973,-1.34633087143648,2.66032412731659
4.901054423992,-0.544507280780104,-3.33705048703089,-2.32477009833634,-3.31921303364328,-1.7493583492391,2.21762008331108,-3.69783688627205,0.257683146123992
-1.1774073780825,-0.529527608799419,-3.82337921005355,1.66558266363679,2.11772262034452,-0.128869551843253,2.18252871482819,-2.5846240340968,0.752841165316066
-0.572823255856834,-0.592788416277202,-3.41178437339033,0.407046436706403,0.0927149883431002,-0.839486246956222,0.0326937837366974,-1.8786520714627,-0.162461751653127
-1.86534686963175,0.410193736196955,-3.81875348298779,-0.275871550107219,2.03535190334244,-1.48416935188576,1.13349494243145,2.51478664842531,-0.102642288536647
4.9156790321106,0.11317817964107,-2.89436631997901,-2.23278043589885,-2.61503496974344,0.207908826913745,1.07414841431544,-4.16487390868174,0.225360695850093
3.57187118891822,2.80991208885742,-5.11269398448171,-2.65534220739741,-1.41811931915443,-1.48176241691975,0.352492455843879,-1.12896515954234,-2.06079966701841
-0.0251216792528453,2.29122847924496,-1.65935584580237,1.90123033981232,-0.933932711990613,-0.172355129586729,0.429862880837308,-0.934478154127283,-1.26263289172128
6.85890977313312,4.0370976393937,0.614943209588618,2.30881421050045,-4.09739608044183,0.561826920395608,2.03954587844135,1.801378813482,0.381596655440111
0.645760208766058,-0.553348899327616,-2.08476788623956,-0.949254003858865,0.984487795625188,-2.19631539533118,0.140709864645637,-1.0061468325967,-3.35138785512042
5.13603209838865,1.43312474028273,-3.12589134550463,-1.95468318004607,-2.33664868189413,-2.9594096493314,-2.22614830949612,-2.56329313396101,-0.730592958544284
1.95972075220065,3.44904237856242,-3.94593765864709,-1.51474301198287,-1.18080372048466,-1.71372682083316,-0.619580197968171,2.24191167168828,-2.37604951362068
4.13536618588397,1.50431543388529,-2.76096798574699,-2.31091878685232,-0.940770292416306,0.449085276933332,-0.0870567085223549,-2.04540816420391,1.55032906787434
7.05900356623877,-7.67236837578946,1.71812486355221,-0.907560626363252,0.19641805209586,0.398115128968833,-5.94136816377073,-0.930317396747286,0.940082258028171
-4.0332466221427,1.69763481803295,-1.75487576225534,1.81219467669286,1.75506166321079,-0.618691990191145,0.189785305032232,3.63711512959793,0.333697337006385
5.3124393312164,0.907519581039046,-5.99488193133332,0.0222213932527225,-1.79385859434742,-0.893648898402549,0.385597026290111,-0.482256516825425,1.6319048323776
13.3194491806101,4.30929956532054,2.45558119269793,3.48548528390866,-1.60855727772494,0.484884992060914,-2.81620539593875,1.21751187376895,0.995550566292984
3.39315964522094,-4.4235377417765,-1.64085957753861,-1.20295750385801,-1.3206388733681,3.85444610878885,1.85162824974688,2.48879955410796,-1.71407790270666
6.37965664428245,0.227198698341005,-3.8921374204241,-3.74773340530203,-1.29145493650908,-0.279449706204285,0.89497018306409,-2.79578853116789,-0.0543691307796393
4.50592260852251,-7.42195311346187,-0.122143463901274,-0.908318500823066,0.88487560979102,3.17184657021756,-1.41944837727199,2.24233507792657,0.982552494311976
-2.33777925233238,0.67300376579858,-3.75776375535905,1.71088324984077,2.20582685039255,0.0608776161097064,-0.852705214020871,3.93655296619595,0.147172653625095
3.26491703554815,2.59938633149352,-4.70711957511286,-1.81069399724186,-2.87041699452752,-0.71929364747027,1.30123766250924,-0.0109957269047207,0.586460605162529
-1.72942375594835,-0.0460999388844686,-1.95732050234438,-1.7709677003746,5.01996030945029,3.26661307436577,2.54111440131068,-0.129479254892603,1.3450522338007
-0.798221119518544,-0.909905180701646,-3.46706023682741,1.07319158720636,-1.55176347340607,0.569200934416695,2.2785528686766,-2.16005938605873,0.26862547363921
-4.61883177415951,1.44473416825918,3.11339857623909,-0.243105968276667,-2.42799903842638,-1.70638410762223,0.538219945253231,-1.98002748458324,1.67376907826888
11.2112062634588,4.45208987542212,1.37894529290893,1.78002965983437,1.76056939689173,0.989852408547861,2.37515307287733,2.10530044366368,-0.927711133009491
-2.88941859880412,0.335747227566599,2.428735140033,-2.83053489221887,3.07694433994007,-2.33535936409513,0.0710117978151575,0.520214172892497,-3.22798385020358
-3.19242771731711,0.175518347394822,3.73339258452674,-1.0240415261094,-1.34468426884165,0.752912027225284,0.246236885513175,-0.597041323196251,0.746862427994516
-3.39379880220304,2.34568980076969,0.358367468245,-0.743371052607421,0.107456470362238,0.207511942706353,-0.862553061438987,3.35827276948401,-1.16217101170837
-4.67023873914157,1.73788778825973,4.46423507920993,-4.67595751163015,4.15945922557776,-1.67297963153561,3.78543453880994,-5.01915576852396,0.690556492582846
4.17967734125632,4.5122806823102,2.75755273682083,0.0248051893149114,0.387915109335347,-1.02392103007334,-0.371015242197358,-0.800088255424982,-2.80090840302748
-1.44665214574342,1.96278227194471,2.03175104048363,-1.03418667720789,-1.30585769798531,1.90802355485973,1.59991391690599,0.00841071743070691,-1.93933129210291
-1.26915891555648,-0.285824623457435,4.42233582473289,-6.15433088460006,0.452996690202229,0.379368783101746,-0.78037553608373,-0.488573541673143,-1.41994772158205
-0.66979315154829,3.31816350453964,1.84933823512297,-2.26676548746793,2.36033710681276,-0.741108759800626,-1.27183107186506,1.44409510290607,-5.55547073792505
0.682155379524901,-2.57246794725949,-1.05405125356317,-4.02754110650507,0.72571610332893,-2.57691438063521,0.359783599904257,0.195488041903334,-0.943439317587222
-2.65847855207485,-1.56983035650608,1.98113378671126,-4.66331212224971,1.60523954416744,1.69072090723594,1.45830056478139,4.70012929054892,-2.34655232122935
-2.31599518696988,0.367736686303507,-0.0466423716343289,-2.3634263977693,2.64729879952126,2.29157194558771,1.27256484328117,-0.739221719998056,1.56295462523608
-4.87236693198316,2.00584259446853,3.87764176281888,-2.56441776951416,-0.257990288696531,0.400427647085332,1.25665406324438,-0.365015697509825,3.90691094767297
-2.12358061816814,1.19852333360047,2.20330255079844,-3.703399723235,-0.703347754622951,-0.138556939013514,0.526063456245172,-3.91022252617836,-3.82267772138899
-0.617448528618963,-0.373187710843373,1.10151479798091,-1.99118652541825,0.219355204631062,-2.79600241360944,1.77193415285869,-0.167550558692681,1.27293645583535
-0.0233244182378661,-0.568204505081957,-0.112300066054652,-0.321812158932862,2.64706855295188,3.67373787842184,2.42926352578761,-5.23443739372175,-0.507334789888697
-1.18029745227911,3.2100774018428,0.764534572737608,2.49971999967544,-1.18960327851371,-1.40912669426992,0.240623286131055,1.7796243495758,-2.58010847646453
1.41246705306968,5.36425601614634,2.8412023847646,-4.78901690589783,-4.10908821489094,-6.26055192366757,2.41005704648528,-3.76164553092233,-0.311702382084938
-1.33101120447291,-1.32836945980162,0.781919994409791,-2.40762597187822,0.843791323501904,0.533041396460979,-0.898297989870241,2.5829356559206,-1.07124921713542
3.49382714547859,2.83359896565667,-2.57332605509983,-1.92785575254566,-1.30511870137215,-2.58879929445686,-0.755470246432199,3.23202250960495,-0.837460781920032
3.68920104655905,-4.73666959000378,2.96193222399696,0.587947520110353,3.25471350020886,-1.53604220012265,-0.100488574576198,3.34911207696392,-1.93166790663689
-1.23741073761662,-4.97065093076558,1.62791284971935,-2.13419259202459,-0.477153096122989,1.65633502767538,-0.499282674979998,0.405942365826839,-3.55119631939636
-1.72773929833425,0.441343011019167,1.65772544137013,-0.422022601789056,-2.38809360463506,-1.30772644209306,-2.71434820811692,4.01816769974007,-1.21339536837321
-3.49983459635497,-1.75844591395332,-1.35907596332924,0.0597254778437521,0.439056027144558,0.141905802590528,-1.19136003386401,3.44134749396526,1.53723464956188
-3.44588474184429,0.507187833656183,-2.37868118543108,0.425944078164559,1.50126441754901,-0.18751895567271,-0.309285373345418,-0.851088363232213,-1.73311899493038
-1.25976723596206,-1.68115029149391,-0.8815561539156,3.3588588930486,1.4495613978923,0.165731636404895,0.461513534600798,-0.289625027693505,3.09848002714139
-1.94080438790446,-0.646254983072009,0.102502943004812,0.317795221218042,-0.936066810559348,1.05783031336984,-0.204908300948009,2.01840618971104,-4.03368965668811
-2.39664130007914,1.8826530492161,-1.54107288152424,-0.504896088329798,-0.51271476150721,-2.80662311826906,0.430500062353093,-0.3545740096859,-0.607933369443432
6.24584173755897,3.34261796550148,-1.39214634760806,2.39501801111751,1.45737845490881,3.14379873161277,2.18598208609275,-2.90291742007301,-0.275708248942606
2.48576815673065,-7.3987911589838,-0.119458492705467,-0.504869577316519,1.22832287348697,2.17101856463365,0.202785442300253,0.72410689851733,-1.81669913661341
-4.09654644128861,1.55364674124236,-2.18871447081553,-1.79623999328463,1.77367860001573,1.11817273676975,-0.868772674570829,3.59387527025695,-3.69578450821146
0.989170343692966,4.25946582683124,-1.34954029807674,-2.79952617229997,0.577519478237518,-2.04821326139398,-2.05498953322483,1.4033663281076,-3.01058874646569
-0.521391457011185,0.335142152431101,-3.42509682078759,0.589228282627568,0.267166561208176,-0.276851278331261,-1.481305149711,-1.59771453204514,-0.334616667095226
7.17785896589326,3.25239948905119,1.62688662859415,3.05065132644151,-3.03623817796171,-0.199471880693634,-7.10466343102716,-1.95627448827993,-1.03261235464969
-3.35733666206261,-4.85434987904359,2.00244384493423,2.83220234979244,0.422161496614321,-0.790747830581222,1.82040543348996,-0.580352757331825,1.00660311033476
-1.17250997805267,-0.400842436441328,2.57692909432619,3.78203498118696,1.58092613137146,-0.322990911140612,-3.47454186507985,0.685567850309494,1.4240401313541
-4.67933938689226,1.26783496052739,-0.941989691726991,0.685873032751376,1.06879410256882,-0.282371913984964,-0.238212356226574,2.66352807954572,0.613433988668129
-4.34177236253908,0.331762783315139,-0.439404757100444,-1.06296997455213,0.0453030143024801,0.642398333023923,1.82440491787049,-0.0592811247152667,1.34195843176865
5.16024537240598,1.46158774992958,-0.794474139577815,-1.76703694176075,-0.497326881139283,5.56297937271462,-2.02114628199629,-2.82987511022842,-1.26366488704969
1.07338665248329,5.59132799881091,-1.76169624096499,-1.08308760730749,-1.6020745608903,-1.99832536374934,-0.423671612551099,-2.54427314871816,-0.375587332269084
-4.84292303860697,2.42565089141944,2.63275510430704,1.05745595449453,-0.488515138175039,0.925946144013569,0.462481502807971,-0.555574304747814,0.327737588804975
-2.29118863026714,0.0912435215797029,-1.77451618886301,2.52805241308209,1.48197582566625,-0.805767568462373,0.195033665278366,-2.497509315034,0.0421358253671203
-3.56157182550694,1.59979666551943,-1.11316401013761,-0.636266400032843,-0.0659715999075361,-1.18205431267054,1.25047189088903,2.08604603705183,-1.21510924334935
-1.26410556655545,-4.95831613989392,1.6550338089322,-0.25796019516298,-2.29294548639738,1.64434880900325,1.39010802693509,-1.79425989949259,0.260910148528729
1.52486752515983,-6.07356714387188,2.68061028631068,5.69101128658973,2.30013004474393,-0.936024014380429,-2.29776107110104,-1.89989930516821,1.36067398968865
2.80657946875456,3.46493523731922,-3.57395337498377,-3.11299618853574,1.63894188485733,-1.13630613993292,-1.59766389845622,0.568095162014849,0.62192151110165
-0.984795819803133,-0.475049342044101,-0.181861941447154,7.12588291792858,-0.945967782881379,-0.259360480134802,2.1503421670611,-1.26541481321293,2.14525425660553
0.595878211086094,-1.21130678279941,-1.87152511758577,1.63963166874028,2.33499798956472,1.14563485751299,-3.61320757669582,-2.32717114300131,1.3776719166267
-1.60028622745197,2.47799274287462,2.05276511724068,1.2775116157779,0.481667033280913,-1.23335084789325,1.15544020680708,-0.0235616692689498,-1.69543467513673
-3.04295835482095,-0.213321186215612,-0.615250824994015,1.39513708581343,3.41015122111982,0.84179215694459,-0.30542756512253,1.17227789545565,-1.12670893576714
0.977412499481131,-6.16169798327021,2.13976806262143,4.67780173353669,-1.51925323233593,-2.07252915561286,0.81593830884333,-1.22922957610604,-0.241771978956781
-1.4674234936112,-0.147145736243539,-4.86079436186996,0.0288716038893325,-1.65560346895345,-0.145776359225168,-2.54989123508765,-1.24531840765461,-0.508440338658204
2.27528759491076,3.70342337803414,-4.38490222180097,-1.96172923850614,0.148710169363054,-0.730808921563226,-3.01437935918007,-0.144656943443619,-3.1931534105303
-0.399210690834847,7.08258704015774,-1.56684702203878,0.414373423892914,-0.981335065645996,4.76664949804755,-1.5634109076189,-1.80034586768584,0.736906372161819
4.95940825205791,1.25756424461503,-3.16836032079914,0.202377910933815,-1.2576242132947,0.73064849989972,0.288480073836309,-2.49489115485601,0.206313817524295
-0.848799396986239,5.7293581575212,-3.02149762797568,-2.00896277292648,-1.6125597789577,-0.326321293051893,-1.48427784892751,-1.88274931131709,1.91048099186925
-2.22363050151893,-6.22897695418666,1.74717197276113,6.19549320515149,-0.668657651941831,-3.2147884253126,1.46858859726851,-0.664440585111741,-1.70099007223308
-0.419467425646796,-3.98347174936614,-0.179649100012752,4.66688292664495,1.27177686376256,-0.144879122369507,-1.03144326712112,0.373900443257122,0.670205346079543
0.492498275912154,0.65846461172464,-0.661486101439236,4.1305803435659,0.742955557960202,0.765185517076342,-0.0277790485096714,0.483098031244651,1.17407313269754
9.92556996784745,4.85990660048733,1.34114541501205,2.35037040125117,1.41060483164069,1.53586510486528,3.05010670846952,2.32273706374471,0.685005743965186
-4.2750548013741,1.69829894895363,0.215887394903271,0.20116599623198,0.934764361236486,1.17126469317169,0.077992729899596,0.976271940918773,0.449385204555869
-4.15827922710618,1.24271844785628,0.481517622199471,1.08684987604765,5.24968293544271,0.47672328157009,0.56194440295836,-4.12783912480641,-1.52467695336901
-2.2539178763378,-3.27219562265632,2.32401831865573,10.4440218111102,-0.254350760020273,-6.09185328344738,-1.03751256965702,0.711355553747593,-2.11224962663009
-2.40837346347835,-0.535715847216142,-1.25489705248266,1.43476075037133,0.638258939431433,-0.0118774608759609,0.0800916890317483,-2.11113889791574,0.259188207858964
-1.93759147274691,7.73626228050776,-1.28951376567512,-1.82493212828883,-1.03100513777051,-1.01296093556087,-2.49578264684935,4.45690891334735,-1.92234932782711
-2.21336600536686,0.915305868012841,-1.7391968108774,0.293665296691356,-0.955420098925465,-0.199833278665359,-0.242797341076524,-0.324988783369884,-1.0603675714767
-3.57221375710738,3.55020869314532,-2.95381574728775,0.893340369807253,-1.13386833441172,-2.97433864860122,1.06441704380352,0.32114436821721,-1.19270501208946
-3.52401567464683,-0.0771903757095218,-0.100355175828374,-0.971334275785692,1.05767661725686,1.42785275858101,-1.29089637200878,0.677885856668644,1.25826951016355
1.38159973215014,5.20891894353759,-3.98657137860102,-4.2233117688249,2.283453638724,2.5498263232117,0.134333956337063,-0.3289560985137,-2.86280242600971
-1.18553319204772,7.30149617353481,-3.09011193780609,-1.79190504064835,0.755358427694225,0.744075862193576,-1.03281276944714,5.39931589269575,-1.3391039384706
0.298438230024389,-0.457535781534096,-1.74913790137652,0.973814285588192,0.29831498229252,0.378105383836164,0.401308379759139,2.99146859872969,-1.74293572684201
-1.29283563227979,0.621530671728643,0.809284437950271,2.27825215621646,-0.548480685876243,4.8643751352921,-1.11327861651105,2.88238364597032,-1.7236797269874
-4.14958130954063,2.179833254353,1.31273514981537,0.352441886417968,0.742983846828917,2.97882331123565,0.00404220108508473,-0.484993753766155,-2.46827558447174
2.49872749511603,-2.80738028466754,5.69630446213942,-0.238068160567742,-0.515062443661363,-0.00508713480830906,-1.13242082702842,-1.02193326834264,0.0517978519625472
-1.13430930211305,-0.927940852782805,0.0911327315504048,-0.639749912130643,4.59214137819761,1.72301016135658,1.20978349102021,-1.47841395527871,0.817892330527888
-2.27738959567754,0.553301630182427,-1.14899982684967,1.7992953205865,1.45805144072604,3.08918244136634,-1.1139210349734,0.330293902520958,-1.90463396630776
0.198749421492393,-7.60000986766289,-1.68657038185218,1.3945333505169,-1.32714793343559,-2.48686722342769,0.638923384789779,1.390395899562,-1.98737824232924
1.24493402816345,5.79747745561967,1.37830069928157,-1.07322506177565,-2.60696853709711,-1.95237416993035,0.981428443143247,-1.75535448268677,2.18868456652745
-3.19681715128306,2.35762976316951,-2.54875687001285,2.61054900288374,1.51656602546953,1.26355913245335,0.732923167956736,1.66420142350197,-0.717717473293358
-1.69170741539305,-5.97591194950884,2.1329601830564,5.95369871105907,2.29870333145496,-0.892107472368374,0.218994515881684,-1.15794316273719,-4.42269398925137
11.6782977562348,4.72676203593808,0.553116151632416,3.22321356580519,1.28931713185113,1.82151957090801,0.942911259553733,1.39870016756344,-1.63245290687637
2.01974224879462,4.92737142155389,-1.6497844667829,-0.895296968641537,-0.767073371325369,-1.10046537001561,-0.169863381631256,-1.54292851981111,-0.756737277696764
-0.371318023477309,-3.73521850252846,-3.4364526812651,-1.25963279481192,1.15007823510145,2.09393506097664,-2.01203808802034,-1.13097907379255,-0.209922149114463
0.238322676760579,-1.87966950708418,-1.47064982681198,-3.27492853860065,0.796825013416761,1.43822461036552,-1.50063339043843,-0.231800641686901,-0.178869598844697
-0.646336739394864,8.17260218700895,-3.16434154631707,2.07427804400375,-1.18886097693247,-3.46887670188049,-1.79052787728771,-0.871054630333431,-1.05143440164956
5.43084162779252,-0.240513366934222,-2.87609698605273,0.410672866184644,-2.58378381901242,1.08146157409111,0.942080707420673,-1.88436820588387,1.1925460198595
0.925147098994651,-0.955293474378494,-2.80067509846707,1.33598484180234,0.955105934662014,-0.783009191603079,-0.128398407420581,1.45470936643487,-0.785633321590872
2.39298963717644,2.2352668745914,-2.74137117357378,-2.65663934714802,-0.0140671810468902,0.156041273441118,-1.19019057595718,-0.469853605087057,-1.42663803255374
0.589117448267396,5.41503358223019,-2.7118553114486,-2.83387028978709,0.988318078935534,1.73661819280792,-4.44481451714543,-1.46655151290776,-1.97604114426845
-1.17777945077576,-1.96754509650001,-3.8959991540467,-0.354416148871746,-0.0520543926566434,-0.29978743244479,-0.636617988350004,1.47541104007633,1.68161412004824
-0.866502877425897,-4.52427171426157,-3.35069443549301,4.62905097565507,0.356200980927616,-2.45225867413333,0.0965283128418344,0.340602757669906,0.200947011906318
-3.08522883019913,-0.204235531786191,-3.0803035334755,1.95552291722554,2.25267663284293,-0.121864206303487,-0.663223492397285,1.29156211797121,0.727595952159838
-3.80776546665514,0.379639941048295,-1.7360140851573,1.46052966659962,0.28128704869814,2.32952361761098,-1.06233346692482,0.184066481613309,-0.48381742154257
0.767178539226925,0.512171525485877,0.0714936047712098,-1.08277213223351,-0.320146002805194,-0.444202674661869,0.983493594267594,-1.43196607031229,0.194589332502329
-1.87459722571242,1.77757848424261,0.0542521791695625,3.75549917913037,-0.83084234348612,-0.275300171423305,0.897993011899767,-3.46164751139112,0.204972582274441
-2.98968810335877,1.60309026996626,0.10785137261994,1.6769883020234,1.1887583835123,-0.244790192046379,2.32362728185022,-1.81835986085589,0.966525607850424
-1.97350701755462,0.776425860572771,-3.64722683615136,-1.05140590345121,2.55126237455899,0.906291423785324,0.637184842977076,1.09556860144789,-0.706574587398113
-5.1734130771492,-0.225229817391618,-0.3533574419189,0.572270278419752,0.278979764965808,0.405817265741888,2.0243786907731,0.815731356100866,4.48622972652672
-2.57749235801885,-0.411532504026864,-2.45119223063648,1.11345590008754,-0.698018719997963,-1.27960927568696,0.302191312184907,-1.27633697330683,2.03976397861913
-0.684291899969661,0.288616729313682,-1.66206621459435,4.00043269459724,0.961741074572862,0.503783961498795,-0.73985892556944,-2.62779096545335,1.14269899185785
1.47341451175439,-2.00216535364676,-1.82219614539869,-3.29633264132375,-5.06572643931277,1.27254945102486,0.187453339223684,-0.64640511324843,0.0651618604126777
1.75347921738359,4.78012342789782,2.10957006440264,-2.46707811562593,-0.555508755065703,-1.82935566107757,-1.99818351516728,-0.851249156352565,-0.443795299485939
-5.83067661471714,1.63959504209704,1.13604759991721,0.0892760411591707,5.89814518988442,0.106363644530675,0.919345139645577,1.68351942139093,-0.275994136092819
-3.74657898454617,1.02432753786606,0.528165825844472,1.04072824793406,-0.300557966044682,2.92349977964448,-0.584519253347937,-1.37704389511423,0.893836612441061
-2.80527576822281,-2.65839781897647,2.83838525386517,5.20420339969848,0.57509856197982,2.24249999363105,2.57475649115244,-0.965404959827217,-1.89496261149606
5.09985629954458,-7.37919952873981,-1.0513989374227,1.24457392702324,3.10062560754532,2.0903065064038,-3.41584409288232,-1.01161744828802,1.84467312276992
0.158216255517091,0.199317172079709,0.461499228235598,-0.247223576850745,1.80461632483989,0.8529542921133,-2.21163841860055,-3.37320103596512,1.66443073543557
-3.7714232554522,0.782784459079156,-2.35995714442101,-3.25927539020538,4.02293958814626,1.36328369209087,-0.413857020073559,1.93632444314486,0.777800413457339
-0.769201769141258,-5.79411504647427,1.05243982626674,-1.72144942103094,-2.56870533542284,2.86152254132582,0.480859328598895,-1.43959809388609,-1.36168774219764
-3.34921520838512,2.23089719561615,-0.810266084881,1.64178257634058,0.809696889701587,-1.37613435541666,0.426169918727587,1.46408316114319,-1.76794011569523
-0.176758917970911,-3.45627833521894,-0.141662497412924,-3.34675526823816,3.08171745682663,0.289314008434651,1.69760982978278,-2.22795750765468,2.5566688034368
-0.540158613214052,-0.925322679608836,2.25671942885851,-0.667137858740431,-0.739741159655215,1.76808772668139,-2.9652485143218,0.0391617386676563,4.55417204341847
1.52297078443849,-3.45405589944281,-3.30736966068661,-4.03988935574446,4.97896075202489,0.226924283498764,0.397791382523466,0.383987614473218,1.9703543051867
-0.31862778771865,-1.11375036429581,3.42993081573204,-0.700303060779397,-0.658614162041287,-0.942409604139048,-2.12678548758405,1.39734116146615,3.21937530653514
0.193636020970469,-2.23037681042514,2.32659864335168,-1.13461869971022,-0.482917363789377,-0.938744267383327,-2.83903683113036,0.0548530934892511,1.94917217021511
0.412165565566887,-1.2999406252487,0.664018612921018,-2.49771550828112,0.0749621038136506,3.17986486468136,-4.17969286272248,-0.343773832244835,0.868478520063468
1.81145709203722,-5.49365318331979,1.37728033745275,-0.516186833449049,1.68581697904366,-0.17380929824046,-3.67402258383323,0.479544418309498,-1.348815973254
-1.37766006143488,2.32297726780952,0.594605560405126,1.92490286848321,-1.633693811802,1.07891247181111,1.17163719618314,-0.996854825344375,3.01828360524817
-0.916993957574081,-10.1814470205095,1.9491894192172,7.88408744413008,-2.45934498239278,-2.04884387231387,2.86745801714634,-0.59411950442499,0.0449895107267298
-0.507535016887241,0.387490278298193,-1.07175290160754,2.72814134450383,2.4758487416808,-0.702991193923671,-4.73330775653578,0.589043677060196,-0.360340223611927
1.91148372993352,-3.85700099322895,0.172163459630291,0.0939898834111213,-0.00478142472549798,-2.92838775913747,-4.87336843985356,1.18989599781506,-2.27405138908366
2.5869615923721,-6.91919270943633,1.81162194227977,-1.09363396687274,-2.46775622515643,-0.146171960792159,-7.26712021220007,-0.326308304485831,0.383724072435255
-0.344753815973295,-5.81115827525374,-1.28502032111355,0.288783191102698,-0.891992066703653,2.23578038078895,-0.880129282821924,-2.24944478146469,-1.64550663445639
1.30453453805173,-0.917852000819291,-4.17919097078191,0.686434780026106,-1.04708235439583,0.699983994730388,1.32489853424074,-4.86979261180418,-0.998505320864313
8.13087509922011,-2.55516098554565,-0.43296029405019,-2.07030033700546,-4.34872685161818,-0.26082960567773,-4.07800860360829,-1.01348998772118,1.68001141121234
-1.18973634439877,0.929630170910135,-2.01812548637994,-2.64739015694626,0.822013566764265,0.686620825625072,1.2594439273682,-0.839793951720297,-3.18840080515799
-1.29914863750996,1.65724542586563,-3.2048126935633,-0.184658540032985,-1.50509169535286,1.37203377436317,0.581781330409654,-3.97062711132399,-1.92685837964774
0.124027159505754,-5.35712724834172,-1.79721346960897,-0.581041267494537,-1.31901388827384,-0.623553950098869,-1.80341931653611,1.72885802237525,-0.130097729778542
12.27908529217,4.08978140738179,3.87447852629639,3.82090577704201,-0.719893766109243,1.24190227108975,-4.98582224607123,-0.368443512123302,-0.931208947424206
-0.0560241828105948,-0.0345014876285128,-1.16194571938984,-1.3182851489512,1.60498665716534,-0.557138775548864,-2.61742437976048,-2.1560496728231,0.788865916521008
0.0869604336257944,-1.95539232891549,1.89690752430602,0.434970336382277,-1.02054826765846,-2.88679349095592,-4.91477382676675,-1.08277926220104,1.61783858585929
-3.9841791528721,-4.5177051049693,4.50380576238992,3.1569099683276,-1.05255759248154,2.72839002859713,-0.506879289038714,3.35736451285485,-1.26329068991147
-1.37549964655175,-0.197257409085404,-0.834008102346012,-2.93323573487075,0.147450929191343,-3.6064006228009,0.349671937915873,-2.24070517688363,-1.01993435733131
6.64454276208471,-6.55511655962328,2.77721882111609,1.20217444526689,5.31528564713916,1.6417659663961,1.74938655677123,-0.135894320115748,1.8097256926069
-1.39892244171281,-1.16142611626518,-1.47889070800992,2.61144005279018,1.68012562396913,2.40603337542941,0.270348981215874,-0.560088135657978,0.23797539527085
-2.11094878162781,1.5632509561898,1.98385069495467,-0.00612394188252325,-0.235334492535389,0.539896860896485,-0.518072799485611,0.667694629424843,1.05948459543043
4.1285879134597,-8.41295733936148,0.443199459504427,2.45887588948266,0.055191191720672,1.81922011836106,-5.63226398533227,-2.1351180947711,1.2435988280086
0.0401600406680887,-5.7224183289848,-2.39248736918243,1.37133158138362,0.0590197454165534,1.97067092401603,-0.158415920161979,-1.64108227300898,-0.336676671451147
4.9024419929764,1.68910271284295,-1.02210318410714,-3.52147155525105,-1.5474894076703,1.45115317530896,-0.596436211710187,-0.00203392415038684,0.606072438282047
1.5761237626525,-4.01805303377991,-1.32793482824007,-1.39301762440476,-2.87834380388591,5.10997224433456,1.17351861683627,-0.934132967366651,0.419884026189386
-1.6855284340388,-0.607818340475817,-0.769595315064686,-2.77493209837276,0.631372601764288,3.02271949093417,-0.180367779542586,1.15609093074722,1.50058178276704
1.34910374364646,-5.46741787137445,0.966446133675795,2.29005814815835,0.0934189410130901,-2.23808848594542,-3.76230854563211,-1.5919561405254,3.13343248443168
4.10032614601927,-4.54861931439329,3.2301803706022,-0.418207466942938,-1.30716258091009,-2.39226687940973,-5.75520449813177,1.05803557267999,1.88402104500494
2.52814417252931,-5.4306160517921,-0.0986402682830358,2.85027921837196,1.63069180735001,-1.77097997545234,-4.70281368348354,0.565393151818091,2.11288335137719
-1.1443512549424,1.71287543029153,0.0915958715359539,-1.36489461550516,0.337708717000454,-0.54901431395284,-3.25880449046929,-0.927307279300054,-0.444189777885749
2.43286398616107,-0.497580078384221,2.10659915897337,2.83158063513618,1.81519554856959,-1.00590674123739,-3.49549576407248,0.003496087666052,2.38537160862215
1.11761007954919,-1.02924502362993,3.0966969483946,0.579403312556455,-1.8706604359242,-0.455600636729111,-5.84862589830811,-0.0402505653006174,3.20417074161673
1.04396760590751,-2.4772988404994,-1.03834080139134,1.21625458965483,-1.49571824017305,-2.07425087694535,-2.89012956457228,-0.402273373762488,6.05500203817326
2.07471620269574,-0.61232730529081,2.66306364725471,5.56622988897622,2.54747406852646,-1.78291272143727,-1.14374019205689,-2.79562862086371,2.35106995016251
-4.39071658637234,0.0429226028134884,0.298620442251568,-1.1516259630604,1.34259799386394,-3.4525584384297,2.95818453680277,-1.42836968954626,4.46560339765831
10.4759450905806,3.26549164756243,-0.151770396135548,3.00407790970009,-2.77986199263272,-0.00331500098463995,-0.672623742363293,2.23636733931863,0.860543015482509
-1.9139241803222,0.0727236628697792,-1.78070987118768,1.11951281615517,-0.608604306378753,0.783911397375197,-2.47133869757458,0.187364307471014,-1.04286215954259
2.55549154057711,-1.38517919192309,0.243560728645062,2.20743030678273,1.88001195636295,-0.597744385699543,-3.3627714584144,-2.35003090999665,1.61947478691866
2.69334202230417,-1.66213061335082,1.66115183925405,1.74233384241799,0.640925539293358,1.18226394361474,-3.8908903450483,-0.994305451195061,1.20123812222782
0.399480743126797,-0.994811269178404,2.31750339591133,0.716014780971697,-0.729543316772427,-1.47383492161844,-6.43966764437172,-0.347276924739308,3.37095840382737
8.58510693872102,-2.86030088517269,2.22959725992108,3.36396188278848,4.3543995051789,-0.984007170686861,-5.20966452339438,0.68474663906021,-1.84363515178737
4.9406909830173,1.44713816347735,-1.68818433677062,6.19600804814645,-2.02979477367992,0.804758129047369,-1.14275482040895,-2.42085095700324,0.863268932359578
0.236237305827339,-2.02664956748203,-2.48357346502601,-1.48372297079843,4.76641066979062,-4.26893104561719,-1.38612412541569,1.23915544222943,1.23290026991578
4.31856762383714,-5.77369519016861,-0.654224679174321,-0.455969089081219,0.52357218156979,-0.340885504120934,-4.8669517831552,-0.843890938996714,0.73948118702783
3.3211707721156,-3.59426429017477,-2.78971597913629,-0.110284501425338,1.44399746939804,2.67482779633398,-2.32508689136415,-1.64583144289829,1.31413376753852
0.461506892516752,-3.34083358023408,-3.43799938710708,-4.64689463969452,1.23662087729849,-0.214370444010026,0.517472278562622,-1.06100864478127,1.92896769230262
-0.18647440418264,-0.604954582363482,-2.32984551156733,-0.791386576318331,-0.286014041753757,-1.21446677545743,-6.28128258867305,2.94725691984975,2.25927964088369
-2.16313259086102,-0.768669568889627,-1.47572217452888,-1.73222990405034,0.304930484184135,0.838475406733441,2.16718747771273,0.0345093857409239,-1.25527651113027
-3.71703046773597,1.53457818656655,-1.17031831881134,2.57912882559071,-0.232158216110298,-0.596996605008411,1.14419442436532,-1.29239818637185,1.20697857976438
0.894407578205628,-1.98507917192178,-0.292113161227353,-0.975329371089497,-1.26346534021114,-0.64527096474375,-4.81450615841425,2.01141227156993,2.18063568838743
2.45426805327923,-6.97050757305752,-0.795822333996097,-1.21406610625105,-1.92131169887702,2.43171604942921,-2.53706707085574,1.15121528009846,0.481121051232012
3.42503567639189,0.0314066575341655,0.149390195695723,8.05495635653092,-2.96406312052945,2.25234249955185,-1.72137518785296,3.21738471836119,-0.422212610161457
-2.29082354202629,-1.42792978868491,0.250426953118829,-1.25152208312548,-0.834454089246381,2.24781795800873,0.111214857564186,-2.66998922146731,-0.206151989829182
3.28435421298117,-3.46244699235719,-0.9661642120049,-0.653066108359066,-0.0967667454907454,-1.83914331181072,-5.20124777941868,0.147807635580525,1.83570450944486
-4.16071418301078,-0.397407031920503,0.9653762970791,0.739123642064207,0.260189292108696,-0.211418829863095,-0.73847325413551,-0.381107700452347,0.981781699987613
-4.12658729146827,-1.86401226721021,1.43153254748102,0.146033077384978,4.92326220845918,-1.40313065808464,1.63502899372777,1.03942564033789,3.18726578544434
3.03150501851335,-2.76764100970991,2.02439446061724,5.3953861844232,3.21350645769944,0.908420869930372,-1.08026698076021,0.0522347049311041,4.42619418436914
-1.5818707312984,-0.824912962470535,-2.91308980359327,-1.98870253775964,1.78150287520491,0.445506198143216,0.500454052237216,0.361456510362195,0.301645386518445
-1.80053558047091,0.386352531534767,-0.194644741655386,3.42688105539202,0.688409468565259,-1.62957489249447,-4.82852189110741,0.871050619075443,1.86527006255743
-0.12995492161508,-4.64391405569025,2.89558464512183,2.83162378561572,-1.17250400550115,-0.16434596506513,-3.67338283894755,1.03777735376961,1.05231887213532
-1.03934636191196,3.39747106717375,0.538553575558536,5.20265984566166,2.21358750059981,-2.24894343975708,-0.0803998096575623,-1.45747389358994,-1.62014778004648
-0.831494659862654,-0.226345321107091,-2.41010068134266,0.292837214428183,2.5610391884367,0.940247926543287,-2.60575927192695,1.81272337159885,0.0794833188877805
8.1359520946745,-5.6330288947824,3.50580940781838,0.18962284848956,-4.83880009497771,-1.57153638290924,-6.67712751913985,-3.15780897609615,-2.96235352632548
-1.61707947177541,-0.568471771161928,-1.67633178110516,1.41777127543556,0.0554398331040897,-0.778487206279294,2.92985841393972,-2.61482342165119,3.55039042347188
9.13503305295898,-0.13816952491225,0.77916111176132,7.5540625460921,-4.01603762882452,-0.946974488966684,0.138936747468373,-1.16675026198202,-0.274861620904243
-0.227693927130401,-1.56108653102025,-1.75330184723295,1.99193047462945,2.43957797897757,2.31398456438469,-4.50364286602656,1.93567153190035,-1.35388588046212
0.895349142465009,-2.73611152929699,-0.905048428126794,-2.08917033276011,0.306747450537413,1.12974575272517,-1.87937706506348,-2.48418672648235,-0.487889364211918
3.20357995240424,-2.94325966371693,-1.92529235187539,-1.68605777293912,0.9675768514336,1.27354252980208,-2.64823310112437,-0.0134747942966996,1.93284616766953
-2.30633826376263,2.11296991909581,-2.44888155581358,0.424912522243165,0.326170523221414,-1.13692244084832,0.591296659781241,0.91735043978742,-1.09552362486828
-3.60952406320317,0.556805267243511,-1.09479043582607,2.37291818414084,0.231208231146541,0.418926594716417,0.376139981723795,-0.250557364425852,0.519076698399854
-1.69154529772231,0.0956764059066389,-2.23746938970984,1.59235673120794,-3.40077105591242,2.32669587358904,-1.1107082530555,-1.22784181214401,-1.04650695253749
2.0556211196497,-3.47140290916523,-0.817236027206193,-1.74067008488262,1.34866931743095,1.39993866371134,-3.09692555195685,1.05486838721394,1.89073952443712
2.23524010819482,-5.14837006541156,-1.56824572940008,-3.05499885336276,1.81021825841741,1.0039528122901,-3.56572271233577,-0.817160949426755,-1.89563708344524
-2.3187979455482,1.74325168342643,-1.15320275453568,0.847351425612646,-1.43631070263625,-0.0381294101456667,-1.0755964083259,-0.67858299628474,0.336875190271081
-3.10476147368459,0.836871710575538,-1.50552370829831,0.495267551459426,0.150062162994504,-0.915623274795205,0.598753346479767,-0.168771658109699,-0.551510739512027
-1.62847178747923,2.28066900784469,-0.103639537758621,-1.83054026858381,0.114425620419329,-1.17477206237315,-2.88093344363628,0.641580916325233,1.20473575746544
-0.304891178311901,-1.48225056289088,3.03807212211678,0.374179233955636,-1.41864600315425,-1.47770682649213,-3.97277967548784,1.56898464493546,5.40227709423205
-0.358015889066088,-1.8127953700842,-1.15625787797244,-1.85662897573935,0.274497134268197,0.0245017806118936,-7.03421356840965,1.58887965122189,-0.319478289366228
2.05231208400406,-5.6026153740081,3.3883336799442,0.369259178061807,1.12439745788589,-0.997616415563593,-4.23397045299005,2.07049248358143,-0.771403887214248
-2.73086747954824,-5.19968847272814,1.52920776698148,4.08548807263712,-0.480261294141843,1.31542529220686,-1.46939148956652,0.894886260287866,-0.266884137084017
-5.09801450975044,1.24224630668429,2.87584682644647,1.63525482176508,-0.303796377167974,0.980602548725308,-0.484620195606203,3.14490085957151,2.48902061557478
-3.29519517167049,0.640711618376927,-3.53587312559985,-1.25333408436864,0.643541738210969,-2.04393948437546,-0.819076410740431,3.61743353265751,-0.54307583703428
-3.12263831762764,-0.117592283682136,-1.67182167054207,-1.35117748842636,0.08487521497956,-1.89230758763552,0.864354995988498,1.87826254882419,1.95152646769916
1.55631298424452,-1.07990924708764,1.84196884468465,0.965340674354357,0.322857835832869,-0.853444156983112,-1.94922168757705,2.01093877871236,2.32364531533986
-1.29898808423944,0.798408921845896,-0.836260532910584,-1.85686283203422,1.84308296567695,-2.47487380773583,-1.01197590646545,-0.211141164995446,-1.37220861985053
-1.19828667025326,1.17407441126381,-2.73620529623617,2.83450414918131,-3.16913938892192,-0.548181127164542,0.00940581135443692,-0.141562906569054,1.35988629305458
0.694755082717035,0.454376180406683,-2.59217611045726,3.5434261586655,-2.09806185026394,0.0207124826637691,-1.560496123917,-3.39014020253913,0.0198192563950676
-1.57881435097028,0.937642501471797,-1.73630554176942,-0.85814334510253,-0.959703032207601,2.28449872273301,1.47489436744643,-2.33328564402423,-4.29047606728771
-1.19807923099978,-2.53748247127787,-2.43774120516767,-3.53715473283841,1.58117980068527,-1.00754924746352,-1.16372538633463,-4.04031183151615,2.27893729871403
0.577050458269812,-3.43083819642306,0.980907537135638,-2.71605021912164,-2.53718325175888,0.0138853868495496,-5.6083582121079,-0.0294849726289412,3.34951914457675
-2.88126068617826,1.86962645655917,-0.0804520058894703,0.0617373503169869,-1.02808328270683,-2.94914786356888,0.391253405867538,4.06296478652519,4.11551912113931
2.17021851301627,-6.32480576434013,0.734876837233852,-2.08806654485578,-1.11783567581521,1.38458522510965,-0.521892366165596,-1.87590443468644,-0.632259447649461
1.09953340328359,-5.96985042743725,3.01605336534053,2.68135761954846,-2.02118448367325,-3.02076656267781,-3.76702966803549,0.0521088321171456,5.2348620397245
1.94760626261043,-3.61656135685353,-1.23012713713038,2.72541761799471,0.839132676752618,-2.37295487284224,1.95431581552976,1.09518261078309,0.708410040189418
3.63471176302876,-4.7064600063021,-0.853630332500074,0.57920595813524,1.06105253963162,0.554964959197106,-4.5458368357399,-2.69126504859858,3.50749987489534
2.58498562563397,-1.66957171876868,-2.23617161788539,4.20947429665758,1.01128679547818,-6.19469632647717,-4.72490621191721,-5.40869430789353,3.19633457250274
-1.24244767816059,0.90066617515733,-1.19388666781045,-0.00473464027866427,-2.24012882098512,-3.18763997131674,-2.61595732362689,1.28537279444033,3.90333059304359
5.48100321911536,0.882483239812036,-0.347607176378262,6.56215453767148,-2.33693686207158,2.30444460453593,-0.864579452727674,0.214261405253534,-1.5333268481888
-2.94476852625243,-1.6380796480331,0.522112315044957,0.430126835519439,-1.30631732995537,-1.40576876938951,0.944049970415149,-1.76803777247731,2.60580530547224
-2.08950981768676,-1.8418975736871,-0.35479269063366,-0.811087465354581,0.395856153065777,3.56712907858231,0.984612323389791,-0.222042263383268,0.0508131295233028
2.02475263870487,-6.25462690881233,0.937974713230693,-1.10640964077569,0.599717440857611,0.820005537236879,-1.09163145207018,-0.381616755137146,2.0045523203003
10.7434611389465,4.69115490254717,1.1623071511301,2.76946794440569,-1.40079303695212,0.749083206529374,0.683730920585722,1.31148316224753,-0.932616900257893
-1.551045480293,3.17004546892033,-1.30258866094278,1.28114054355469,-1.9209500737446,0.706681395838474,-0.429610921352333,-1.38568804304324,-1.29912201782285
6.36677552380628,4.83683301751554,1.13411122520448,1.32911519344267,-0.538958534759304,0.0593236108772527,-0.297249198028861,-4.26615091946005,0.108396011128473
-0.315627543253175,-1.66704235570206,3.45496495769577,-3.12655218236867,0.983677819477524,-3.70537748174277,0.674749590170581,-1.57765249746343,-0.675204056831549
-3.46740284809233,3.54190244931816,0.770355356106376,2.50371075726343,-0.926811458461347,0.528367633174197,-0.13919040380628,4.48300507808181,-0.0245602603632372
2.40577984819749,3.85226970803491,-3.19510279529059,-1.10859055638496,0.878356685642105,1.79000378167231,-3.49138768423565,-0.174285076720145,0.0988119310537172
0.357634633161515,-6.55027395060635,-1.07695294236417,5.28872789713113,-0.172039446595259,1.89932125780818,1.11214621601971,0.30888340881126,-0.550018467918913
-3.56755371030233,-0.915393661513325,5.36788679774253,-0.231824888856912,-3.87687181412677,-2.72753265486644,1.14451468492562,-0.528722994304887,-2.01788769897562
-4.69312022729174,1.86452339231298,2.37346877034097,2.30342114341309,1.97624542709909,-0.182176948377308,-0.074195981953916,4.209833773331,1.45799575744872
3.27705034304745,7.35029374382712,-2.28343195369641,-1.33895924664947,3.53849530576167,7.60686182820059,0.430582660346238,-2.2498778342974,5.15939385725785
-4.46423608204105,0.815635509366164,-1.22060317607422,3.94217864914196,4.35899834844886,2.51089155271031,-1.7495324769095,-0.546828804640331,1.76508444733295
-2.64068519998272,-1.0721270459844,-2.23124040659099,0.121456849933788,1.52363797365526,3.69572067726301,-1.86851566445946,1.58765460909691,0.51168886045344
0.013502534004126,-1.9641770121856,5.74872474222036,-3.22732301032381,-4.3832400123083,-4.97547609786839,2.09916621863291,-2.10829643557861,-1.03370149701922
-3.07030418538678,0.192515448044758,-1.5781886664448,3.28305912994005,2.65124568158957,-0.919725840060588,0.270422144669354,-2.59423161735028,0.591070059584615
0.551672686881758,-7.07622992706429,3.70152935726432,1.87245231251283,2.3863646701355,0.785175786216253,1.16021509657632,-0.340522705658423,-1.81385605717851
-0.172516814600047,-1.78842325221043,-0.680638663216944,-1.39461567264905,1.24467824765086,-0.122572930149832,0.344821946892481,0.510775747203601,-0.138349245028133
-3.72771823541825,-2.74273734435877,-1.80450151582176,1.6389151628675,-0.674111295038399,-0.741352979056685,-2.43289732107304,-0.695949308728842,-0.820779937186779
4.03110047458113,5.08928707549553,-2.11531082017295,1.72142605592041,-0.626206823691804,0.748816130605442,0.282727431756615,-2.53719546144722,1.70843680262472
-5.70335409098084,-0.21974806301528,4.37367525896695,2.22633512815714,-1.84781808393133,0.437199897416902,-1.22011410107528,0.993830693441635,0.555755888998335
-6.33122724358973,2.15337865224828,2.65303427626188,1.1101668669984,-0.738309248469382,0.866948707783457,-0.0901048015378587,1.40603971127429,5.11003515294701
-4.21279767895607,1.11600878424898,-0.598757128940941,3.40957656418368,2.06272285135855,0.534282582698892,-1.59256778251443,0.951172295131174,1.38973549728485
-2.44493717624939,-2.07355658675829,-0.173709707922253,4.24391815016499,1.23977327868567,-1.10281444021827,-0.352372844353303,0.320100571564293,-1.03763679742046
-4.25727698943028,2.04909493455801,0.46476287927762,-0.324138539106856,0.463941644942799,-0.804402372311196,0.0844875011572739,1.26718638183849,1.32812375541541
-5.10480913919988,0.421332207248562,-0.0936607935039135,-0.81524500644256,5.20722352131593,-2.21879797910765,-0.188139445363991,-0.354117535559953,2.1711252437583
-4.22095232385417,-0.770214667694219,0.121577530659403,-2.55021137887002,-0.61252817321502,4.40674655955654,-0.208639754060665,3.23805135629232,1.3967467656159
-3.56509173191714,0.752119153638899,-0.285269341261248,0.306285625472345,-0.397616655239455,0.0661177198865201,-1.26665820125175,1.39565509818408,0.15808279096676
-4.1421879201361,2.46815651279738,-0.19721293256515,-0.66913478826321,1.79055707984622,-0.220104493667495,1.3656944833951,0.971303391032439,-3.22355901859948
-1.53404270320169,0.483592960387641,-3.18568327080503,1.00172448337141,0.630538119001724,-2.31557796561298,-0.396585870734218,-1.88418111067887,-1.06973131636616
-1.43394204059405,-0.240776667570196,-0.647095962591215,1.27672646432982,2.19516212523622,-1.36556415440399,0.00516245064410484,0.235755878670028,-0.224538542603115
-1.36229301902093,-0.511701484137029,-2.41466665961447,3.84527541633317,3.61361819603007,-0.278887113864139,0.727137101817087,-1.46517726676033,0.560233693555028
-2.08480857261767,-1.87721375504922,-1.41068882986333,-0.898932464144414,-1.68611408542508,2.24666809098193,-1.43548844127502,1.50238322979203,0.0786691920200128
-4.43594057370054,3.09359148365472,0.868799738481304,1.58684171072892,-3.02783607463031,1.86228581244037,-2.83099394016057,1.69805955715586,-0.0058413780136088
-3.18019454258568,-1.03329379237367,-1.25420950527664,-1.8597415162162,1.39493753421825,-1.6181593162065,0.170430214534868,1.93727517724112,1.50615605134872
-5.70005288697609,2.86523185854858,0.0177971192262974,1.52994472489655,0.803299499449806,0.771686348903882,-0.653092549069205,-0.964145558530473,0.956273513058872
1.87327615348536,-6.70895905315514,0.614446757062636,-0.0302745627336141,-1.52249447099899,0.58078826707244,-0.228586773808473,2.94821699499883,-2.5285598072618
7.16248620878321,-4.63933619551427,0.164878085815173,0.140210866178931,-1.20368070383649,-1.2228346605312,2.91675769978407,-2.09198484621457,-2.04858233330518
0.282735932739142,-1.24679375145293,1.38950531598494,-1.60516693523667,2.12892887189961,1.39132310882681,-0.780410614295419,-1.5463319511642,-3.66010055934348
-3.34394324984107,3.71635528248377,5.95622815453976,-4.02563625757766,1.35456035658316,-1.20198384306585,2.01487305545555,-2.1570723214645,-2.74199870869997
0.311023059913594,-6.63545146537185,1.71214961727226,0.00532903625874084,0.792594332149254,1.23034941681696,-0.782794629956778,-3.24429682630971,-5.56968087879115
-2.58562823165028,3.60172441768473,5.80550696810168,-3.08206372158986,0.497229354787693,-1.31017360009428,1.14944347346817,-0.109808281276365,0.536293308106737
4.34464565434179,0.702553954556295,1.14831605034512,-3.80565528269819,4.17145581455593,-6.33948139244056,-3.84995880143476,-3.64138373983518,2.8094823297101
-4.17665227519481,3.14576249569413,-0.722920131153502,-0.351243007141132,-0.187000350984885,1.46261245473408,1.8698141715,-2.23221845014761,-2.6212194135787
1.07798568801497,3.42829814205525,0.0455786942102385,-6.51525060445196,5.67116431263229,2.88775732225617,1.52989238805307,-3.04862707634358,3.02436641865559
-3.72676291222067,0.120496301450048,1.2435059731067,0.426212993259415,0.524816781159328,-0.271716457033372,-1.25779817894989,1.0740525719302,0.627390852560339
0.76397537163615,0.344272883175695,3.58587276495964,-3.38558823063388,-1.04052126646793,-0.215024444017149,-1.27295867469567,-0.81863881628167,1.53619731236058
-1.86834434288499,0.518631736254344,-0.00973748721256554,-2.39925862570444,-0.15643617645534,1.71759674482046,0.615318798585243,1.87333207601049,0.511904706585266
-6.29146391519373,2.9896096006837,5.01301057546461,-0.674600693151166,-2.63856651006778,-0.570503489261191,2.86491956237859,-5.48436620413543,4.37433679744379
-2.34216957655302,-6.59620051996434,-0.059074058594975,0.598054116701849,-1.970718993591,-1.64529625484995,0.699388437341708,0.301546141350278,-1.6045195892724
-3.82087519704129,-3.77437456036266,1.85860142023769,0.955057248828657,1.13527389442436,-2.78759188954812,1.55254909743253,2.04846312836788,-3.97406168035345
6.48377173499831,-2.74719513991223,2.23074365518673,-1.89884097653737,6.02589459053362,-3.44721556726764,1.28501694318552,-1.1744715230685,0.654639268280055
1.76260270882992,3.67341553600603,-3.29437694953738,-0.83493848088625,-2.79975247746424,0.304242258594533,-0.341978002028317,-2.46643447275279,2.48300048362535
-1.8657759145418,-1.32173776129739,5.59630009968529,5.78178857312473,3.70443313832383,-5.0543265820524,-2.09521635655854,-1.43176920295134,0.981213535516573
4.94948597340858,4.97926534918059,-1.92526943442878,2.49167382683176,-1.99653895197779,-4.1603169026402,-1.49150414389744,-2.05681061658472,-3.7018432365128
-0.139311549711656,0.359284851514046,-1.4869094511767,-1.37682020341859,0.0734807992561889,0.395499795593381,0.722780929968883,-2.72157138064317,-1.29773389530518
16.5370703070966,4.13895943337859,2.2151604697178,1.54604022829332,3.82502992212429,-0.924380437642432,1.15402346781735,3.65284492677344,2.01849036296369
6.36992439781833,1.92086686729164,-3.15561105894686,3.70065969609405,-2.25709470864774,3.30583377947684,1.63752018245458,-3.89027055720428,0.169475883437567
2.90751139357997,1.79089559053178,-0.463457427958541,-5.12117743627238,-1.01310503941162,-2.49182064003155,0.530636801119445,-1.43502334685652,-1.49410597160757
-1.66276154921767,1.28274285158347,0.0951189378987382,-2.87929179483752,-2.67676253355993,-1.03440397435505,2.50820942576719,-0.815108150809213,3.56846006274516
-1.56556061834893,-0.240911724261382,-3.77971949645062,-1.94436441132193,2.89045541317541,-1.46215558371929,0.801560641018569,1.24345221031331,1.63575293687072
-1.35967920523632,-0.242639630897112,-1.78951913954883,4.11281547661204,2.82117109397511,-1.77459855466538,3.98059863586628,-0.891061473983437,0.940753111975284
4.22879582808578,3.69034741925332,-4.37115474911049,-1.76980349807158,-0.434690112066841,0.0944071608374597,4.01917750929461,2.59835060202307,1.360189035023
9.32925508718893,1.54010636412427,-3.41231389781437,-1.13427615584868,1.5511339520413,0.59076492244729,5.64521150380172,-4.24823796321164,2.08658364544229
2.0735507346088,-1.7589172053346,-1.56729276407293,4.12208141894798,1.75415498377859,-2.9923402924644,5.12335509449122,-0.0947023399240328,0.417035822314346
2.37823063106575,2.73861229063829,-4.9390151383041,-2.53801209067275,-2.01308253667689,0.0422332961053789,0.456246232798548,-2.56338345603022,1.65242810373556
-1.81766842551954,-1.7021881728336,-2.43045084771058,-0.646291056984498,0.137429421141389,-1.9368258156889,0.724592073684763,0.757357939321748,1.61478604986581
3.83753801619411,2.36819503262729,-3.42410850504268,-5.23035183654557,1.69641062865247,-2.07603966313069,-1.65463600982228,-1.85482628883959,-1.44689680108295
-2.74038113180368,-0.638324969698393,1.78101187874733,-1.28262529325313,2.51011381983019,-2.00056817112306,3.17044240372916,-1.13349376936567,-2.03487199571421
-2.43030769366883,-1.32195058654474,-4.99702159447542,-0.859065150883503,1.37666893918235,-1.20118386042574,-0.295777969045479,1.13400947523917,1.08704624377149
-0.708251188886185,-0.878725460421691,-1.94685303766624,0.552662056342057,-0.954252205705778,0.115091788016541,-0.258905347389864,0.497401074690357,-1.16610506908409
1.28258835724206,-7.14857342959908,1.87525174035697,-0.845942329793018,-2.24509164783765,-1.69121691409954,4.16953737657865,1.78953850671355,-0.818456729285536
-0.101342939391928,6.29792943696939,-0.11936180311327,-0.100729472155798,-1.56848802176005,1.36931000900587,-2.45807737711098,1.04066205249492,0.721108889173377
-2.43853426158925,-2.92193015420393,1.82340358348098,-3.83924323537089,1.26548309223941,1.07403181256761,-1.5192051516862,2.2212417013609,3.81504149001467
-2.88544165306082,-0.285584892362333,-3.91277307383336,0.128217711474192,1.51912990807076,-0.203726223071648,0.494830806643918,-0.076043420853436,-0.120717670371713
-2.41696127476572,-0.330955351464784,-3.50046953905509,1.58047526331519,1.6866812705925,-1.42009637349896,-0.707823863509261,3.55333699678419,0.336312298866617
6.08948816308845,4.25155583456137,-3.43935014754906,1.76003665257043,2.28794518223312,-1.16010841249926,0.603732748630984,-1.66900838248026,1.9273217575103
3.97856227182452,3.35231770571305,-3.60574597385704,1.22327285485153,-0.336964565049144,-2.30797979253143,1.50080654299711,0.0919064920965494,-1.81324878193686
12.0215312789798,1.92144279544457,1.21566021362506,0.202060382132838,1.33731133097323,-3.2800102702969,-0.282225140729009,-2.68632114164293,-2.50727953361049
-1.30018359602306,-0.115227956751959,-2.84397117535733,0.536085626055133,-0.413586705057321,-1.96674669181669,-0.746480029203314,-0.540148180480512,0.642631953179115
5.26453987755511,-1.57001427855235,-2.90057846472413,-2.84241011526879,-3.19235162538992,6.48125850613797,2.96344388451566,3.98189792350242,2.43227487223332
-4.16840201197077,0.734976258692837,-1.45411168877953,2.85484841197739,0.821366283841909,-0.405379649321751,-0.412353733387964,2.32930922435048,0.207164274298114
-4.13693866274107,0.287617353791647,-2.90296647079381,1.68578530986897,3.15575985520153,0.409120537715473,-0.458703023466075,2.503910015707,0.693730103343612
3.35902137943744,-3.9787151859325,-2.67994631444058,-2.51955402134499,-1.09678628327772,0.980477233415428,4.09474959134455,1.67138079402614,0.234696062849694
12.5937253134243,3.60878580319021,1.52537359875796,1.94922786905517,1.75588572685976,0.420932913041419,0.726720085176582,3.04304135619506,1.12210305848221
-0.107183150710754,-3.44319804572064,-3.76321981766378,-3.82322347588136,-0.797689554935615,-0.111694093560832,-0.650706626858875,3.22712026786009,-1.07038640486233
-0.858274802198652,1.52047186091639,-1.58295612601444,1.09993150709368,2.43463141754638,-1.13113795547756,1.30980338934948,0.444710196702564,0.983133531315468
-0.705697292043302,-3.43893547000196,-1.7242397083378,-4.95230591658381,0.251244409331767,2.52571315621157,1.67338685521887,0.929594915706006,2.13868923211727
0.31091843560484,-2.4579141307326,-3.71882070939436,-0.991329206165437,-2.43600598081917,-0.214638621299269,0.461901140325426,1.51692949705954,0.62152648799237
0.342390596044018,-3.47308484449185,-1.06351568160441,0.04382241415125,-1.34331492962346,3.02624193933402,2.56271514868508,0.400283056190944,0.549284306490619
-3.08527292197605,-0.803444652451573,1.60728583080063,-1.57840926885866,-0.132826003181475,4.0426508482719,-0.0278387570217705,4.5489051975606,2.18190226243752
-2.33075851356591,-0.696648163614014,-1.07139858847253,1.13307295378824,-0.482734249304984,1.62656858531487,0.00124460578039513,1.14610641759583,1.94355995270678
0.671664282571016,-0.335711392038442,-2.81237331215312,1.13576639489273,-2.33432220433078,0.184761272700063,1.44343349412687,-1.33431646368129,0.308118600482224
-3.07912662617036,0.699989145724991,4.81725443718155,-1.43375622317173,-0.146661086076549,-0.738423393553428,1.68974534812249,-1.08990213873272,-0.398378855874143
0.697338867629263,-1.32416434103784,-3.52098357047949,1.12004990884153,-4.50750952315469,-2.45752439884842,-0.459130660239709,-1.76516464164208,1.0833666664454
0.347679801514482,-4.34225360213819,-0.567963264566502,-2.37104786605684,-2.37362845914456,2.30442997324708,2.04884214093918,0.555416988408824,3.43724512205673
-0.925739368426732,-1.76630798505611,-2.80863146007598,-0.194777916488014,0.00544068069736667,-1.50536285902665,1.36557969993548,2.77897102730278,0.0876940174852599
3.84790638862628,2.05749660931398,-3.90356022339706,-4.2110667855006,0.825557651918461,0.336590558281718,0.253055163582876,-0.28861469428545,-0.295061405211187
1.78658959276001,-3.95146935743103,-2.85667926430281,-1.58165573459114,-0.711691918365976,0.742141028991709,0.0687212814738398,-1.56550306517103,0.43775689357671
-2.22773653616997,0.293936009901067,-2.50227084545512,-0.0508524269597777,0.579805141816976,0.367651648315979,0.29504162483481,-0.747482039146102,0.930392376423842
-2.81397402888698,1.64133064071359,-2.54696035520836,3.28686139528306,0.0437694707218949,-0.220879532432253,-0.484737129640936,-0.968305928145976,-0.673922257611145
-2.49662733773871,-0.100776443588896,-2.51366082135564,-1.22429972503167,-2.62340528355863,-2.75709830192745,0.342557589140816,3.21468744549557,0.614739054919091
3.2092836587348,3.75641789583108,-2.01355538583288,-2.1096227352541,-0.902314940131245,-0.763879611178977,1.95356580270119,3.84977106908725,-0.746107729909862
-0.215944948339575,-1.0856182975602,-2.34104579203419,-3.0271602113325,-3.61204982058903,-3.15148771051377,0.9775161325937,3.619892281389,1.54059299661958
-0.495534817833933,-0.626582553622227,-2.67430340002526,-2.72829599297108,-2.42123714260306,-1.65973822810689,0.517403999733152,2.40614979160553,0.629877447643002
-2.57795424071875,1.48336589472307,-1.43948114008912,-0.675176011688489,-1.18230315548762,-3.87829556123354,-1.5534773850963,-0.998551878267467,0.62119535695752
-2.19999151215484,-0.722132112043758,0.322432454470653,-0.280586370186678,-0.160485728052401,2.01935820100803,-1.54249766083338,1.92949438337378,-1.87726650433447
-0.162513661286458,0.242149894246971,-4.33030658053901,1.07282543719248,-0.63506881230352,-1.41357810639944,0.0824709313730369,-4.98141316145311,-0.722520260654332
-2.86311262449623,1.14671632667903,-1.65176536503834,0.146161203556715,-0.465723876456852,-1.55888214015214,1.5527500982171,-1.67569295937291,-0.452363170858379
-0.0393612318157833,-0.00119928247011676,-3.71730097966865,0.659282549823808,0.577603778010336,-0.816782920740895,0.622445045343032,-0.836280439453391,1.07539991721127
-4.0145078043269,2.07965329417372,-1.7359120481102,0.310942805758239,1.11560107162485,-0.174720103488804,0.562575632026214,1.79548759838833,-0.371596904273592
-0.481347737877714,-0.276314869263945,-1.86431018683395,0.29373249837684,-1.91912854177463,1.38883856542946,0.929832880036019,-1.63886642007979,1.73858404434394
-2.25683904643801,-0.215506290537869,-2.16212160560111,-1.45228691900239,-1.6254067674644,-1.59551119382208,-0.382740884389962,0.628787625356577,2.19566540522832
-5.08756101302995,2.96781674351272,-1.22045882327823,-1.19459089900164,-0.812220435066569,-2.12354313374757,-1.23192911222773,3.10808296723383,0.996589145045201
6.91712462042032,-1.08548531468297,-3.99370136349016,-2.840884054682,-1.80617523619413,0.658656157962258,3.7981905472358,1.16622537663539,1.01274666752468
-4.0176029699156,1.38870926734538,0.651502940725087,2.38435635997189,-0.430207744567979,-1.10003465684794,-0.0467976898002856,-0.520026375851084,0.711574482752586
-1.26664744116661,-2.24125158341176,-3.32667182832665,-1.03925045893286,0.595271683560894,0.624861815829404,0.336820891892806,-0.134834526771177,1.56122010523675
-2.27065418374521,0.14825101535916,-1.82628115091641,-1.57132430753641,0.948300724800814,0.310830800766834,0.463386492803614,-2.63748862383055,0.948441031453244
1.64408877667069,0.600652744844566,-3.06209392495079,0.508171653909893,3.53256466004636,-1.39532167521068,-3.84415074995523,-1.00336983968776,-1.38352158665027
-2.1504304759848,-1.47706078388994,2.4887598366834,-2.09183727457711,-2.44968054303499,2.17143051503006,1.13951657076569,0.698626522987704,-1.01907200080238
-1.07956715055609,-1.89944863003627,-0.288641063119824,-0.0927337254995511,-5.99234281371741,-10.0722190831577,3.52549248225157,2.59187234683675,1.19530714483292
1.10168370540183,-0.456912790477671,-3.5929259597325,-1.20590469092656,0.62163029529358,-0.941835293455629,2.16885014205605,-1.05626516535911,-1.45260342111385
-1.11443527043464,1.22780465059007,-0.421115308534987,-1.67596329188484,-2.79413031790425,0.0642283033345647,1.82363676652045,-2.61249165902685,0.704979494529029
-3.59794994530876,1.65143120915287,-2.88103667430814,-1.04182946580948,-3.64213562256043,0.00473477519810418,0.626167058872608,2.69552171141499,-0.250713747998252
-5.5272096447944,2.43839642951627,-0.197199680558499,-0.737917403791815,-2.10308878173304,-1.11258633737417,1.38641802675739,-0.231931091466862,1.44477674741839
2.51961361579668,3.2862831479123,-1.08646491997383,-2.52777691308517,-2.03241236173535,0.228713155355177,3.68379133957789,2.73659541160378,0.481207397414229
1.81329447520478,-2.06272866327314,-0.379306472866943,-1.15911400741045,-0.455139779602974,3.85806877404392,3.12509804505156,2.13231399276724,0.232628203827262
-0.633818398269154,-2.00516086023544,-3.34815435982158,-0.308845859493162,-2.41818866680608,0.737736118153797,0.792926653134413,1.01105587320056,0.507314316895021
-4.46676004269498,1.06870558747832,-2.3047712305487,1.80348583459013,-0.956267528031883,-0.194341794775253,0.579430591286851,-0.524275991045103,1.29540699816862
-2.58366712412651,0.161040886232485,-1.9201238941051,0.310982429811592,1.64753779785946,-3.71957866186055,-1.44049136368802,2.41814308018025,-0.210081288753087
-1.31590503165916,1.21156233578452,-3.98569479547309,-0.0707450571640939,0.783057217904262,-0.873312600471949,0.731733368441908,0.937089942476054,-1.67778865289291
0.332123809582794,-2.48107310570024,-2.02274895023682,-1.1551320757587,-2.34961255332806,-0.568113852879666,2.43528022677956,4.35057478428959,2.00050277226734
5.1536699866007,-4.29575266905131,-0.252981667197621,-1.59722893951505,-0.080299909232611,0.78257194468473,-2.63509710533789,0.0217803308285185,4.55332946330746
-2.064600887878,0.975444279744864,-2.12732341008957,0.85623913792706,0.354103820491409,-1.76032805832909,-1.11411450901585,3.71225556530891,-2.17918791451611
-2.31868653801034,0.143884218692734,1.62420280961813,0.0364782137364399,-0.229499459969498,1.75843106354571,0.652886910166868,1.82036740488156,0.197952482547853
0.796678485474089,-2.19706446885539,-1.36626034462772,0.433669137191924,-3.80471527872509,1.1512628890248,2.57184266173896,0.64444550465168,1.6142497471013
-1.47455244029277,1.77948523402712,-2.50536551253899,-0.323038378933609,-2.74402954898409,-1.08755052690231,-1.00043211514202,-0.976464670523927,0.476772931574512
-1.08695479790852,-0.823925602981857,-0.605557639235051,-1.68503489061838,-2.75370811509798,1.62744166903551,1.78540399405605,-2.92352305763038,2.01599158231941
-2.52741475313618,0.77031960016388,-3.74948979911741,-0.972904706932213,1.57579176991228,-1.75153592410141,0.240779331500762,1.81943923086675,0.292771166813839
5.33077779467554,-3.34037071858762,-2.58069334251127,-0.649867006956685,1.67608567857343,0.0662570609746137,3.02854398487952,1.71694009228669,1.57588139513338
-1.49779441388398,-1.36897900618901,-2.88466418685272,-0.547315518980565,-0.958878505807138,0.449759807444931,-1.42433977167659,5.81518196135353,0.432901928757089
-0.824194637621514,-0.542590433866289,-3.74243330550823,1.74158315943649,-1.19840368867006,0.406124793367099,-2.29105334030466,3.57183278625036,-0.279226731216784
-0.924954183348401,-1.37362848230822,-1.95792592870552,-0.648374601811229,0.142314512297936,-0.749296941164417,0.879584182860684,2.73993071503984,0.430483949136619
1.19005415706752,0.695899438221057,-4.184391380533,1.31091756707038,-0.137964448430368,1.47083561326493,0.225684149049479,0.83406735231105,0.629209435303207
-2.37317855105327,-0.547900820289286,-0.277438653464405,-2.25623690467377,-4.42650664657596,-1.26974736744041,0.391835438841026,0.809911333106912,2.93791470816722
1.72683668038009,-2.20410858505252,-3.28239173640293,0.432166570059214,-1.60195118963144,1.05149182053,2.8337875122616,-2.42473196540835,0.533261697362501
2.19605268010592,-1.90420513059163,-3.64418913477745,0.275335813418378,-1.66954407608347,0.174486775047094,0.751217340653,-2.74751877167744,-2.46232274609944
-1.15002854854601,-1.22132354822808,-3.29650940646833,-0.0522407446168739,-1.55039963401276,-1.51869064810744,0.267429583291399,-0.345013665556316,-0.495811617697238
-3.343890321857,-0.138769000184389,-2.38670677990062,-2.01831795045247,-0.277818829602324,-2.86691795671912,1.8690954359075,4.43229534490065,0.506380291305974
-2.96101842943696,-0.120415566212722,-4.6017815630452,-1.11195433827438,1.64823904751931,-1.86518377028532,-0.360882626986873,-0.633203540531359,-0.657624175942223
0.487324063824459,-1.84245706011374,-6.08346434531783,-1.57172782828095,-3.03565556737173,-0.371849387201681,1.2971441724529,1.91651539751353,0.564097311044324
-0.674673538353297,-0.0477913936690336,-2.62442095659819,-1.50873202521307,-5.753825619426,-1.83649462200977,0.0723397372745391,2.39074513977966,1.70916758436101
0.103354354250435,0.118308979299767,0.705897453834755,2.44028213138508,-1.91642436066962,3.93647944785041,1.47120289889789,-0.282309865659357,1.28432057696928
1.47987257739801,-8.17568814277566,-2.77508147248916,-2.8579944789675,-2.49556606877012,-3.063168663601,2.68139337788174,1.40169907649259,-2.11317216329561
-0.988263998074231,1.72075099582559,-2.35925009941793,-2.67632004955175,-1.29208447583511,-1.1129828829245,-0.639948742712848,0.15699380699185,-1.42503305814814
-4.04840428567654,2.08289569548968,0.233781639223906,1.48579288719087,-0.128993526765331,1.24040382553335,-0.804717191489254,4.90270145257382,-1.36733746491562
-1.02523243832476,-1.17048820201428,-4.50179823889239,-1.32346194348413,0.388195956372319,-0.298702406119485,-0.719997066617271,-3.41320993596896,-0.945798650910639
-2.90579156786058,1.27770769934303,-1.40978547191096,0.160250890412987,-1.49843548990963,-0.752353738105626,-1.15114565600603,-0.350935056304749,0.0572636029056202
-1.70820897892481,-5.93199547716912,0.310829007432907,0.935221124166286,-0.152017502799204,-2.90199962010583,-0.0603488710094899,0.892088291813812,-1.31977730982745
-1.05554056653866,-1.46021997917459,-2.77422003900722,-2.40340145875607,-2.73629037437149,-2.60799174885418,0.976491963491372,4.05489171628741,1.27289803034519
1.75958826189646,2.97442868824288,-2.77346506591805,-2.51654743711318,0.515342237258929,0.151726754563036,-0.888832241078806,4.07423520155372,0.227855719586751
0.125874836183194,-1.29755667979914,-3.35030081241705,-1.44078625344907,-2.33209148025283,0.650821888236011,1.41360772609182,-1.23300600220569,0.0429822438973026
1.2973376738808,-3.09594281421946,-0.831478296383172,1.57149078980143,-1.00629787120872,-0.623165985467715,3.5409665296519,-2.75000824625878,2.5091240694516
4.24726795411342,3.2871602355874,-0.488698278776571,-2.95376233780625,-3.74610105235303,-6.01820165067592,-5.2246444269353,-0.994080741122075,1.38150800809679
8.24965877782352,2.29916805504182,-3.67250337284481,-1.91147385144774,-2.1352678689731,4.51363298270423,5.24315742901316,-1.83446950470223,2.87376595688978
2.52935322084909,-1.70148339127268,-1.58328835987335,2.61956279029906,-0.0102959919588397,0.245446619262853,5.19803047234577,0.243734398180301,3.53631073005135
-0.508388139615521,-0.0623256251795444,-1.31518735684935,-3.16297354169201,0.628537003611613,2.1442224157675,1.10443847813542,-1.18147010357915,-2.78893230180529
4.41306752748712,-2.99770935433958,-0.159253623720039,5.47994451446874,-0.0821507195119957,5.63567495701432,5.00122702639321,2.57255761651634,3.22694053038532
-2.30638260081271,-0.48183394515386,1.28709033374356,3.41512010274808,0.931758861138058,-4.54574606377597,-0.928647707297117,-0.908724646642046,3.23707681397799
-2.38950659409988,0.883241653146238,-1.67316696309519,2.90927680148792,0.897890144947749,-0.227013936703806,-0.463826144449402,2.73178120010138,-1.88551865345328
-0.790463062338237,-1.51207968042886,-2.43252370469489,1.36986089315989,1.70346020817909,2.06752389241997,-1.19298583613465,0.717382259995031,0.839438423360556
-2.56526516958684,0.90952981434128,-3.044512056768,2.97007698958093,0.941891997147392,-2.17262706985845,-1.17139650695432,1.65103673056489,0.172163318523582
-3.42390200018223,3.71115951370178,-0.187029410932815,2.80009692404056,-2.36196298741893,-1.81661477961121,1.09709166243324,-0.57735379720012,1.06943230229781
10.1234462957378,8.70045378787536,0.0301200708951881,0.458079678943782,-1.1525962382122,3.23855975632299,-0.680338683454678,-1.75401218623181,4.48750305536409
0.387696503405803,-4.31288064886996,-3.02963784967419,-6.29917960963778,-1.59266645047336,-2.51857447542159,1.98367006958832,-1.43186002152256,3.56811283794907
-1.96754227106014,-0.185898370848582,-2.0428033908461,-1.45712378661295,-1.38201573256066,-2.25304930785899,1.1999353828458,-1.45495307643378,0.412175459776558
5.22710478794862,-4.91568345064566,-1.00070621921998,-2.71751651396274,-3.88868109085369,1.68575869626273,-0.683628615057012,-1.48303506296664,-3.65443231239118
-1.76012168148727,1.72067937643126,-1.74783581425661,-0.355540151857127,0.520968174553022,-2.809206213718,0.252132027207183,5.63048158831113,1.0782195811066
0.28695357055428,-4.73030325106005,-0.197709839226274,-0.959090394159257,-8.67317356781735,-1.83448924499044,4.25570631901994,0.356902346390211,-0.541947215960815
2.96914584932687,-2.6156485481912,2.03397111606039,-1.73299967657957,1.28548096796235,-1.24171785395753,-0.552029110457771,-1.31221803531962,-0.694453928221719
-0.92936200082758,-0.660496959772093,-2.14272071124602,-0.0960465266366368,-2.94984752233464,0.533962835733025,2.09877911811918,-2.91357589101,1.72930517680971
-1.02656531015184,-0.762270368757497,-2.91131029934269,-2.77580170862988,-0.575614366267865,-0.794570451412327,1.3987837230727,-2.69874241141765,0.28226246876806
-0.00657711174302148,-4.36498492667245,-0.251305356803927,-2.46220362218965,-1.97416852773225,1.96559563878212,1.06566330940077,-0.81979999406217,1.035482677663
4.53840162198779,-0.130878781989131,-4.44430319383782,-3.25401113612447,-6.62019537329521,-3.59033161095779,2.77603305636466,2.15554511221487,0.779416020904007
1.29413581760051,-2.74328878555562,-1.95065517858456,-2.91024469898446,-1.79234724452943,-1.37933986685059,2.51011598304063,4.11766255411574,2.33561621157857
1.33689195002997,-0.971330274371942,-2.43722881448841,1.2696761855701,-3.20218279842202,1.92573855114438,0.561345724080614,-2.5229608524096,-1.46315204851948
-3.6199812736835,-0.177921330208897,-0.372589839486924,0.21490822078936,-0.535307368985739,-0.41703066151553,1.10664111487268,1.78942308025826,3.07013296459833
-0.551959767074078,-3.89062493894062,-0.522545908851048,-1.58044764531974,-0.996157975271935,1.38391350799928,2.72853172968977,1.27282272033095,4.23480458989285
-3.36396430762004,-0.354523870603101,-2.34236659744625,0.84093629710891,-0.419797623488816,-2.22569109829406,1.21590010341226,-1.02247254460996,1.43034471553325
-3.29239841002786,0.211435269059803,-3.02377050781009,1.49446416557465,1.59073688667506,1.10474993085822,-1.82500771074858,2.05387496161544,0.00302475961794104
1.07789637615148,-4.40023762797938,-2.04432851761491,-4.29977948438905,-3.79974426828586,3.34627572337892,0.0399946117664408,0.000357492018863301,-0.504247387136347
1.13950261257606,-1.62323765323471,-1.99415170285083,-3.54029310917719,-0.254636943142306,0.210873559828731,-1.17644630281497,-2.71974066293252,1.49492605135193
0.357669033749399,-1.80389271902106,-3.24059331707359,-2.61061254911363,-1.54790449945621,1.5766651073356,2.11058984371738,2.86239411775868,-0.617498633045802
2.56866504756906,4.68763434132708,-3.79916534921941,-3.50175643564712,0.084595149362926,-1.90882067317398,-3.50758092599881,-1.76617275658252,-2.41296269725285
2.12207958886616,3.7597737882607,-5.11914617387283,-2.0494610144394,-1.05162658246825,-0.374370614567062,0.943030667632785,1.20343640927807,-1.23408291063282
-2.21726833493626,1.91165511928504,-3.5360244181063,0.235600397021581,-1.88078656639405,-2.06190948189593,-0.780390086419252,-0.421246701962971,-0.574976881395106
-0.131297809497745,-2.36124933001851,-2.77774529531418,-3.03998367822365,0.647019600029723,0.507540537569358,1.70467739058576,-0.497862557540796,3.28435969926127
1.52439091863314,-3.04041458755164,-0.652591557759536,-5.11358744682844,-5.30949181553484,1.11696309652462,3.58498371854134,-2.04453309116191,-0.787099309489376
0.948675026571316,-2.23828591237076,-2.01668226357379,0.0731686875951884,-1.63931109453682,1.39792877608944,1.88982694519227,-0.798786333378631,0.327607706382033
-0.964723237087515,-0.0662543659712103,-1.4898279612694,-2.80832932051013,-2.2967181461387,2.47455954801647,0.634306828690651,-2.32570004248886,-0.936253425799362
-0.431211650040829,1.14082714793767,-2.78282583460501,-0.336533628382793,-1.99013662665258,-0.686381545841926,-0.646712494821906,-0.921312548637361,1.23081730206056
-0.784571030845772,-3.2430846121169,3.19100792485276,-2.59701048578675,-3.66452769511896,0.832710713116673,-0.51582756072084,3.80816163025784,-0.809958840571823
-1.65179382936035,1.86407418743497,2.451533630379,0.954692107353026,-1.67078071928804,-1.39933077112271,0.550588237337334,-2.98161183623136,-1.61538510146404
-5.98351473172998,4.07616334788517,6.73068017815583,-2.16910373635003,-0.471764049301647,1.35646565885966,3.98343008430003,-3.13091030403454,1.27617633134733
-1.02125262024625,-0.0508135967539598,3.65167231893452,-0.0382622103634696,-3.32733767876905,0.951044805851449,-0.90817852263926,0.0875237683377757,-1.65777672308376
0.0684206251885995,0.220631354851598,3.64586411349473,-1.68997178788584,0.0637242868066578,2.37615247124221,-1.19811597106197,-1.32034440708937,3.0329842315051
-3.24201553942516,1.14492695249725,4.94986005126221,-1.31916189287026,-3.27484395837123,3.15518732163101,-2.33500056808913,2.03240643805938,-1.20008072233561
-3.11564961811343,3.31205995219384,0.925313184343666,1.44468723069212,0.241336969885065,-2.10803197503254,0.296938176715684,2.16196333947443,1.02347282998082
0.0606941431986157,1.23940882944382,-1.22194221112108,2.37418241677872,-2.0343649548639,0.706362319681462,-0.544697062207734,-1.1473622238353,-0.881223873057896
-0.85818894233753,0.878021613601611,1.14202851561212,-4.58966439313957,-0.172073339646403,-1.66350889285394,-0.778727155395331,0.818348499347635,-1.11202148577369
0.961905436841665,-2.50754517758397,3.07522414069901,4.15416411521507,-1.94804994193394,-1.85644411860977,4.56820062638248,-1.38487804695585,-5.57770652061906
-2.90262253490599,3.22837873273879,-1.86245729600482,1.16204434077482,4.70396384535121,1.01035239380097,-1.87860198213265,-1.41116174908799,-3.76651597107258
-2.40531707030327,-2.53148290863853,5.10812645030132,0.465700802617863,-1.22001522839885,-0.510197318843612,1.33339592112804,0.261422192004578,-2.89268483872003
12.2023603685175,4.32920472404596,1.80500483714918,1.44037840638676,1.25746633198012,-0.176352245650127,2.32621289172044,3.11618266465247,1.41248815481063
-0.189814363484054,-5.40302434721432,-2.2223809881559,-3.25062625044224,-3.73298322862235,-0.564510827632246,2.17260065817698,3.25382715259874,1.97686093549241
-0.353135059317818,-0.26858468982152,-0.802585415638681,-1.66185789124864,-0.1875822026518,3.01778472578557,-0.483167135910306,-2.66576556969989,-1.5948303351538
-0.837698140310488,-1.4506676237412,2.50298311028031,-2.51900103737524,-0.80673538142426,-2.80907904604424,2.10063458999675,1.52368390851012,0.847883064163619
-0.688100012014202,-0.240208613645836,-0.86311435930784,-0.00245234018318428,0.50956143201774,-1.67403851437393,0.959051344807169,-0.309225554617941,-2.34694376838406
-2.85300008308089,0.04506159168219,1.66047694209474,-2.3798946952012,-0.611984618694252,-3.41267952960953,0.229434502157394,3.66839275470357,-2.4166808142727
-1.1883419877995,1.32470737728902,0.198176427533322,-3.27285216758992,2.95693690383116,1.02007696140247,-0.152376156018796,-0.375841854869494,-1.99428079264008
-2.80977162655335,2.11028743771566,2.50957836588148,1.82883174525481,-1.54736031201719,0.103717367957191,0.0254669835927574,-2.97083006727169,2.60397597882961
-0.121931393046348,0.620543422800875,1.9807314611167,1.63692481473836,0.781360624586652,1.25752572020204,-2.98493276629518,-0.152419015832197,-2.43055511784044
-4.1016684598183,4.82908223386456,2.73633876085889,0.797630764865259,-1.40026162389092,-2.17675705133564,0.987220291727425,6.60790680266867,1.78352634459092
-0.526400256619517,2.76566741847508,2.40451079085955,0.300826237712086,-1.32417642216752,0.32815938869972,1.17531212314775,-1.37770991858111,2.0885351851398
-3.52589546370131,-6.48618850573207,6.91279618479107,-1.504851815392,3.38999893286555,-1.71317758397073,1.56227359547119,-0.798334394796586,-2.06465867176892
3.18639849140543,0.866802421245004,0.772629387441802,-0.425273623170293,-3.34624588197072,-2.01881256370411,-0.09961241549273,-0.678022839914152,-1.38143033723524
1.68989656606945,-2.29677374328401,3.32029435622288,4.22914627569211,-1.95919705079702,-4.57714159436371,-3.9632231650625,-0.0214291818081048,1.34994057056833
-2.89750559510778,1.36174101889716,0.0959683175305922,0.638369908388335,0.51285179867571,-0.605740842710325,1.05747419632304,-1.10889988829623,-1.50173169830367
-3.03883096527468,2.02427252302368,5.56224934730291,-4.46228429180072,-0.242988496226495,-1.53898919130889,-0.204968140118742,0.365950137505915,-1.37359424726159
-2.87793537202265,3.14287386663802,2.7841578213821,-1.55566846586667,-0.756412792761329,1.4828805971145,0.17764553253912,-0.790770296918529,-1.75220702621859
-1.09188503071965,2.23531643100864,4.21980045074228,-0.259792625047463,-2.17270397145987,0.547306637279125,1.90673696370296,2.28068953821397,-1.64664427533784
-3.39903571194756,3.16107885956464,6.25341332459708,-3.36953803619272,0.351206540195523,-2.07846496827517,-0.3391599667543,-0.422800649242683,-1.60389708987168
-3.02709071232963,1.56829361552136,4.16142197361457,-4.03937671945673,1.27131598822223,-5.09089298009118,4.19304777639416,0.241373115370615,3.96986015463663
-1.02440910865873,-0.50400776655892,4.82092518286155,-1.72674124624045,-1.4499731238728,2.53774643399892,3.75559760163541,-0.403981513044114,-2.79516683560678
-2.98313863999966,0.764421445855722,0.134852009009129,-2.25804896697468,-3.22456329916685,0.316568105762102,-0.190532793291928,-1.74137087168117,0.155942948997103
-2.3684922333851,3.26969636938719,7.02289257866918,-2.62351052243578,-0.540774781005502,2.10930808971589,1.01347424153491,0.0205549732699143,-1.68770045871575
1.92075912443818,0.4633519272423,9.02643442358834,-1.9953867658243,-0.598136042409321,-1.29297793163401,-1.68873096452672,-2.78908182411952,1.70359044910623
0.814649056729201,-0.322674949633507,9.20495782139389,-0.358621334872848,-1.37641962591034,0.352687572141723,-5.49947828193241,2.8485289453702,4.43778694153882
-3.39740277374296,3.66120927963235,2.88640434495681,-0.778949374894186,1.02897400210776,-1.49885529990695,3.36153279469441,-1.91560848081458,-3.97279827508523
1.92068301814306,2.07666880438085,5.18280364494011,-2.65787498524954,-0.146888586637136,-0.577341476437155,-3.66496550466604,-0.464640992315983,3.23480522025042
-1.34760863698354,0.202356844599116,-0.448606811402091,-1.12416445979163,-1.86078389207403,-1.92243099112739,-1.43660816059219,2.34125810824405,-1.34219720081616
-3.532759103284,1.60398820926381,3.64363443124106,-1.42108294104252,0.305023693507393,-1.82660559516804,0.726484342901969,-0.445680053740468,0.153556467278798
-0.664157351805194,1.02179498739827,0.168591999040251,4.20588076596633,0.693707253909534,3.07535644676646,0.264996279516504,-3.21719724889678,-1.09094584744383
1.67646805452995,5.26818772928536,-0.620829764095136,-0.182784659503529,-0.849273047468518,3.50230765251004,1.36950099150275,-0.495226048912136,1.73031624799339
-3.44447022923794,3.20910902195862,1.97115021900091,4.2296120645737,-2.06438475297801,2.55546376389234,-0.0769131066821122,1.71161020441295,2.20793511772878
-3.225039860664,-0.238456425652147,0.374184694148119,2.10002554215087,2.06189482182057,0.803281825778877,1.25671775813657,1.98453488900565,-0.933139832775217
-1.69660367003677,2.23164649964058,-2.36866788910767,2.41642473863788,-1.77200308815609,-1.01393736823921,-1.27278477668561,-3.34183581864287,-1.5867436016178
-1.55281454501346,-5.17139735780047,3.03552976458662,2.04064849783751,-0.597147048411561,-0.985968653206898,-0.94483360158718,-1.37944904773416,-4.49226957244093
2.05394418756847,6.09580646026647,1.3103050288707,-2.02680402902107,0.503132479675772,-1.26756931917967,-1.40675038940788,2.33002401044695,1.64232607615843
0.555089776639036,2.66451620112206,3.00573999601313,6.97554147586417,1.18015020089321,2.35163768280285,1.42626646387192,0.434163601253158,-2.03484359436127
-3.76559585267368,1.62021975878618,-1.21979826416952,8.03035982407713,-0.437303093096047,4.3405652060543,-0.872253020741225,-1.28723651507732,1.59417187850769
4.56783396205372,-4.97744441959682,2.59595909177097,-3.98623670255435,-3.43056718803457,-1.03638109896923,-4.4666150633833,0.535571788680869,-5.34789793802666
-1.50152131016477,-0.00149743094859644,-0.757378688098463,1.33672972991028,-3.4438548770568,2.43982660549857,1.24322241652704,-2.8641204705045,2.7789286755947
-2.77871780584072,2.43157400375243,-1.35885470066714,3.64356840554501,-1.3522205712348,-0.3629458668389,-2.11083153223208,4.18150993262906,0.0562901320096486
3.38286145038216,0.490519600475629,0.25921516193259,4.77512083629836,3.64891181651726,5.10444341905472,5.07104721164342,-0.57175417064151,0.53539292357423
-5.74484799425768,4.69297227862369,0.784046005735727,5.49279242268282,-3.27799155613402,1.8893273833188,-1.45468505370477,0.490466087115494,2.85949873922301
-1.20158414171046,2.07738026665159,-1.95812335668462,4.39196889487266,-0.915922558395851,1.39644672473516,-0.962596133719346,0.672642640746295,-1.37872313717198
1.18905642416061,1.02238510362435,0.886701617888896,4.51101690107187,2.57939426279548,2.43319338310522,0.648429165639622,0.090479439123869,-0.620717434002647
-2.59579386849944,1.90623010179378,1.34029646809611,2.09312098484247,0.327219967583265,3.60581669421636,-1.5614336827393,2.24482205228855,-0.988403226843895
-0.939486546102404,-0.902688422794279,-3.66117061414475,-2.38366372602524,-0.751950140973198,1.23156675291312,-1.4512089905641,-1.79863779132013,1.53133181028568
0.344767801774509,1.29409330998052,-0.221740592007433,3.64373199895151,1.1657614760643,0.879485803449014,-1.77200067221468,-1.73964643192004,-2.10303421018086
-1.26678531314703,-0.102858552323166,-3.30515537412217,1.04482524391584,2.06420209999535,0.916694509356059,0.821401289284933,-2.89801249498019,0.92356036610968
-1.75860990843008,0.226475704548253,-3.53598266534833,-0.468682843560998,3.73351092978602,2.39458697500328,0.0461842601877382,0.306952703468562,1.02731561596133
-2.80178190366005,0.853796849257668,-1.7484314426086,3.60457463932982,2.42944246604464,-2.30488024647438,0.45921000559561,-2.74884656007681,1.54968620982299
-0.982299532739565,0.691720825317372,-2.4813483254793,1.03067205881713,-1.07927954640097,0.644863542554557,-2.47569058404221,-1.25760655330819,-4.19775953924335
-0.624682180217576,-2.88306705955211,-1.41095178411088,1.81395976022882,4.6816592138814,2.25622673563536,0.930183456180944,1.20338597220062,1.78682477951625
-1.5307659004599,1.51888157154596,-0.412401836369371,4.73460621510135,0.439943580949286,0.446174911024128,0.0139499491983454,-0.324158620991926,-3.8088906382237
-2.62507369701977,4.33023613802548,2.25997402057841,1.71209695779336,-2.54828494999202,0.373849421906239,-0.174094459751653,-0.834063888281755,0.00202644399905622
-3.27467819844675,1.41986315538723,-1.29113172016346,-0.522031960341216,1.22282039876434,1.39670852544673,-0.921371796727196,-0.296444048044151,-3.58353683755795
-0.761166690927905,0.453142059624417,-2.56226178914384,4.11306378148288,-0.572990712251027,1.46585597697854,-2.23470932667968,-2.63988531818565,-0.723375010811209
-3.54968186681207,2.86071121890652,-0.419123475588324,3.62187014442259,-1.9037482570346,-0.630418128057417,-2.91667387127434,2.29306352113743,0.0545543632782747
-2.11377242321878,3.64923396251633,2.75805564472088,4.4502798467954,-3.17933384887317,2.03659013913112,-1.51276351522666,-0.545447967592009,-3.09210797182491
-5.65070461579053,2.66754785716687,4.36690491550191,3.22516307038195,-2.69399503233637,3.16638609324326,-1.91253215423491,5.02794895294671,3.71184666203141
-2.69591259334278,0.749398470532428,1.54428250321191,3.84135363191349,-0.638824479449254,4.50768126727238,-1.21375858943374,0.793511631801995,2.05638197653038
-2.11617243666665,0.642332257845103,-2.59034504808369,2.12195462026461,1.06028352604407,-0.0677151452736776,-1.6854133243293,3.26154461397038,-0.281747706270543
-3.69179118453039,3.1555602993203,0.801107085637777,8.109770258187,-1.41231471922453,-0.329062816193876,-0.1418533203807,-1.50929584362915,0.527801488870881
-4.14138933410392,0.548573657974306,1.20435429021915,3.79399564296091,2.43002610799747,0.256228674120571,0.120113647489804,2.3876247968854,0.811261719952941
-5.48273000673498,0.650066905918689,-0.746286358997766,2.23016041955496,5.7458350743578,-1.4969497494919,1.56172975955947,-2.60181146155394,-0.0996475365176027
1.16212088760514,-2.53504745035696,0.531878324179721,2.38395224775227,1.28569717686403,1.47446414031548,-0.0800388417880185,2.18302037909146,-0.0141890563085527
-1.40516179577015,1.9443690876705,-1.16077903761494,3.55607286401398,2.19671445393598,2.45026457340368,-1.11427014987123,-0.145474389962836,-2.7655326992913
-1.92284415591708,2.10356282911449,1.27850804277909,5.02588327983459,-1.82264424358655,2.64386173524334,0.825117600637577,-0.472755011085036,0.90993682879535
-0.517012896638506,1.6667979191342,0.930468169974252,4.77558913721157,-1.1636363824878,2.09143872565368,-0.414867251290102,-2.74577451823027,-0.323290572995071
-2.76476103985292,0.694438970322939,1.4872271433183,0.859905700213298,0.359881193892701,-0.485836992969379,-0.427527048396283,-1.55228564176866,2.10656381752625
-2.37825612772098,1.09733846900944,-2.43018036552121,6.25673862090504,-1.07634634765262,4.27463801556598,-0.259111864623664,-3.21799601802839,2.66334268962659
-3.53277281977677,2.86228496274435,0.537289535676282,0.806395463808872,-3.00184949306321,0.125302036054096,-1.90003401089023,2.82144660049794,1.61879362655234
-0.671974436787561,-0.0828962356341514,-0.935694790072943,3.53475541817276,-0.489317900926423,2.892956252831,-2.27480864058839,1.295646054652,-0.786682333983468
-1.83953181981896,2.58001231919076,3.4347868398444,3.63382920612185,-1.21408304778483,-2.10484717878398,-0.123631043805117,0.195423686277374,-1.29112497167125
-1.32899350472196,0.104190267086376,0.112982485483332,2.99101395854643,2.26590557604104,1.73622076558415,1.12265933770705,-2.72027857262273,-0.902065555818463
-2.67573327468043,-0.174469862254216,-3.39769514556809,2.87319328742924,2.66579549894165,1.39650858593538,0.376057485326253,-1.37318280170399,1.2978192422097
0.00409911652729287,-1.1976644101436,-0.810965558104828,2.22698200121805,-2.16476729270985,4.77253428672952,-1.39501957132875,-0.145215383168037,0.58213520316582
-4.67432720728606,2.16713886368817,3.06069529440051,3.62405338049109,-1.87893611967303,-0.570084692200305,-0.38024541923341,-0.99831487003998,2.70106604479192
-3.35771271811153,2.26901968968492,1.93162546584841,1.90634767996306,-2.25584696538657,4.41856497098704,-0.128342140397659,-0.0992360463026916,1.7259216001
-4.36226219115624,1.49089056728118,1.5005213677084,2.22843547274928,1.41929792724091,2.02702230355679,-0.285771870845214,1.57401296992885,2.21090786061995
-2.71578757730561,2.72577502034404,1.61727520760807,4.68866060549119,-1.26574409732773,0.920208375869005,-0.958703259951826,0.356547402632892,2.62335837273426
-3.02724876097191,3.26091623435384,0.673074659866148,4.48460407277405,0.34152390449887,3.06937421307319,-1.11864697065007,4.28973473253306,1.06425417127855
-2.24230622008811,4.99450273779732,-2.44211632663765,4.89273021250143,-0.153150558848661,0.144957191986693,-2.95525404465875,0.375169464916218,-1.10755110010781
0.520507107856186,2.34880135826789,-1.07685943344647,3.59517481035205,-1.48419589717518,1.85299496396021,0.888425123141895,-0.715490976018203,-0.60444916761588
-1.31802220267177,0.955019197272069,-1.15466159139482,3.07507116807186,-0.967513682828197,0.953230821868176,-0.685303936937981,-1.04356007643903,-3.13788252732747
-1.9393565817619,-0.405293527657456,-2.52502365042182,0.88789078249315,0.955414777575328,3.92784200197664,1.09599945534277,-0.217914201978274,1.10518386648773
-3.02235793422427,3.14421409155298,2.17076535730413,3.99639008914027,-2.83919273143348,-0.353852773128504,-1.24773904269001,2.98951697686549,-0.893558261958581
0.510340609793774,-5.01270576556403,0.811014581092596,0.921467414230823,-3.57980446158498,-2.14891453236732,-0.657868479578972,0.70868348635371,0.102188959637168
7.81561098900275,-1.60423510741332,-0.236565681230961,-1.78198265651708,0.562330269319885,4.49869912739775,-0.650481906811541,4.14424824647544,0.398386552127299
0.909806697847238,-5.19836026014382,-1.85307334793877,-0.363197217165566,-0.649439277733729,-1.57832856991522,-0.947361469848961,0.328351900453083,0.214347139984187
-0.504324916161474,1.080657404036,-5.10991767876634,-0.477618983470578,-0.212670781816259,0.193217196567757,0.484898047217449,-2.55758161277381,-2.30388414511367
3.1586348350629,7.06208235205318,-3.67306479070599,-0.940105907271717,-1.49606812271126,-4.19315266408832,-0.431394954921602,2.09039425402319,-2.62798423065793
3.32477991235404,-2.5316284254725,-0.656461762635556,-2.75223882704133,0.0048547502645262,0.763148396297544,3.26434336026537,-2.29652009051922,1.59617675226445
4.25026673796045,1.35072424082752,-2.12549580221702,-3.58048380924112,-4.1198269328259,-2.40367797559059,4.3612830405406,1.54323844736811,0.432110080249069
2.97398176644914,5.63329387390528,-2.38433703331529,-1.02114949967427,-1.55467520359823,-0.65703119837231,-0.489050280273492,-4.96832717667627,0.512637535305951
-2.16101560802064,-0.568360745304773,0.900763437872108,-1.77742727355997,0.345052303799347,-0.872193601209657,-0.746591476610336,5.59822775850888,-0.785357108529952
-0.258935238706014,4.59594560970037,-1.7772726621138,-3.47745988876955,-3.84451583091015,-0.368471064272106,0.611144930323366,-4.73705277637331,0.672785300565208
0.146378637300475,-1.14894067450852,-4.18879898447927,-5.6532366920722,-2.5539954771244,-0.859542905965686,-0.88527428641474,-1.38398108423489,-1.74248311075958
18.8527119783881,3.30579415616346,5.70932220118639,0.698924700230899,8.05495819923347,-2.45258337520669,2.48783289798192,4.02446909395409,5.09899464439551
1.7091305465603,3.01965414680445,-3.80042038057738,-4.30909583468226,-3.25711831165272,-1.13086881749143,0.688927616864285,-2.19478094165813,2.57076698372865
-0.711605609335911,-1.1746856329992,-2.98908716020823,-4.10194939941729,-2.05081766113913,-1.26765569992505,-0.795849458143046,-0.623054526806555,0.697468696751224
12.8498314998451,4.10307522088546,0.853872667639338,2.19193946379415,1.11497451337554,0.0356571338707572,2.01832389538402,3.67902840816843,1.80682798211887
2.64440661809427,1.9883906597219,-1.95632355756004,-3.41708306272524,-3.75221417392883,-2.40445218087123,-2.32173643879115,-2.63118583615384,-0.519522800346685
-2.75609148540944,1.18457930772014,-3.53840498457538,-0.871373387256896,-1.50080913792453,-1.74041786946868,-1.49780194536447,2.0744087537415,-0.450013099338614
-2.23517683174425,0.291125175165881,-1.48837476553559,-1.31725549862399,-0.312917557748999,-0.495149893884368,-0.831298845636898,3.90541905433658,-1.6212692652123
1.03642834748037,-7.76213978930724,-1.95332184600163,-3.27507011546685,-2.57795652191452,-0.115931089322756,0.911110269887452,1.97288118151238,-2.39090804326889
3.17300978035703,5.03858387927582,-2.09079723254972,-3.93104016904476,1.00200566271658,-3.58794017581644,1.10674128911324,-0.675911122713559,-0.486557254309426
2.96884730680072,6.02467463163156,-3.98083065377106,-2.4462465971707,0.0642126632935067,-1.32108530542364,-0.752394570214236,-0.275280841811199,-0.530109032049723
-1.3663779604966,-2.12951369421041,-1.93608458871725,0.452613038838456,0.211826421075533,0.186166753577598,1.3799285231062,-0.708706645342827,0.731221727030117
-1.07005397193029,0.0643636824861645,-0.860210999028574,-1.33564373622813,0.0712499904290211,-0.955019705306176,1.02986300554869,0.673832660866227,2.99907205273728
1.77509599002301,-2.73872056245374,-4.11194133360518,-1.25332894573404,2.71465028306202,-1.22815643161883,-0.0394845562205629,0.189665804174328,0.717333206483542
3.38079186962235,-2.926255879867,-1.35468091762407,-5.88466173206586,6.0174103674578,0.227606252585913,3.63595183505458,-0.432185651277933,2.72972738435873
11.6661982945856,5.01827926945422,1.42206221520486,2.54885420162133,2.18339624493975,1.22524088775665,4.39744296476689,2.4293731512812,-0.105530293683099
0.424389159820384,-6.30967864971603,-0.0657609509383815,2.01161283371095,-2.74194132266358,-0.160070662190886,0.941592193060122,-2.66138139692774,-1.53816326944491
-2.91387731085747,1.16898345638919,-2.72176942001269,0.952295926306794,-2.07326076947701,-1.21753728440199,-0.509534946486178,1.99318878360886,-0.304417963801408
0.842815806334956,-3.33333689739642,-1.94085495757381,-0.115803201399791,-0.441814537043796,1.18428932198041,1.3331889256386,1.93143176186295,0.933094260810592
-3.36988668968413,-0.00273099253904287,-2.02433250668899,0.0808698384895363,-0.576969102087917,-0.0274255184809905,0.404152232857937,-0.404988978893708,1.65614133443889
1.02278921308495,-7.77527498919486,0.0057380923337062,0.778282283591293,-1.57995313236979,2.61002560992941,1.61741228417697,2.57111123599061,-1.12824660944361
-4.05963293220987,-4.45820986826624,0.567955805832219,1.16261834072469,-0.0920960007092354,-1.92970664364799,-1.39286230257072,1.41747695662503,-3.95367611410306
1.73177401442441,3.08646651785872,-1.38630517707438,-2.47443628815586,-2.71529890727372,2.2889364338028,0.355436461130726,-0.0598499340821154,2.45486170599764
-0.441556577902855,-6.40102281240308,1.83790132231969,-2.64033082808282,-2.85091857677411,1.08249912840319,2.44923841570481,0.813047471691252,1.19809523266469
9.05184970659871,-0.71346794521765,3.61369106601563,1.74172988248979,-6.95073767769597,1.97362341087983,-3.66480842820029,1.22374866055826,5.55372121341188
12.2119849448892,4.78148049401283,1.46256227665977,1.97736975779,1.64814930907589,0.499589379818021,2.85956261039697,2.440250355776,-0.320484509289736
-1.23236297540456,-0.778587353015302,-2.10782962592555,-0.657117020226517,1.53228056861995,-3.5178557513252,-0.52301996727235,1.93877166650337,-0.860041021252396
-0.22451234934199,-1.96944987710829,-1.32671828415652,3.73416540381111,0.793338488836055,-4.10659537846148,1.98726542963332,0.880788248182194,2.30693454603209
-1.15644918028277,-5.00225625199094,-0.890438938120171,-0.154273552263083,-0.406383531613204,1.71192367450487,-3.25762884331271,-0.200747622970602,-2.18032038028574
1.9080065156654,-0.289536147708287,2.59391798475124,5.04813325832546,-1.78295396443073,-0.107597158936293,1.82457212521799,2.28772715271282,-0.0908237389643983
2.23937908907529,4.66981870864161,-4.65295799265145,-1.35768988033554,0.41339384043623,-1.51388211938187,-2.00572232571135,1.84145652321913,1.37175267178683
0.467086063570203,-2.36052817508968,-4.9513494314965,-2.95225021991419,-0.166241492799247,-0.883932629070387,1.54955580213379,1.27801111021505,1.41439466286626
12.4180376420944,4.94324484756387,-0.490496146428668,1.98409656678703,-0.71015192517224,-0.450964452311932,5.73171321946276,3.97277646387644,0.449259023908454
-2.37853533003827,-0.147454086974916,-3.0104922529884,0.163505064332753,1.18584165194022,-1.1035928235862,-0.119897622154138,2.59355356883036,-0.689778003127911
-2.92390837220739,0.472082999954736,-2.81199946109456,-1.04498645189532,-0.420696371439995,-0.503522274775281,0.667712647445887,-1.47077686880039,-0.0631027914998886
2.94318081522408,5.34172301093021,-3.04645591375746,-1.7856892874535,0.790242663267324,-1.76890830492029,-0.941711631418466,1.03280882376839,-1.32109486710301
-0.688127507663505,-2.87382960726175,-3.29462850947107,-2.42767821446673,-0.868761437313234,1.45305358660133,-0.0252033817487469,3.41650378969339,-0.970616153025502
1.58369719051512,-6.87035226012664,-0.786359895242606,-0.761113261216289,-2.54436346811093,-1.67136922302362,0.814914534355283,-0.448630129710529,-1.41188721874245
0.735257301183723,-5.0839539898626,-2.07183429321811,-5.04192481471459,-2.7583667657255,1.39034959406829,0.896744846969052,-0.845452745381861,2.93126349371135
-0.329072187539784,-7.33544672637572,1.80569312461469,-0.870267868817761,0.79228254769249,-0.418857441005828,-0.524554922384131,-0.622569811713377,-4.87639600387436
-3.44186721341308,0.107015765513886,-1.44030634065063,-1.3914290126983,-0.383698527736258,1.15879739349308,1.15303355098923,-0.0801953289685471,2.73215683048004
2.22533626050114,5.45698779341564,-2.77830549237762,-2.01144180277412,-1.12204662069254,-4.32084838074577,0.91754769582753,0.482603406771471,-2.19862491078553
1.28677144778535,5.03500655408998,-1.4853408292747,-3.21520055346457,-0.22845013285801,-0.337947659286719,0.255213454089592,-0.431549204357983,-1.18194673484671
-0.460538386285744,0.483845181925648,-3.1212588391912,1.42484681576909,-2.21524950172418,-0.338683902774846,-1.25064326415826,-1.33370949543899,-1.48403026170239
0.453634911709064,-4.03843103071851,2.82229999985327,-0.403877839951012,-3.64595873810159,-3.17493052208005,2.32692831118878,-0.220718242320729,-0.76034098915992
0.720866565836209,-1.19717770077272,-3.94157155549751,-2.19740249200711,-1.1812162483811,0.684497560989671,-0.950008168663632,0.102165142730673,0.490744127307996
4.38970742556005,2.69824913874569,-1.36421321751731,-1.03395427944884,-1.7154670397964,-1.89220472275115,-0.432379235448746,1.16988654287536,2.03192878047314
-4.55350987349121,2.66590667300214,1.20793858305571,-1.6983424481644,3.05817158786375,0.911482779133182,2.60090773559032,3.58670009809735,-3.78427738050656
1.68752488168589,3.13055865916444,-4.18959620333453,-3.53040007657389,-1.846064385985,0.791810599561746,2.08685744126756,-0.324502615514741,0.615890373703496
-1.27110838509432,-8.58394650738258,2.53015785541267,1.49920197619581,-0.0797489839123096,0.433632025676689,0.518931656740098,2.30924551028694,-3.10191602209988
-2.89056987350134,3.24104930944265,3.35816038874964,-0.0268125117595507,-0.677966216062632,0.117416814917422,1.71716258978472,3.41368176323775,-0.336503477377753
0.833502270418239,-3.25515581293236,2.12003554191334,0.274297000060383,-1.95545798600616,-4.16820665674965,1.1139299681023,-1.47745242312584,-0.85333151373441
-3.81900595297734,2.77838020797313,1.77750436189914,1.610568681279,2.47575500696387,-1.47244365191555,2.76646859300044,-0.668732442792073,0.25643377916116
-1.28830786337633,-0.93034746619425,1.23354839032975,-1.26907412769792,0.72350421752804,0.944264313005557,1.78890020625945,3.20986910922042,0.987031603593976
-0.313135477123479,-0.340661499024964,-2.61220966344061,-0.313055804868756,2.99504328084208,-3.7164002495219,1.44125742053239,3.71455326398142,-1.37180659004964
0.855004963602976,-1.63755952631343,-0.693263420250435,-0.877680518391821,3.196795289148,-4.61487478339799,0.763978978460869,3.02747096452481,-0.437154754841115
0.491536700191719,-0.728750628373805,-1.09722953826694,-2.78042161321283,2.59429405873727,-0.199243936295389,0.440394355262207,0.577904510027505,-3.20160067287449
9.22689046812621,4.49382799971758,0.328003206177489,2.69123504948575,-2.55322056026639,1.01241849973378,-0.78923419257776,0.690356577120873,-1.50566071504219
0.784937059674959,6.10947580759361,-1.01818637480809,0.182982263305612,-3.35860621020743,2.18212884070767,0.987613606912721,-5.17317509239418,0.0628643750273096
-2.64463576492614,1.56538593692054,-1.14512851184809,-2.0565911734888,2.05727027037119,2.25169705417206,-0.779055826069684,2.88510643575523,-0.446008753030802
2.95785504660311,2.5322867723784,-0.385065288772269,3.99858165908627,1.40339360953853,2.13727413070231,2.06287423286537,-1.15381415886038,1.39667353406309
-0.43870998985846,0.341279134435128,-2.5818522115497,-2.99931633542117,4.55442135437581,-4.33766305592329,0.37881123306979,2.28269795749136,-2.36492143871389
2.16578561415516,6.53837425455479,-1.13794868489512,-2.66107528103596,0.237939591213096,0.159564513845368,2.39534858869287,-2.11944735395242,-2.50985012359051
0.673429385910437,-0.406604864877797,-2.10532592263638,0.431337184598152,1.24092840088695,1.93994350610965,2.41067727449588,0.203777628846832,0.468877833081664
-0.635727457076167,1.72511915931061,-1.96014047036424,-0.933147114146244,-0.292067169788053,-2.5215718578465,-0.0824682224043955,-0.386368438211745,-3.13959930349262
-1.74337316856327,2.97746185055684,-1.6627677608266,1.28611399194152,-1.14718765934146,-0.109592013116313,-0.724975417738023,-2.10473238051194,-0.70710517515764
-1.5535339380816,0.557464122984071,-2.51051364605871,3.64570098537579,1.96819602113497,0.323316099206217,-0.463124043157906,0.443177458340546,0.287303527153528
1.0560929268603,-3.9632311037854,-0.14151198461537,-1.28006003402372,2.74506460138185,3.89407348986675,1.07731538821126,2.47053735480306,-0.400710314038834
-2.34816242371849,-1.38580212836991,0.0453649310025583,-5.42958504596923,6.41659887626647,2.43421882364891,1.49449573143199,-0.616280505217418,1.39749765663334
-1.95144067912898,0.732982422316175,0.8784249294113,-0.534244341651501,2.32049037367484,4.18269222747021,2.39021539780899,-0.604945121669328,-1.96243146306288
17.2002857858194,8.13628951014444,4.94513190183098,-0.221406900510547,7.26192986679654,1.19823986852226,3.78485254483308,-0.380733007538003,-5.61598313242323
0.577584853804136,0.637330377305843,-1.27795127795215,3.77781678434447,-0.990348694092909,1.03909453121436,-0.819401580444069,-0.181270076637897,-2.7288440903492
-3.43499201060932,0.609704842016771,0.368494302313158,2.24213666280767,-1.37479959796814,0.514146629396561,-0.667821627528286,0.310200966954433,3.06356897971073
-2.04041066029643,0.867471799644539,-0.941977011975437,1.39165219948445,1.99072262891198,-0.627069636230219,1.11437593706349,-0.139828300367257,-0.808276010584163
-4.01811527674062,-0.484354130689697,-0.746046205382,1.27408525620918,6.09558579299259,-2.47838328848527,0.0665817751552356,-1.26573224584424,2.85714001556775
-1.21225336447117,1.42085832801437,-0.255800033451786,1.80980225743743,3.15221331038208,1.53198596048073,0.0100930148335247,-2.86789522680195,0.38071239090236
-1.23090640672959,0.140562671481548,-1.39698561033684,2.81556007343692,1.45765692249082,-1.66900395588048,-2.09103854741376,0.493334821025998,-2.94206818004382
-1.5600049120281,-1.0237836326425,-3.16849795731095,0.19750142738723,6.72854618400518,-4.27809824720264,-0.282406323120799,-1.94161608692318,1.52847879809553
0.0241843215398853,-2.50319992635647,-0.697367159834951,-0.971566998085307,5.77154492175458,0.71668762877368,0.283508611316799,-0.114713542296827,1.37057371678073
0.113153911799752,-1.13804199058068,-0.929416081840489,0.661758059341469,1.77264028793892,1.73121795159653,-3.35495704682594,-2.74576862787776,0.279487699150867
-2.68773313738652,2.38464066305688,0.324075099120016,-0.235274874040554,4.26794441146459,1.92593634052701,3.38336468271144,1.72954103867047,2.86950584500646
1.29818359128808,-0.747200663079877,1.33162333612772,8.21649189241459,4.39818992781852,-2.95031481006711,-4.51010225305615,-0.968653895840439,1.09529337223315
1.81794472924947,-1.26485101363547,1.11885227725322,1.09916880085789,1.97214881007332,0.350956517726187,-2.37233673191935,-3.6427004290837,3.63104777701449
-4.0160754831297,3.62849867360387,1.25411530337168,-0.303791552691099,2.84754921597713,-0.160557956360386,1.33709032060727,2.38374672114626,0.239504119909329
-3.88310224448769,3.77028661548756,1.48633129731498,1.6918597983111,2.0441512776154,-0.793265874430924,3.2248554082024,-3.51026467946712,2.40532538891688
-1.70504222853924,-2.59111764199462,-0.837668924623589,-3.11344783622159,4.82300596344614,-1.38910360600314,-1.16329622155553,-1.11258581113229,1.50001476887607
-3.06303589822094,0.637128202992718,-0.502309482055345,-0.397445420045715,3.08552596414815,0.702982821755537,0.80989260645214,3.19185540363004,-0.199250017982559
-3.30539202951327,2.88478301482029,-0.266617450033794,1.62566616673592,2.47605892289961,1.75153407794792,1.46604227580636,-1.31105080842572,-1.40497855743266
-2.26172585373745,0.713090632704149,-3.2607992874476,-2.48071731035401,2.51006911129232,0.404312346490055,-0.153789038971113,0.684054040853297,0.464870817216869
-5.69947440781811,1.78327534617803,0.40543074311272,2.56156969997816,-1.03654933538038,1.29606080314961,-1.4673960923754,-1.35725324628634,4.55051451077485
-1.25106264221724,0.0658257807827551,-1.59384234102341,-2.98105444598664,-0.676036860736835,-0.973107221875878,-6.20476009848551,-1.2494685789939,0.321377631078966
-0.97323561100696,-3.41111696247008,3.56586411056498,-0.330988851816263,4.40110240725103,-0.448662585161254,0.956000071995332,-3.00750114422799,0.957847768942913
-3.32111580147528,3.17235436039059,1.33592095513113,-0.11219115006293,-1.14194517855008,-0.288677508594103,1.63571456498548,-2.9345071336843,-3.02587364644081
3.9531797197533,-0.992271015239814,0.220458205773302,2.49942627685193,4.53033226836303,-0.0947739831003178,-3.96488522980104,-1.37265336769734,1.92749274224589
-1.8846945486857,-0.142580490338303,1.05431655684097,-4.5358381949352,6.63214249505073,-1.44768358432768,-1.95658646195473,-2.49158028900546,0.723849456635793
-4.15712924741969,1.98063190994088,-0.774565393227057,0.713550047393593,3.31416653358926,-0.439506039817155,0.292913389473941,-1.34802337777032,-1.49904539772393
-2.26308576672226,0.245292784024923,-2.50787455071808,3.68393142948405,2.27620886026686,-3.01447588972198,-4.4766821737814,-3.37168622667797,1.76284119803961
-5.10462944228421,2.02567801563625,2.53922118569182,3.23894816765478,0.185063745238434,2.16666862749471,0.225735207727425,4.89293285272504,3.69254913898338
-1.39334432644978,1.26468789912999,0.402257520536694,-2.61308477087554,0.389359149975603,3.61266904516438,1.35150060488282,-0.316855365798124,2.35174333488571
-1.69028103046266,-2.15545562308791,-0.960219027152218,-2.95994448132809,7.23538696854996,-0.498253847330079,0.590632194319589,1.86463683742643,1.65584007241049
-2.09863050156676,0.216445057287768,-1.64105417965346,-1.83468658983536,2.70665882736267,2.35489392765081,0.950509097180593,-2.7976646944761,0.240832293102854
-1.20369460244355,0.132984960908329,-2.33164267448433,2.5434568013264,2.66589807953778,-2.42310415625741,0.220750214137806,-0.867491374282927,0.650400972157249
-1.00170652455304,-0.316080972832425,3.06487466788522,-0.0326147836093361,2.4879369580505,-0.192958105308656,0.0952033719164477,4.31495771097028,1.13562339703486
2.316881562513,5.32645017118518,-1.13236470930484,0.496158417218956,0.777499172915735,3.28983000983918,0.170946253462233,1.96167926398245,-2.17876038315128
2.6442509846649,-2.03792026021698,4.17296497551134,-1.35014209356632,0.420102414859792,2.48753763598033,-3.50524783613175,0.989933053409986,3.88520650195985
0.945556229332428,4.97874498263796,-3.72468178701192,-4.6090826460942,0.541462721204411,2.09805804907763,-2.21781471983523,-3.25576394744803,0.82053352173123
-0.35587668518465,-3.21984834298429,2.4932653245144,-1.64211467923577,6.81405706969702,0.850286220530793,0.768576391776764,1.1869744028102,1.53958935330387
-4.8585119893529,2.73149811071881,0.796728342951548,3.0488959747295,2.76804310401656,2.19764817862857,0.183845193399936,2.66637242817112,1.92162328869081
-1.84885608898288,0.827565089684525,-1.25662412079188,-1.62626207617989,-0.238379131160661,1.0012943084672,-0.825836114763543,-1.02418089523209,-3.00684003168358
0.783027700752211,-5.38732752294377,1.35027956608746,-1.1190755453262,-1.16834758752944,3.11463011479512,-1.70704481832899,-0.648870801927735,-3.19916015608439
3.52005378738215,0.943879776637665,-1.42130288012676,-2.6876803081739,3.78778595353343,3.50629924058737,-1.61216372898328,-1.40751973278762,1.26654760940092
-5.68145593902884,4.87643655744251,-0.122349423188854,4.60961046934106,0.78837939661957,-0.368502001278994,1.63825619255698,0.301522614181733,-0.340223971940861
-1.19634152876755,-1.24063314151609,-1.78676638270111,-0.0699119405291055,1.07388780567078,-1.94512766784157,0.307591867243589,1.82824183846075,1.32477881209268
-0.885644345776855,0.0664453875765889,-0.445951500054586,-0.763982827190806,2.14405379529693,-4.14746337484297,-3.31542733801414,-2.88884437546204,-0.80177652233085
-1.27331361626712,2.83727176592448,-4.19216064567959,4.06882350712933,0.335711143938353,-0.0802450084580406,-0.0315843899773227,-0.462791513463102,-1.5372716107585
-2.04956064389031,1.61260091160533,-1.9496157988685,0.576852965149625,1.39155106567756,-1.27720214759367,0.0396545602088639,0.437465053798475,-1.7572707532748
-0.41275549022453,-2.12991606990405,-0.944321214669133,-1.97097755335105,1.07616645538239,1.37332469254264,1.74515615742894,0.0592497653402228,0.241418720315675
-1.64119293212233,1.50100037689806,-2.7656792290979,1.34185727557169,0.558801154424592,0.808623123104071,0.192337885484369,-0.0700089449449254,-3.23971256593068
0.123253134348276,0.789912056645884,0.0569566899142665,3.86827057856563,6.61113603771904,0.870497320378482,0.985686550971766,-2.50227940729393,1.18313531622696
-3.78670773167657,1.89758814809926,-1.06977557538653,3.95771134298054,2.53041894088823,1.05747053927217,-0.212473721541808,0.785751057064003,0.419765155225438
-3.66698546264323,2.95768291267022,-1.34811234673918,5.27307713290313,2.91106841156669,1.38444731994343,1.22475162470271,0.774049737028879,-0.636101834878248
0.287305439082052,1.76220578455706,-4.02396113032338,-0.391749079713915,3.02578143339941,-0.0939373643370124,-0.422556035207958,0.820989241419842,0.224981811099205
-2.84262566996524,1.90743258514083,-0.258173056406431,2.27950448797567,-1.19953127464155,-0.601866866382727,0.0494282737438508,0.485085407556425,1.57613662372665
0.0824122446456061,4.50562502363312,2.71656228036984,-5.99628390390892,-1.20272116903509,-6.21103730019886,-1.80312493687448,2.01950949151506,-1.949052418288
-3.04576894329499,-0.344498355463107,6.19625840039791,-3.70544257926443,-1.40314755724334,2.59453313421662,0.746252492241236,1.14207557868181,0.370069635559681
-3.44804931957022,2.22134895721688,3.49851968825065,-1.82896239294092,1.80123255860053,-1.85892000569494,1.45795434613729,-1.57775782254929,-1.79853235432863
0.345092972550436,0.41665551727483,0.00890812033387791,-1.76299851085362,-2.270720400001,-1.85530291550004,-3.26552528872169,-0.860859724070604,-1.4492390068859
-0.207199203804476,5.23576659099088,5.57312772977347,-2.88338812678021,-3.86742410149485,-0.823687077129658,0.637228954253106,0.110034579624163,-1.79691740074471
-3.60610658878202,2.20607238937092,2.33178169958494,-0.672927471556447,-1.65768918161804,-1.27816435494988,-0.493599603427099,-3.78402452306762,-0.0234901433407388
-0.136044238549821,2.24066530261457,0.8846738039257,1.72156427759688,3.37763457335528,-4.01590464899698,-2.41018059078527,-0.671455690562995,-2.71479182298445
-5.81255391346223,6.23865932156663,10.7185795432108,-0.450625228218942,-2.33622422506458,-0.320022793347661,2.51474486969406,-0.733249351350252,1.82127519654409
9.99159667071668,6.58878984171607,6.10599897590565,0.637758731274076,-0.0870313346684074,1.0579630329682,3.49168009883783,0.864038208971646,-0.359117336828129
0.420321569537406,-2.81950950545617,6.63311069825443,-2.40521365544541,0.708934664748841,0.638595143252567,1.76196067476678,-2.19200182681698,-0.637224000906132
-3.56423928194266,0.538705828438966,4.96934668050659,-2.39207365543416,-0.10175729732353,2.7450112621961,0.537115738952246,0.31887369065014,-1.44671864428894
-3.81305235466076,2.48691707995483,3.32585938256225,-1.92611545983904,1.64980570219967,-0.190327777979442,1.87863064388429,0.868764362568145,-0.767229623953324
-2.88513591800762,1.67009719350725,0.334842588002003,0.661320206717404,-0.863221531544237,-0.201009344181734,0.201274134889037,-3.33107855798934,0.0461628991743796
-1.25841840032057,-0.238318342270913,4.36955875948923,-5.99921062748898,2.11012274169626,-2.07541673121208,-1.79430029926347,-0.882885715259049,1.94066606598359
0.295760944979646,-0.339802548994771,1.63023686700035,-3.32588465127513,0.823082901001821,3.99091035662825,0.949071086414162,0.515213321185856,-0.454383102720214
4.26785363776938,2.89222679655359,-2.21768749079095,-2.13851638416047,-0.53542201277275,0.691970932768752,0.669600187500676,-4.43543974950999,0.970711919105108
-2.5411767649738,-0.283283084286178,2.38636142153849,-4.91347224168404,0.939504373931939,0.919042883041119,2.04171655456973,-2.91311919034382,-0.0280068402047922
-4.80751031762125,2.77125606822585,6.1035792257473,-3.62714000826197,-1.77270223172792,-1.18100757337373,1.91319649626802,-1.46565070285328,-0.746527823647535
2.11147858784611,4.23957304152502,6.52605562293658,-1.28717676569546,-4.18389563608064,-5.11750277929315,-0.129220647628861,2.07918838182415,-1.75970667035833
3.72981042978494,-3.42266356112802,1.02115565487759,-2.97217292199891,4.20769408571763,-2.45620773430914,0.47795967858429,0.334644836079409,-0.359719896551057
-1.4951106337223,0.938638080191583,2.9453411297412,3.04622816401032,1.16467827862262,-1.04519618447549,1.07034310552498,-2.16968499299577,-0.727635471231378
-0.839109663771191,1.59616565016429,2.60909315410313,-5.76737153280429,3.44457720351948,3.3450511714194,2.40085742818918,-0.43291249689228,-2.37216353462245
1.96356075303533,3.29903479858365,1.58516022381519,-3.98199294977971,-1.36003881304614,0.876116545799149,-0.487000340839904,-1.35059179522804,-3.79001887330506
11.2177697457073,5.4562204375069,6.81541716680071,2.64791357112841,-2.72541448671258,0.451276630057752,-2.57640681748255,-0.578772027947497,0.236442564632735
-2.85539963730389,-1.00339970186348,-0.857938357672502,-4.15949915596008,-0.56864232897926,-1.42453015581694,-1.97087625729314,2.55524469188826,-0.952381453532119
7.76830739848231,-1.46284483837811,-1.20370533359001,1.71461368259222,3.68473890554803,-2.52606422350199,-0.881000939175372,-1.48737692344692,4.69143258765016
0.113082477305792,-1.41744296642641,-4.03441948356446,-2.61997818195621,-1.95072326176713,-1.85767320654584,-1.76990493107622,0.0641498713270295,-1.08339914554258
0.709479556018342,-3.94581703149942,2.22850796160389,-3.97374648128078,1.81543376438759,0.588391782661656,-0.330219514469347,1.96637270331598,0.881616842365853
-0.298746386895757,0.32355505902514,-2.78630986807306,0.281548562480986,-2.04929612113271,0.366978014999943,-0.226739811486441,-0.699270676793758,1.35129313872818
3.17157009000904,-4.34832767201133,-1.21381779266244,-4.34992353403542,-0.579961087253426,0.657757134124368,-7.03464034997551,-0.290284287887515,1.16047590921543
2.09819523412795,-1.72513024047143,-2.21509826925289,-2.66572558110939,1.16612752679232,-2.60394670707653,0.457194181895214,2.17030902501808,-0.588588143368155
0.355297109594922,-4.87412409290966,-1.42238086831461,-4.45114525798729,4.65130755863615,-0.168336619392619,3.36142631720355,-1.21368658786072,2.4960089330006
-0.822681791467247,-1.50322451388676,0.27167259734178,-2.03695848230659,3.27936292300041,-3.22239880626282,-0.934399401549719,1.74190429617348,-0.75101520903111
0.225838227114523,-6.2800743540733,-0.46744150387613,-1.70827403214259,-1.26418802730335,-0.675356632437985,0.997869876703795,0.203960802657786,-2.42434379535883
-0.642782330217278,-3.46766644267754,-1.13914515994597,-1.71475221843533,0.40741493511217,1.59952920355992,2.25231754770086,1.1047955683418,2.00225450655036
-0.28805410571137,-3.5169426024153,3.51989702789484,-0.0984857954627523,-0.419047989740039,-0.464878089618998,4.71607743930957,-5.68970325259727,-5.98855964440374
3.54911129935923,-3.69358339202982,2.07190087782103,-1.47911099128262,-1.88860074517553,-6.66717249987483,-7.33007247004533,0.561711632631272,0.563484974999817
2.82467449324359,6.62234351174823,0.668136321037265,-1.26650739524388,0.190928228227522,-4.45195998949793,-0.586675329718902,1.62517376426498,-0.608812329690185
4.56757853747831,-3.59806199685016,1.90987239889073,-4.5982998328897,-0.0541809446674816,-0.518618233150647,-2.57373417215353,0.0674298107894072,-0.714880939614675
-0.303841890789108,-2.81030568270444,-1.26210627435818,-1.06690875602843,3.22882593950662,-3.18965402032414,1.65688285832257,0.0288440676172207,2.45637409055387
3.18307435789986,-6.23990510117836,-0.598344181710912,-6.28085409882024,5.23175973565544,1.68913257108307,0.666981071795037,1.86466571217541,0.606334567929559
-0.438129182323806,-5.32895956394473,1.54216749712762,1.26148898276507,-1.27185073661642,-1.02227512768942,2.79745134076842,-0.449454649826515,-0.561227335653951
0.16178251364023,-4.0173961147807,1.14708824490082,-4.47397867254335,1.69097639039212,1.22443634159369,1.3575413363684,1.53210163312746,0.816652992429202
-1.46327459166722,1.03009460868277,-0.0774210102869157,0.0872550511414526,-3.15734820746505,0.108814023213104,0.0694115748412766,-0.170224863386629,-2.06792020431351
-1.57133362123209,-2.4198342211945,2.85363694089438,2.18232033079273,-2.00173702248117,0.699810865170915,0.148862006132934,-1.25789938037059,-1.44139229240058
-2.47031093094266,0.198529061695944,-3.57078224358834,0.800336196786288,0.64998241216267,-0.575975940777935,1.02730885037929,-0.0768938071062831,0.626372580214441
3.1342054811268,-0.484712124402408,1.30594082645718,-1.17734160806321,2.82279798779333,-3.05065893759967,-4.08105286093991,1.41896416004718,0.232342907614913
7.13393334162406,2.265293239996,-0.516514220162203,-3.23226365114406,-1.68328124847878,3.74354884308294,-4.08804466816054,-5.61278561469605,-0.559242611363561
1.93537895632496,-2.88101711710964,-4.1761252767454,-2.755822312326,-1.21380722308688,1.32235261611357,1.28789220121867,-1.6442464664784,-0.0270405161656469
1.02123552650178,-2.27389963387797,-3.33340108119305,-1.88007229101293,2.2472955584265,-1.19820938209587,1.64585799423715,-0.650710725288698,1.5081617369423
5.13606738982064,-6.3607794507997,-2.58512004646953,-4.42740784907656,-1.05752019205466,2.32934629041048,-5.21505760144554,0.647913224733079,0.880946255202704
3.79809921366575,0.880220908665178,-3.40710712715675,-5.3633060501769,-0.0356091622560865,1.64605062491546,-1.3882595224316,3.05379005509412,-1.14395423131389
-2.26634717665571,-0.408654110642644,-1.26845554096887,-3.00563715270862,3.13537120577747,-4.61133895635317,1.03917464577609,1.80162305570585,1.11021149594053
7.98200357361746,-2.25119487797514,-1.98172178957686,-2.02974336826495,-1.35596375795399,1.80858028969567,-4.64517586758377,-1.92957638980304,0.794120504199718
-2.4092019777195,1.21893065196039,0.388992878792798,2.66052283909831,0.384586897772227,-4.43062769793012,-1.7951842086568,-2.70421645590812,-1.41878212361654
1.23329140423422,2.44239085108537,3.43720042663349,2.63667268721623,-0.555701620062659,4.36032589791166,0.741321618609857,-0.950052041582439,-0.435861175888662
-2.0061573185842,0.587877283998677,-0.873897772527257,4.38531649264395,2.34981848142107,-4.10526827652721,-1.24372983843246,0.146835249815581,-0.678006540701022
-3.50362462251188,2.65275280808307,0.202825959895918,0.634263895972324,1.7390873494309,-1.62537736411069,1.13592733618256,-0.708951767058324,-1.824347271893
0.0243719230677339,-4.88610362132765,-0.445896773081676,1.21218025759204,-0.247126549556804,-2.44963596778294,-1.06598316232253,1.22428573001979,-3.78926437033195
-1.32417250286833,0.163162576944692,3.83092721867546,-3.26704142584594,1.32181963616795,-2.15371486590041,-0.989068670886772,4.41298166146945,-4.8890479257524
-2.11106976512837,0.578523629847598,-1.12013338940198,1.54582703520498,0.41870949225437,-0.740394299478067,-0.23663223614915,1.76938334972882,-1.37052819591284
5.89568981410793,1.96977526885147,-0.588117288667895,-4.20263088804582,-4.21597483620275,-5.67339508740013,1.52641904775835,1.84659547087915,2.91345463031858
3.33942657154526,1.30195002399211,-1.1491409922295,-3.75288988642536,-4.74231865139219,-0.0354095222386738,2.52566781380778,-1.30396460197786,1.36872848054558
-1.90336326408903,0.804740046409047,-1.28892187369767,-0.327652425927749,0.81116418709137,1.83921238219852,-1.25433922469191,2.51893341903101,-0.985879532343272
-2.70458030685342,2.83888708676831,2.68119340366601,2.45132503349173,1.81674994551508,-2.21643325208086,2.33253441306501,4.46269416896562,-1.46056866460262
-4.78999855730884,1.39439120527907,-1.81808517799564,0.520574252084058,0.152267765956499,-0.506505899276698,-1.95737312470077,-1.39419097872904,2.44761630096337
-3.6795569197254,1.98370497093455,-3.3940423047162,1.2852360803061,-2.08663530123596,-0.307864031089851,-0.452566789250405,-1.06604899268946,0.0926267998719739
-3.65890317672552,3.88246713414682,-1.52460922085538,2.99345386795244,-1.60186726202624,-0.537814496327114,-3.88933963397466,1.01841937554044,-2.66942618758956
6.36983363071663,-6.76983867900987,5.51798057103242,0.404368628964733,0.589478527834639,-1.80249252784254,4.70793847641384,3.49231570251619,1.94478708974102
5.71381391285848,4.92231626537749,8.71249503406708,2.57956026166005,-2.73485047254421,-0.482586843531842,-0.793821781107002,-1.4082871139047,2.14931576939752
-1.3255779243498,-0.450144433521701,-0.0905084186706403,0.791629300879245,2.22930204287381,2.91568647315003,-1.40476983757723,4.96606483894935,0.238988328564858
-4.52421676768245,0.624630253785559,-0.301201090412826,2.35891307209908,1.96768724748018,-1.13913172405238,0.671985738033173,-2.96626316542344,1.27986180804869
-0.299951794644636,-1.20836304400288,-2.0369292088946,-2.10998215537387,0.272249162657462,0.27967964857195,-1.07216777997236,-2.53461680456697,-0.73818008554032
-4.84343545670321,3.43688057468374,5.76289271855828,-0.797899184824701,0.823394111459207,0.415619962423988,3.23010948628436,1.57042239006628,-1.3036172052065
-0.776731241953699,3.42760093774823,-1.45502196986024,2.14627256946939,3.47997458106198,0.83539183136281,0.110214702326106,0.00183344733698562,-0.544929362881353
-4.37173894882343,0.440020587923997,5.52814455124005,1.86159157073369,-1.46684029793906,-0.96341548253724,1.88000047460168,-2.45108683085234,-3.10069763621615
-3.62578400331023,1.05060453816022,1.26620322153798,8.42739648943333,1.67949769478796,-3.23769118138717,1.29191774624437,0.195839257566718,0.626872802176098
1.57505383203629,-3.634769123438,6.14973464374676,-4.68974538200681,-1.00064748848095,-0.590053470926365,1.57723662201013,0.264434244434424,-2.01720443907227
-2.98799600688967,0.412384067200849,3.26239766505525,7.03171432288709,-2.58913540647022,-2.74414549520845,2.81102449945152,-2.596214408048,0.9906662517243
-2.49985534719167,0.447732438591893,-2.21971164156611,-1.60807442737077,-0.46237160297508,-2.27107878281248,-0.845757714136012,0.780745637316585,2.59712555149541
2.57874938402296,-4.10724899535274,-0.755377445401908,4.66647900743029,-0.400772669280976,-2.88815728118364,1.24264373652276,2.70601994970892,5.71842765196237
-1.03240449228868,0.111715804235248,-0.590897349026161,-0.197658732225673,-0.593886983109497,0.715111919936109,-0.191621905097986,2.43320623882648,-1.28798759532651
5.30840377572721,1.01583367140978,0.433868666435579,1.05054535422852,-2.03195596323009,3.40218781662133,0.563204720191656,1.8359007240491,1.58203204981109
3.9363476696562,-1.06715065870824,-0.36673989323325,-2.85320709620802,1.5503836191639,-1.72898120247868,-2.99448030229716,-0.586216106828469,0.0276594699281448
2.06487594534581,-0.071385767732436,-0.450002479501819,-1.33631370976686,0.494137419022284,2.42779810966888,0.469030267612131,-0.907107668422562,-1.12525563593462
6.71107989189151,1.22899789998761,-1.41839043902504,-2.16111902436954,-0.124189492787972,1.2325631016331,-1.60504647590866,0.458007303821305,1.36211086244894
2.06580637241348,2.3358106543854,-3.21107855466556,-3.06949049889234,-2.29002066833456,-0.23314053405106,1.11438344472021,3.02411812386171,-0.91607410132061
0.26452305987098,-0.493260125294386,-1.84885572012329,-1.99729771059461,-1.36983663221945,-0.269446741759421,0.33384477537586,-2.79368256790403,0.834481156265953
2.45967858377705,-2.64513128058297,-3.67352058936279,-3.60453258298056,-0.0429445469386878,2.49222616447141,2.52283284732632,0.572979107754166,-0.153934124166274
1.3513130262039,-7.1640118367459,-0.767247746839414,-0.480010823723515,-1.34859440134877,-1.98937286712591,1.25562199226689,-1.61080461712479,-1.56855096507521
-0.978408012894413,-1.27105554342066,-0.87923021395791,1.57670464411371,-0.583462373161219,-1.31653260502803,0.627347912759587,-1.60897652767431,0.797958467044364
-0.486894113509325,-2.02935870346253,0.160167869489719,-1.11506825414318,-1.38103088766134,4.80320075919741,0.656736438918225,0.508384266714661,0.153483293989367
1.61609154687234,-1.10475980875899,-1.08769924088241,-1.38267642949446,0.23746035715925,-0.965379603219338,2.56278517673064,-0.18937139475383,-2.17034982908937
0.0798291653742746,-4.04530870818956,-0.983380785024774,2.95308789142494,0.435428028605447,-1.20478379346853,-0.0915455342593359,-1.77607815623433,-0.454253161751913
-0.0824929148670474,-0.451311114626411,-2.94828668455995,-0.0976619779507791,3.192807678257,-0.581168658003634,0.851539712283589,-2.86847798093828,-0.424402726859518
2.29774878904025,-3.0406528020009,-1.21651401494966,-3.60119089769693,2.10513654605292,4.39497110908605,3.90364665281316,-0.219449146610608,-0.524752609029648
4.84618280765863,-6.82415236913584,2.66315420487346,-1.91705837557119,-5.7332953221341,0.120233553816205,0.926075518820798,-0.0603016143829903,-2.20439358516362
-2.710715303491,0.441041053497663,-1.93292634498343,0.314935190518906,-0.862079921470782,1.25562176166656,-0.500420458336705,1.87421930776328,0.68796696767775
15.0317483638674,4.78732806257482,3.26947366976308,0.702515485707037,5.19477491637459,-0.729720554212158,3.7422809451487,2.63957292967482,0.772187855539806
9.78193177680199,-4.29271320531031,-0.484232744963926,2.29276209294965,-3.84591096224731,2.85357583502683,4.24574772876128,-1.52292882609512,-1.24022831312106
-0.381423919448076,-2.73318190298984,-1.71026447074017,-2.25376259175452,0.623334330929644,-1.29755224777913,2.20503255887257,-0.753438944304585,1.61215292237724
1.26120714504198,-4.74566806348612,-2.48066142484501,-2.54633273323973,-0.0669770727058319,0.0186922011789592,0.456894708916796,4.53593242328257,0.320008800110097
-1.8068157168152,-0.305060108955366,-3.78806819181831,-0.598297193525803,0.164206270010535,-1.48111297807943,-0.342628736989183,0.580380159132261,0.406180151977722
2.46453777078988,-7.57319318135756,-0.654851424701856,5.06993967956566,1.13959562044001,-0.340944052552229,4.74080109376761,0.163209669521613,-0.044320166237714
-1.58006838707386,-1.81353223836756,-2.88397865188499,-1.00973381352413,-1.03883456349129,-1.59556619045141,-0.0982039489475308,4.06973372629947,0.904090025488629
-0.56800524772346,-2.44918673099877,-1.94575880459576,-2.21569981177247,0.787990653411522,-0.865928792944285,2.77227214295834,-0.737805776311545,1.4664543797724
1.87885407269588,4.76473708721105,-3.95577525943404,-3.27032339769075,0.583354524587066,-4.32734749125281,-2.55245808210628,0.320789692342349,-0.790423678846386
-0.620979047054105,-5.18769287831967,-2.29585323820912,-0.845329579691608,-2.43845804300537,-0.85340362436992,-0.178234013584478,0.0229166126815767,0.682419794367606
11.8015021676836,4.25313584014613,-0.11918408803146,1.87064284931043,1.24183860889132,0.362117218517254,3.25831760951569,3.52732675600008,0.980586717577241
-1.15872588865055,-2.10634166092879,-4.35026198042013,0.151347220669893,-0.826602330682722,-0.354716293911626,-0.529518707838539,-0.766292769409084,1.21758017740958
-0.986168950636859,0.661800183004914,-0.741133905692708,0.511236802114136,0.0190398615959712,1.29326892804302,2.80247622266371,-3.19729889552976,-3.99772449081805
1.91791729631762,-0.179648617013463,-1.7020083734719,-0.270074151709894,2.97034117812427,-1.59790784010418,-4.37675178230837,0.823940566614566,-0.414185593410185
0.482489604713018,0.200926998630358,-2.67868241172979,4.08847812979236,-0.483212534259638,-1.21477474870483,-1.77080879202422,0.738322686854618,-0.491227192530066
6.00855710961387,-1.71749235674857,-2.76559990257861,0.950669225924242,0.356948372711715,1.81024652865772,2.29288305995804,-1.23451746358737,0.497377968011697
13.4758496197919,4.15626989229795,2.55602857724067,3.61030554909607,-1.04344742840065,0.764268227952825,-3.56479188696593,0.788964553313648,-0.335415502745373
-1.56606073440225,0.291225526168145,-0.530716597355231,-0.7064127835093,1.73902251416497,-1.32355610126234,-1.59860125433142,1.10073419845562,0.184053840074864
-1.41155590207039,-0.740199276898686,-2.14060121721432,0.311204543549678,1.76121416676661,-1.73296448131498,-0.517313289867898,-0.610826015287908,1.70638419965892
15.3318640338164,4.06759219990682,4.36387903662557,2.86601870821613,4.25053100337974,0.577964420135678,-2.17961417605525,0.971635633350268,0.674005470566157
0.781320621698604,0.270867230473211,-4.26171663596921,-7.39252546052694,5.38838939988522,-5.0588617503727,-4.08397449064028,-0.762895601520362,3.6829219273968
2.07617916589321,-6.34480471762224,1.35305807929495,1.33108865834981,-1.26101062910612,3.08818660159912,1.09220108223498,-1.88337504600501,-0.583626356653398
-4.03399526927428,-1.38067216540099,-0.982707607873497,-0.954205208384701,6.1720262503564,-1.71832081549208,3.03786015833383,1.10001638588081,1.17974665994009
1.30978453753676,-1.15484796292913,-2.21307265269062,3.14139872023501,2.59305876283654,-0.679879127283848,1.16619969294073,0.434639206493741,1.48485719744941
1.96252187783131,4.95740207241388,-1.71216722851289,-4.84478998353578,2.72389932140582,-2.73198542136531,-1.81023293158773,2.08396620386471,0.100808693828804
-0.906090619506901,-1.62291816950552,-1.92358026480714,0.570010954768538,0.817299097036149,0.652872812248209,2.0521436355052,-1.42453246730467,0.445600220879207
0.587466410010038,4.67508807753205,-2.81734370395978,-1.46925974292476,-1.47172039730682,0.617754594301986,-1.42826636717147,3.7707304135881,1.19095516504397
1.24562206065121,-6.57035541722933,1.62866657644872,-2.46373674851111,-1.81748440220678,3.87636766871631,-0.0619667804376447,1.72898409717458,4.09261400352614
0.636375543402314,-1.1689810381478,-0.164983018305252,-0.642357307871241,1.46753406463765,-1.14055041322106,0.772835391353541,-2.51610117473454,1.73702543184397
5.04911596753344,-3.0039912600573,-0.943003968143523,-4.18923207907917,0.246814785729288,-1.10378961709513,-5.58816724630361,2.34011083963306,2.52047430544969
-1.1603544837227,-5.74807198405809,-0.557177839573576,2.40224469238095,0.652194959373896,1.50540878112553,0.284576055914913,-1.04938920392038,-1.10024976390737
8.32204820582769,-1.74456488542365,0.104412947905312,3.80714652571652,-0.62013330949431,-2.02734138642656,-0.545203989105359,-0.453983165392297,-2.27557391406371
-1.05001541240008,-0.806681160603105,-2.55172853700948,-2.2658308353899,1.13567995555525,1.18908080481446,2.79433427109699,0.609708932046844,2.26840672636308
-2.03817952634282,-0.264395704288997,-2.33395891624566,-1.88076147770145,4.9398936075826,-3.02512254804366,0.162065065432515,-1.24034682117719,1.09502923768076
-2.0109058630257,1.68048925091178,-4.52419355322455,1.39912383712409,2.3021513748794,-0.721434878399756,1.05222058421447,1.3059532437655,-1.10166254036823
-2.35961953019577,0.464963338904235,-3.85028053759574,-0.346304917710951,1.93863629128571,-1.34256976751641,0.0402097520368727,1.75588158400466,-2.41027073148921
3.42300440074079,-1.82630026445536,-0.288568973492994,-2.4080726678988,2.63319377687135,0.71363647237846,-6.2081812729885,-0.193379661788096,-1.994577943772
8.28724341441958,-4.13554070128615,-1.59772307205229,-1.36627831147651,2.51896239190071,1.58112003844518,-4.54435861480807,-2.05590407790661,4.32670515905712
3.43544305604238,-2.26622484349115,0.124001807896247,3.08351783252063,4.06496706574308,3.56644845563701,-3.53890289457019,-1.04795299461042,1.26414562215356
-1.98587720116104,0.458817286480709,-1.76509681674817,-2.40228737632106,4.65323108566411,2.00596990035868,2.03305870882684,-1.77531759935035,-0.423738709012488
-0.193502289415604,-0.0445150783050092,-3.95479626473443,-0.46278984230117,1.79945088497844,-1.98899433161463,0.147719708357897,-2.60587088765926,-1.56560780316744
-0.664620939115734,-0.588490853306024,0.142801706988281,-4.64922702008045,5.17509302678256,-2.91847757159389,1.30378423060602,0.571173831010365,-2.37062078814615
4.10588854106561,1.7411570958371,-0.325901954157474,-2.47581317430085,-2.76419498161308,-2.8933680101622,-0.536335768464428,-0.0304665735301107,0.317077294686517
2.83776264132407,-2.83184827162373,-0.913751933178173,-3.81762752931239,2.81814873564781,2.41353660883843,2.18838184668819,0.821534683759184,-1.44038447575025
-1.29839783705162,-3.45058798899273,0.479395332623925,3.05857695183519,1.39400146950853,-2.07345934487962,-1.08326364062556,-0.643611470014341,-1.334447264047
4.26517419042877,-5.2280360071574,0.0438328276937966,1.16891929977532,-2.71788777184328,-0.0214647013776019,1.32485543687193,-1.65555255422108,-1.88622565977843
-0.634949204226755,-1.4956576176772,-3.96746718447266,-1.00098231295835,2.24986266976767,-1.17655162273507,0.874677501282013,-3.29970315090625,1.42965504700183
3.74644382727873,2.26621244008434,-4.63231353862966,-2.98085213524743,-0.0518003312936333,-2.2699408803933,-0.103592916217609,-2.39568116063415,1.27792978985344
4.38032234253102,5.10067429242182,-4.34307282273905,-0.0269354212874659,1.67082809958837,-0.812905779641343,-0.141850030612743,2.28310711118896,0.395380599762456
1.78390683493742,2.70701722774115,-5.16523402785606,-3.66309455372725,-0.343027851536976,-0.788022463638223,-1.02244593214697,2.89052189129169,-0.548804919337984
-1.6406460653346,1.94160450529354,-4.09869153805222,2.56694336110859,-0.415903937321338,-2.34799478628737,0.518130131187652,-1.97379316406072,-0.919131145748655
4.5794422634897,-2.8356741151994,2.15759300795125,-1.217148150605,3.97069379090477,2.56865262687802,0.271225394649675,-1.80696293061695,0.441981139691521
-1.12072883783183,-0.212694958110349,-4.83983917025384,0.192686559871506,1.48614557972242,-0.680416875058229,1.32091998068542,-1.70367368013452,2.05075877230589
2.79550119240866,5.51648220924026,-4.06334757926563,-1.13428976758295,0.92647008938861,-1.79831383051362,-3.75978090746018,-0.911915301074522,2.15609549346636
7.33676613834661,0.840475172539836,-3.50672592691751,-1.01841282444089,0.224683454740611,2.34929127886295,2.78295099888954,-3.71733100854109,0.864102037741191
-0.907663206588868,-1.62837994533833,-2.55327697027183,1.54882950817759,-0.38024346390714,1.30739631526097,1.80778339736069,2.16856731255983,1.78405753579964
4.42495373872796,-0.109435477189596,-2.43059655989482,-2.15836655481976,-2.01173572996301,2.31277692167531,3.20484266904796,-0.39895087259673,-0.757775657437217
6.68704296885017,-4.29279464003045,0.275533262640214,1.92793859703715,2.40264622067922,-3.33882446888366,-3.53554641056159,-2.99265526501455,0.789608004626534
-3.45044677605961,-0.921883084314439,-3.28168798217897,0.413112146639946,6.08839623369091,-1.42601511899215,-0.091242124275495,-2.97095865227003,1.21107567918063
0.104439295706846,6.09074805738121,-2.29818518332009,-2.17435073564074,-0.801110188744922,-0.573115646429516,-0.408242110734901,0.278107342057622,2.28449303112887
0.541084297002102,-0.620407786070422,-1.92743943938559,0.996549146122573,-0.403085548968389,3.40653684672508,-0.255930194077905,1.05956744696867,-0.691747994603314
0.10275870257041,-3.12278279294566,2.46261809628203,1.90419244891392,5.00965840801275,-0.387267299669195,3.78668844752001,-2.95767086427009,3.27518968460356
-1.27104157407884,-3.05288185113291,0.0174574287494541,2.01685447487134,-1.36708026494531,1.21011803673035,0.894473660310081,0.799354736889821,0.470123271436832
0.0396626546611468,0.353458946769019,-0.896669059934535,4.28618866384504,0.145472129647596,-1.01619328997845,0.334229734939262,-0.983935405489347,-0.560031735489631
-5.22003274352446,-1.8822389852706,1.71703294351457,5.28754619381696,0.168269958888438,-1.24235717492838,-3.33397840021989,3.52226703034519,-1.97878359309746
-0.608033830607668,-2.17414541406717,-3.73176734007602,-0.162594667550184,-0.555500881794774,0.444043919185528,0.355381191368319,1.65407706366389,0.603172242094758
3.88345583187329,6.36296694348486,1.36472332656156,-1.31481055054289,-4.48700354287677,-1.97670611680223,0.357216486832468,-4.46882347091484,1.99605343364505
0.583268454937148,-6.6588574574911,1.13011869627777,-2.29337507546446,1.53721642707416,-4.57597569606342,1.35809633051325,0.490906869346225,-1.01268296403166
2.359713715487,4.94840466047041,-3.71220487005999,-1.5418733900714,0.00184203911902669,-0.40443462506046,1.10085853774577,-1.49985338376577,-4.20971862593149
-2.60662701339213,1.71123075970377,-0.979322115588252,-3.27097894667766,1.62222466441707,-1.80369638878677,1.93648984633886,-1.31219017029738,-2.86278657566883
0.827440077020328,-6.09872375946476,-0.477572422418803,3.43375360517098,-0.70832393002189,-1.73620368852377,1.11703948974626,-1.30195027553368,-1.88193784686219
0.971696141158289,3.82809787682747,-4.42729919709162,-3.22869890101241,1.28990662600353,2.1176495354769,-1.02617679142379,2.1025983699982,-0.312760022267622
-1.75952219723654,-1.08685050920468,-2.13082284611627,-0.136392326760597,0.648547822542804,3.95037759271638,1.19980761263031,1.07068515623543,-0.467013798079038
-0.262689733317268,-4.58167220520953,-1.60869781269382,2.70989676087434,0.991601065179111,0.87101699069895,0.766218351973544,-1.97191358964389,-0.333435975302084
1.35247022203147,2.4877902883529,-3.44938521867997,-2.78348435765775,-1.96222448617694,1.67873862278635,0.48388656989434,1.48671482837811,1.10475725912024
18.5184150188113,4.29971874689456,3.72721861767159,2.6913354964479,5.57303173149589,-0.0858522964653144,-1.46595141379963,2.17348003287332,1.0216500303912
-2.84644912483117,1.02263375548378,-2.12314303116176,0.406936759343967,3.15560108563205,-1.96753050921723,-0.121793883089154,4.05254675345428,-1.23139260181414
1.17249931021782,-4.69893056833724,0.866715503887944,4.7816389441027,-1.18081956288006,-1.42415847453016,1.26840967213565,-0.153190966730644,-3.15883641228409
3.83509361884258,-7.73354104231516,0.36901947486631,4.49061172976409,-2.47252785660391,-1.34906058558314,2.89711356526804,0.0944031706692515,-3.43284088028094
-0.969152134965502,-8.82556597200959,1.6766393152789,5.23439374402025,-0.895724552919207,-0.348036169048341,-0.261405263900675,-2.1007312485978,-2.97921894595439
-2.43166355113419,1.13933629915456,3.93876700507332,0.217018824714153,-2.06278924403286,3.06353391564239,1.1254147917099,-0.716966792128341,1.09391410896003
-1.08545612434547,1.57967455543022,-2.64146418860329,5.53630211355199,0.555299762260136,0.00949696378609062,1.41904818702369,-3.37157101239997,-0.378977300570352
2.42337322995187,-1.69327807634776,-1.53542070205592,2.4682579169332,-0.745286133302282,4.62123127382518,3.25646364488851,-1.88164835408592,0.0798489132635507
4.46621109100348,-2.26471851255051,-2.40181986953408,2.02889065940556,-4.14508294269453,3.62765825599219,0.533899184068693,1.86353653806153,2.59995833548674
2.28683457826752,-0.461147829884052,-1.60972526206581,3.24203732417819,-1.72758223195056,3.8948706873689,2.39365643733095,-3.46982642050128,-1.15209986868179
0.251292623609075,-1.27208431274942,-0.742125041325274,4.26073271648211,-0.946445960043092,3.81810113438265,2.61106173322217,-0.918826278683351,2.63522687215503
7.05878606456375,-1.17697810099895,0.943845188572703,7.02978578138233,1.32450609535874,0.55958484429471,4.13490475387985,-3.2720991482722,-0.56329119228599
0.280910304170051,2.12034367068225,-3.5938722920875,5.73476571922744,-1.63551400046106,-1.15237985285585,-1.93126605499308,-0.998931536782766,-0.244110769624207
1.42791554719319,-4.13509396413615,1.18406269993786,5.27192561816988,1.90720487795084,-2.05186971917469,-0.081404081645003,0.550771086515917,-2.59138693574745
2.30819112828179,-0.527407987634397,-1.92871639226964,2.15423725602246,-1.16545196287701,2.13652979235139,0.66647255287846,-1.35250544989585,1.06531952216423
7.40983648046005,0.324265735854995,-1.35730963541971,3.11165065541551,-0.730448971885777,5.98738391006337,3.26102824833454,-0.927846229190136,0.755197731006139
1.40736814454462,-7.76696572503986,5.5348080183771,6.88434165094322,-2.58160319103359,-4.70781042636007,4.00364445060138,-1.17267161879335,0.587155239802546
1.64026951549267,-4.58563438430961,0.30887007875204,4.20683754409951,1.38317037352343,-2.44100219491826,6.07103946544749,-0.374161923534226,0.344111885513366
2.45168680783924,-2.17587822768463,-0.54838276508639,4.14138354145232,-1.12160436182282,1.85829910796731,-0.552403535541168,2.74422511519045,-1.72100970782048
1.59642590458758,1.87285110147726,-4.41222098897329,3.04774645798237,-6.65513515081776,-3.75797364741506,4.0742171508913,-0.164548305335349,-1.99147989121417
0.804529233596038,3.51323164193539,-1.30353717144473,2.47785464169942,-3.52433298194159,-2.5410172664356,-2.3559331643006,0.66060807866025,-2.05490608931782
0.00697382148006663,-0.224699524411528,-3.21890145444799,4.33433592059559,-0.986440667497195,3.06499858478128,-1.53063464501372,-0.155547191195602,-0.545215807873851
-1.20690517526213,-0.32513927064674,-1.43932995599222,-2.59581912059888,-0.0733904239506203,2.02656401662964,5.42617896900695,0.181811645706652,0.456764170198923
0.0608855397045857,0.282096747031988,-1.57072001931497,1.10648177355432,1.85948041284041,-0.0958182639591237,1.23369529926635,2.27589817503174,-0.466185307106166
-2.2077464367333,2.52354814062749,-0.586496952511719,6.15015987212224,-0.333509856588445,2.11166682920467,-1.68046373072158,2.30005932904981,-2.58214215545709
4.86423897986938,-1.94386940065013,1.45595416304893,6.70449428657778,-1.71745777617282,3.96975573549778,2.96213994730641,-1.19250354446457,1.28429152151188
7.18373868239055,-1.45192328594157,0.627962812117746,6.28642052570836,1.19104145110516,-0.102688103471982,4.64839982760471,-3.15372784787166,-0.844892245501595
-3.12362149222173,2.25730605485029,-1.99168238378398,1.6934539551217,-0.842932170545959,-3.50133953538093,1.91697979791257,-3.38302416740855,-0.834592552072479
-2.14688046455537,3.3576234238751,-1.78963452203763,3.5482094809861,-2.72410022412928,-3.61314504210101,0.0152903726240803,0.515941150385581,-3.20364293329676
2.59222035436303,-2.01333084635318,-1.77190126506395,6.06881107664487,-1.38097682208159,-1.29603501433885,1.63330305830569,-4.27146718554447,-0.259819487410566
-2.63199579294287,3.76226079574851,3.57519045254657,4.12146411459002,-3.94052115438903,-0.203122560519771,-0.070887539762501,1.08041884450297,-0.874431346265465
6.95101699515227,-0.654549915633941,-3.51535497166964,2.12703939516241,-0.116909313437623,1.13842964069463,8.82821453187182,-0.969012560114735,1.72900932780784
-0.444168019136737,-0.530627915990096,-0.36341171187688,4.30813854303511,-1.91646013810322,2.23826227232484,-0.582441930578918,-0.485793612754111,1.590674550136
-2.76219418609896,-3.53614993604532,1.18867854519676,4.09312438897155,-0.593703004107228,-0.5729486515271,-0.343796449187751,2.4954154073874,-0.0278938959713333
2.69304401074619,-1.31147452360054,-1.04823945216973,6.18575452841509,0.0648236996525923,4.71577156719414,3.54632109827884,-1.46558097342521,0.46584269492793
-3.57514759855966,0.570472092523434,-1.72511467058245,2.94667166015605,2.42736192801774,-2.23612589091379,-0.674167507636859,2.42756477863163,-1.4620138373987
1.93239512806507,-1.45302395452195,-0.997427329736648,6.78663589075591,-0.0378809042977455,0.907149668233078,-1.10419034697933,-0.490151262079509,-2.05538378100293
-0.96123547478752,0.596281446720915,-2.37209334413765,6.64883498291157,-0.191210887733988,0.787133282349563,-0.53967365283577,0.259038253034427,0.523921061784735
0.0471866069885331,-4.05865517898646,0.341083066087888,-2.7520043836756,-2.81817746022123,6.05164476592377,-0.44934022826941,0.948180658868018,0.469822485728237
3.36465822574298,-5.51507926331955,-1.53388671244367,0.237919253652851,4.79756993894741,-2.59026599301034,0.0832364926126329,0.28835034958181,1.28258422141806
0.854052536909829,0.811783107858651,0.360104358973879,5.70220137512085,-1.76600417996522,2.02801785636815,-0.0983521706211704,-0.656261131562673,-2.52438765586861
4.38052913514436,-1.6915371230883,-0.517531899199503,3.35223204188876,-2.0976639103585,3.16486017695633,1.42640540266047,1.36321424713229,-2.84205576959276
4.19989336717861,-1.39402291538324,-0.0713492509259263,3.36652349435522,-1.39359700661854,3.60507730240543,0.97015953937255,1.11321083623522,-3.29477790219248
1.5413447001448,-1.51976288757919,-2.19563659278799,-2.07757736652437,0.44121247257662,-2.36147540551828,1.0751002463211,-0.35188425302579,-0.194008202485543
-0.641460449911972,1.38116082362972,-0.898389110793928,8.35040803534881,-0.93502761681561,-0.106094592537862,-0.890449734744209,-0.760522590605461,-2.15113939257602
2.79314732800766,-0.145843965605663,-2.91902446180675,5.59898452927618,-0.670511491513217,-1.09843536003822,2.23723986151298,-2.58290756426475,-0.770826631927547
-0.320496578284381,5.76163344756401,1.32838696639894,10.4502115279336,-1.18666077026143,0.772520282188516,0.577358575476961,1.55858673723772,-0.90418968124296
-4.49649122935948,1.13625601672731,0.744050105400051,1.48080002989011,0.377469050020455,0.893379327809302,0.699971187552377,1.32067912941284,0.240336839504285
-1.20589096495561,1.94053061418601,-4.50668812005284,5.86135853636523,-0.926498141576843,0.252321241363626,1.77744246124412,-4.34034450811569,0.601664367385548
1.17216591332157,1.35999819509953,0.888557710947509,3.74475755195951,-1.21613363791451,1.01359009124263,-2.25041271705816,0.159065480041874,-0.5168286716271
-0.152390646943804,3.16710716760243,-0.636081190068814,0.447994510731884,-1.66600641074347,0.859466769740015,-1.2082366277195,-0.557191528722743,-3.26159481979159
4.04010947912424,0.0350858613307464,-0.0561285036627939,1.30721868231882,0.911218721850398,-1.82886383596793,1.22040487602222,-1.18610368771671,-1.81266962424612
-0.31789154543742,-7.00971715947088,2.17264470455988,3.313594171521,1.32774044029579,-0.95048116774113,0.0125578124392488,0.69286229913298,-2.86104981076828
-5.27809433546164,-3.84765822812205,5.90139877237935,7.9936451798408,-2.97030092371557,-4.0485274636144,0.866785373599995,4.65078236642033,0.0741988881383458
1.02360382179655,1.85084837772352,-2.24935119385054,6.04195005769096,-0.215553765198223,-1.16266215322846,3.81402581392654,-3.95049627019733,-2.22063025090169
-1.08402131029654,1.27145446154149,0.53919549120379,6.09050112277687,0.890099349582752,-1.15629524744717,0.164467235244886,-0.615130446034996,1.2903223410352
-1.79665091296338,1.53157532051464,-3.84504585291217,-0.696176473181094,2.11099802367743,0.961987225816807,2.65872316469867,-2.16619698561195,0.00447703819018632
-1.51341331412805,-8.77353562274855,1.76820576769399,6.71128931976285,-0.613617779173064,-1.24559561450951,0.943892613105653,1.88332522803313,0.0518404526543417
0.219452797286444,-0.928399657709291,-1.22272955299441,4.83969094491512,-1.02222431481628,1.85275853889089,1.75065440079867,-2.81967442466086,0.353598214498113
1.95272406940882,-3.61440808755803,-0.188905801145714,-0.686054000812654,1.25335417383215,2.4626738633661,-3.64276390668878,1.07611577793432,0.0916108731023172
4.95967408738343,1.40690687502081,-0.528402959030541,2.83170196764182,0.730060551308566,2.57185081214189,4.11402258622429,-1.19384188560281,-0.69812138013713
1.90050942441195,-0.141022511607879,-1.46724220233341,4.66996919326114,-0.610122428440403,1.69928930518628,1.31678899818555,-0.937968615602976,-0.190062253173587
0.492988968507913,-8.80906764634707,0.746845721186236,1.59494242077873,-0.327634161750897,1.78333816594246,-0.862883531612365,-0.490282021062545,-1.96684619321054
0.166708201324802,-5.93801437970434,2.98001733336963,0.206200376690684,-2.81775503084856,-3.18649339874102,-0.454465684708397,3.30452288003814,0.524049463196969
15.1938831806544,3.76355582882509,4.87486410736766,2.49700617259585,1.6352670445133,-0.379734651799708,-2.76267187966016,2.60501842229888,4.0528670597158
7.72325424997053,-5.61680516030787,1.02927599471318,5.15005376825804,-0.0274265166439271,3.67738603509999,3.7381215533127,-1.25334790966683,0.277625723393311
9.16896887274941,-4.98916106593187,2.57350449319323,4.44076586489978,1.02827850118033,3.31378004381306,4.80817699952097,-1.97382931084003,-0.399108196874219
9.51870082388619,-2.37654751796911,-3.44938905428739,-4.95477888008659,4.50351974094464,-0.674409145284729,2.25774710568786,1.75266046683306,2.48071125457998
6.68736992116803,3.23828037919346,0.501384830704866,-1.58478811709481,-2.37078648036169,-4.97136330784761,-1.45897337335395,-6.21032492389428,0.159868434111005
-1.13776999210026,-1.10814910693843,-1.97945035910437,-3.98208178951683,-0.442215427319477,0.366054888440113,0.365453904077763,0.870646102597518,-0.461446421733971
4.04035451547257,5.11791698593537,-0.995162233774706,0.0660091020654377,-0.977438304355061,-3.96902029090835,-4.73671741173867,1.02921917751945,-1.30458610821994
12.9683064877457,4.50989578854099,1.90238909847278,1.26504640127263,3.40050528656688,-0.0436593755392674,2.6845896223849,2.5451350006887,-0.0283568903137544
-0.740368381256617,-2.95574246816997,-0.0207893949601927,1.9461605904012,2.15887348215197,1.84501626148167,3.77395316708839,-1.01215153895553,0.419281129414358
4.86437241085259,-4.52056624003952,0.909751768380714,-0.45968255590831,0.0759170536975745,2.77074837958741,5.49837945325938,1.89264934879211,0.407909429849689
1.85801285832645,-7.08877136336798,3.29636462101407,2.41719810920798,-4.17512648666712,-2.03250425132969,4.7593292905847,2.38455322416537,3.1718531300033
5.91820998116046,-6.02547022627687,-1.16028156197703,-0.479961763108899,1.91440627684799,3.76054570880107,-2.14945219171883,0.281036650657209,1.52230761725187
6.135552096834,1.87235396115142,-2.38834804283769,1.41523078420804,0.775695374905403,2.12980831512199,1.82618636091263,3.8106373553478,-1.1465185605177
11.9690966248222,4.62859167978651,1.22329800317585,1.49558800176683,0.624041163498091,0.138777909029483,1.93929780622936,2.49231609225642,-0.469668076508214
0.737698544162472,-9.26434411984141,2.23103811137358,-1.66757334146453,4.36946016670801,-2.74836879663584,1.85555911057571,0.639747167055045,-0.624349598629261
5.35427804569411,-4.64435423035013,1.19048667252801,6.00687252242038,-1.38151819162532,-1.94142130503833,0.985685324372325,-0.787627603021342,-0.606105934240276
7.18128473847688,-6.28095784002089,0.544887775624072,5.9299753311269,1.32295065523059,-0.792254624725755,-1.0561201431055,-0.277288599487663,6.34939827710882
3.78273329485943,-6.60004204950007,3.2649880251774,3.63404320881182,-4.57173551321283,-1.49925847558771,2.75826167298347,0.421420166994917,-0.0829133223863593
12.4595128172879,3.82217281354918,3.01630526611276,2.69935883221859,1.4861888469393,0.405116119377049,-0.909031121359963,1.70424176875911,1.40366801668997
4.66494322189842,-2.25244522850641,3.799058687418,2.32262905968897,0.659450658717706,1.03643548845825,1.5518236370978,-1.67850808818387,5.52758570382475
8.95122400155573,-0.771710512125503,-1.44604484044898,-0.478666180625697,-0.883137107254657,1.76256314926574,0.224402805131132,-2.57771540939197,1.86123332647638
4.06188596537344,-5.26669541878534,-1.44453482511836,-4.63659364994438,5.54348988617418,-1.79261934322707,2.16735228306332,-2.78935486218618,3.31087660548551
12.8968002092777,4.40760066642629,2.06265882812296,0.694428449812403,0.780349308875627,-1.01341575100322,2.50807325836544,2.4358850450076,-0.641960621916986
3.90673217661872,-5.91086875991082,-0.733100816623707,5.70457659670255,-1.22107019421049,-0.948954650323753,2.44866575972891,1.44044909136407,-2.70552940308194
13.0035874006893,4.74560471741522,2.40583177483748,2.08841505346325,1.7224178661722,0.568807166524754,0.601876184146235,1.63348358202897,0.168184995638157
12.9374222003236,4.28151235062144,2.14990510445978,2.26752863027847,1.83324969488172,-0.105540281529689,0.888723660697167,1.84633016644503,1.70966013825398
12.0346712090358,4.77284444112362,2.41003319807428,2.43890032544721,0.906878168890027,1.27467408633596,0.196799707404169,1.66074604250694,0.020744342607287
8.30187749673299,-7.53562086251362,5.34817283121383,2.43733846219994,3.67545761326845,-1.331066742568,-5.03274102591715,2.22617232931655,-1.59621119558725
2.28620839915926,-1.95081497103279,0.122992992170174,-1.54508607579992,0.705419225986785,1.19823159640795,4.44133405878704,0.55366997372527,-2.37204052140037
1.78097580045977,-7.82462649349937,0.28815648595277,5.50887881124706,0.368081271145326,0.397478880387247,3.39879436027973,0.67762557131733,-1.90964642733401
13.4623915262193,4.46666218516429,2.43144139065187,1.75925110902589,1.50507988575926,-0.15745513652275,-0.202810359314059,1.23914989965466,-1.1052762820834
5.18866572607667,-1.02627356941101,0.105280502397344,2.28714564560635,-0.39698055573016,-1.27489651366097,2.18546668018069,3.04795462423639,-4.62504224254062
0.164893660451142,-6.92430808434116,-0.94099224958117,-3.27455029223161,-2.95992439894111,1.71085146924037,1.08418357284774,-0.00706192271584837,-3.3767602170729
11.9616805288056,4.35625182058,0.457600547703545,2.00937654085495,1.39328969713557,0.797603989065735,2.26248358092592,3.10130306762234,-0.0570513825288729
5.81502525530644,2.17647306812552,-3.31839765676691,-1.34204109049006,-0.384780265646458,-0.969391874918287,1.66385779000833,-0.804768292536688,-1.59014419547289
1.76693451318315,-8.67251048439844,-1.03240860712872,3.06500129074291,-0.238678447043649,-3.29474355160173,1.62340431229299,0.41054046807852,-2.82021831194112
3.35398678677166,-2.48538082935822,-2.4352468279846,2.89789536593188,-0.885579641371782,-1.04808960554892,1.38164261845267,-0.374375621058658,-1.27415948266297
1.25420351311024,-9.1956710564531,0.550447958391873,-0.0762931265325101,-0.768177343384717,-0.0156542668113489,1.69706659314374,0.939172593002447,-1.6839388816787
4.85072786669249,-5.02581139653529,1.57567147152961,2.84881043100395,-5.24298928816148,-2.61962427301234,3.34463331131476,-0.406228314625602,-1.13860921716335
12.0581776987664,4.42389897378821,1.10956559174327,3.11527086467473,-0.185775078218573,0.658903507715835,-0.769248477617476,0.99300921359684,-0.699069831026724
5.69697950594092,-4.36587659104745,-1.65620103500038,-0.0904912396441063,-2.07684889163133,-1.65738150900807,0.379569099676408,0.839585415065361,-4.0528411680469
-2.09423917642183,-3.48754129745212,2.61391250078487,2.70219085161639,-2.62537886905592,-1.20319388732655,4.17699139951477,-0.188310287452984,-1.16717788732371
-4.03032773685643,-3.43492734497667,3.84427371887542,6.11877233273486,-1.3278116186225,-2.21941672759856,2.65954342534337,0.355915777153803,-0.76828444023384
15.1443629396107,3.06077236265445,2.29499767296503,3.57386266740972,0.775011865728418,0.291317943646134,-4.96118992798917,2.27154797703532,2.11427855143545
11.2943228154256,-1.40713032790082,-1.49561530444085,1.68029875214311,-3.66794242264242,-0.947493750002684,3.82742292465574,-3.43540141656803,-0.337950510566461
-0.608479927072376,-7.00823183265248,1.69479944337807,3.00075260330202,0.0511192521459556,0.640563860332092,3.12780556933816,-0.284299076677747,-1.53871151343375
10.5313181958639,0.24945934034501,0.0764949867287948,0.630359742971262,-0.631179187815358,2.70127858129835,-4.06930250430236,-3.01845661881793,-0.235012124845976
0.220897249706777,-8.55562920790881,1.57805890450035,1.07127524841866,2.26913911700322,-1.87991192437205,-0.450777790596382,2.56077168926217,-2.77553823025462
1.87807671672186,-9.43271728374433,0.976760624750507,-2.88757663992365,-1.44695702972083,0.425834983785787,2.0278100251504,0.372237506377571,-3.28782154944124
14.0168126165141,4.57850996663025,1.32173500673788,1.80428171086782,2.98534308739867,0.157986770105875,1.63415400471621,2.77388691495358,0.296027360829328
1.72385859927067,-0.343126991739632,-2.08859893506941,3.58189287016865,-0.986655000685996,-4.49389611406935,1.65041716055877,0.0900776300107728,-3.04510585617526
8.96831156077876,4.11251664000891,-0.345811899116747,2.94930365200172,-1.08852595176606,1.50508362429564,0.426995226911378,1.5284453890408,-0.834261799446766
9.240019437169,4.11916270645932,0.724822910678956,2.18721137129161,0.45851820113994,1.15495478573999,2.28861201821278,1.81383793756634,-0.55738955078414
-1.08990811336154,-5.80079408041765,0.246494375793405,3.02227846327077,-0.0818422257376226,2.19922764921243,1.4206261765559,-2.73861950216178,-2.2821489155615
9.1444261021571,3.64844747364267,0.0426274165462363,2.88232619590995,-1.38594504532283,1.40755129362606,-0.215753391008684,2.40157113169614,0.518485344016306
13.0005615185028,4.66277465941016,2.11514923997038,1.90648653980792,2.02819159460212,0.172818671864563,1.40862701810486,2.02845943449492,0.109693182538236
12.5399419115955,4.15186024187825,0.684180481100166,1.54774124315894,2.47275926639527,0.337634599496682,2.70114900707112,3.18136734687768,0.411450712700147
7.33635898098108,5.08254105367771,-2.33450622743236,2.04449062131517,1.96691130382047,-2.2071688642864,2.97740871826572,2.5268079835767,-0.984223900141268
7.08349199366348,3.50168279290695,-3.05552542761902,-0.0184672366828908,-0.252838023803699,-5.57521486792737,0.955137491794665,4.48094696034302,-1.44947347860612
-0.330638638808526,-7.59366104239421,-0.309396707490767,0.170872995346554,-0.649403570445215,0.379030723222083,1.72000298162368,-0.82596870792033,-0.269895378237377
-0.322799946758015,-6.3663828317576,-0.474893059335024,2.68098325172959,0.398856258496045,-0.723650342423655,0.249644602156108,-0.693515341367101,-1.74180626914257
-0.539626506192712,-0.362198751072487,6.72681029223979,-5.69079914065169,1.59691970666713,-2.51388047420926,-0.229358333781133,-3.94909047918354,1.29285202646503
0.770133711355434,4.27893869597097,3.18360475384673,-1.45887315455931,0.670604453467409,3.30792369771089,4.10187132632183,-5.06144477678996,0.843706715884898
-1.07451079277347,3.42381395662768,6.90744434941889,-2.06094017229597,0.341927123834151,-1.37848309311971,1.05936547996819,-0.93356952643009,0.138093769356891
-1.85175285698199,4.2499508974325,4.1953297367781,2.56264240682659,-0.203567974586298,1.01886131558081,3.67902071658372,-3.12242376803471,-0.0504937857691193
0.203575827494089,-0.224268760636147,-1.15703242364433,-0.372142266410293,0.0532800655775701,-0.974445110286461,3.05056407805048,-1.9508742308497,3.38304877412928
1.41728282692602,-0.665979477231612,7.88681956208113,-5.95668292048404,0.418160792719257,2.13446601356818,-4.06597479700515,1.08115066004774,-1.54598874050989
-1.97093145959451,1.72278939654432,3.43264318154308,-1.61903872848767,0.958534278126031,1.64698608682528,2.01696974535769,-3.12482717660924,4.11634016205841
1.14567990454493,7.90903275411357,3.75669179699709,0.333821119443747,-3.234742642627,-1.73062017033022,0.296974497860035,-5.56236211074834,-1.50303732916036
-4.45856229596589,5.91760343937473,4.86124735314054,1.30522157123678,-1.3505919824825,1.12005329048146,1.02794754559186,-0.153991696539616,-2.62289583525851
-1.61658326286166,0.0445998441534679,2.01348768985661,-5.27081085468042,2.24010069487326,-0.661404043905563,0.036045551889195,-1.04786055624739,-1.86020691327365
0.197326583463392,0.525448678722351,0.309961585969452,1.97701343166513,-2.08374895438655,0.345424026654776,-2.18519073978809,-1.02745702024325,-1.80400907688006
3.03229417128452,-4.12296635771789,1.60809660403456,-0.325481810213079,1.35869984481845,-4.29797188363223,-6.22376604177826,-2.48343366593103,-1.00160117648866
3.5187581306231,-0.722083768753238,3.70845421757695,-4.42138081666727,1.44537197758005,-0.0572586727890235,-0.390468965649934,-1.75081117056165,-1.74850373038833
-2.50128576965053,0.948659908891114,6.16981129446696,-4.3167412962788,-2.57683365717794,1.96233190506602,-0.416539874458311,-0.326327651112195,0.263253954905751
-0.0872345230181924,-0.814965318090337,0.74455821735977,-5.54655177871578,-0.166570661532742,-0.238218811642558,0.16468567290223,2.61696149630466,1.23876487041264
1.38802450754123,-0.111511098580055,-0.78872826514998,0.422693448710279,1.00273044286761,1.4882359674399,2.39623295305765,-3.23864711838104,0.0807771740392419
-0.747171371895496,-1.21916149617523,4.46261074575771,-3.27161400299911,-0.853469904299534,2.29101160301752,-0.879084652446856,0.987180505018191,-2.02296835070569
-2.84411248324329,1.42891978889643,3.02711303978691,-2.56810020605916,0.0975888790705914,-0.205262972891694,0.103432321801462,-0.808928256386067,0.685397755954866
-3.93198000156574,1.69224703875968,2.75998313335227,1.05882710129288,1.50190866848022,-2.29407448480612,0.330047978411152,-1.23777474786547,0.509017221534611
-4.38072484852489,3.07155517627528,3.99771887388514,0.325424150721447,-1.05654406009349,-2.43573446615204,1.57979987537544,0.605366358781871,0.29070486229139
-1.8309068626352,1.84975757234218,3.13220655454334,1.4269678179204,-5.02477188259256,-1.02966914897888,0.103295179162889,0.974669665238708,2.15951494817773
1.75361497100829,5.00387154259546,2.99072796643448,-2.91065056784925,-1.15317133163309,1.90300791945664,0.49068917366041,-0.837988542560764,0.410348687086743
-2.33086475861822,-1.23689220970376,-1.16255847913978,-1.42727101509529,-0.615400872558464,-1.58578127047741,-0.306654202275083,3.28342565661381,-0.851651410942064
-3.17437482405586,0.999929937899357,-0.331515910366342,-0.819470728429278,1.32776835576965,1.69196944940802,-1.48582928741983,2.82620587861406,-3.76695517796635
4.07033133639725,-1.20434147362234,-2.0588658834364,0.226688930544875,-0.885164553909606,3.50275889407433,3.15250925769532,-3.31500057530111,-0.506040315085136
1.15957417257451,-1.54449655111638,-0.651119854741344,-3.26615115762137,2.17421648034381,2.12598677333344,1.14014845804596,-0.636340235687099,-1.72536136078919
1.19178984092869,1.59735297431077,5.57902309703666,-3.27080456302531,-0.252759155672514,3.67087292991182,1.30267692595976,-0.724593293465781,-1.38656022671343
-3.24899075676898,0.972732863067793,3.26763499734542,-2.57573302436489,0.424723851645699,-0.93816909409844,0.652061845380325,-1.30123065364018,-0.453371040884611
-4.12970966177274,3.26168039560046,1.68371180330677,1.37363083465222,-2.22767904372999,-0.231681548448072,-2.02807517289501,0.142983150132495,1.46099220125118
-4.14553746799524,1.0942384444801,1.82790078745155,0.512639834625611,-0.208945503873996,0.760597002489533,0.19542571380542,-3.79324512721642,-0.248688851529077
2.66794245925801,-3.36698618151604,3.07690470582983,-3.55047038112919,2.82326533827866,-2.50955254932436,-0.761281890738305,-0.211240854389462,1.18264294480389
-3.01173988076673,1.1447172437,3.97136236061999,0.612690871186761,-2.45658676652409,0.730360990429695,-0.760993065128765,2.56324377072773,-0.183480970295416
-3.01397573323134,-2.23341269757488,3.16848452219775,-4.40442668222119,-2.24323347886981,0.992438958353148,2.03155695255362,1.48470467101258,3.3770475762108
-2.43846050788385,-0.218848526641382,6.05741440125435,-3.15584220916985,-0.993034102710242,2.61390685899629,3.99663314981185,-2.53454573735792,3.13423322069056
-1.46867585229857,0.209370689280509,0.505735479297968,-0.151041267916344,-2.47729174579698,-0.808542948930533,1.2377721918093,-1.60723089139522,0.0198998196388928
-1.50413344517475,0.00163857532882889,2.43336707937044,-0.941850933843194,-1.7450306180221,-0.364368215385055,0.422271821678166,1.7315364925181,1.71449342239609
-0.807463684281162,0.0238804292093061,3.5903119016793,-1.83441398318241,1.1955008363495,3.79304471567836,2.04795719170118,3.33679919627722,-1.38528314947775
-1.19863133443054,0.101492579768179,0.699607036953975,1.43185537052668,1.64171019263335,2.10937517212244,3.06083542658308,-2.80401226167726,-0.310202292697356
-3.70078902641638,1.40408709080155,2.74471157508347,-0.910747837427739,-0.967241831860467,-1.15602536447044,-1.4730936424517,3.3218297338452,-0.980283111131553
-3.55150395703741,-0.337314881936504,2.04994595318477,-1.17762099904088,-2.44652301540338,-2.09853514931949,3.716485580086,2.51038219612337,1.42629475690166
-2.87842506480954,1.49669886619336,1.45180912455124,-2.46855184435921,-0.241017170292381,-0.479646363356205,1.12146412040951,0.527966285101443,0.619793341509172
-5.47103353625936,0.411599562472447,5.37590452021062,-4.62989473978314,4.1997067124322,2.57998179280161,2.40593249305234,-0.72095362537947,1.2037679287061
-3.79154163139035,0.651119782957423,3.10471085202574,-3.99304589089766,0.646473163660816,2.61849225960039,-0.140768138774808,2.4623333173373,2.6796686516142
-3.86938918061014,3.90294758961766,2.53429908091924,-3.59132821532764,2.5191338700113,-0.155092239636286,1.89948076165883,-4.6628578510366,-3.86955608092614
-1.8360480661103,1.60823024226903,7.44554949870822,-0.00142372630159335,-1.5317863476722,-0.444724747647706,-3.42693951767119,-3.42839880020774,3.72413589039444
-2.2823679978942,3.1550413705774,4.69178744076449,-3.85811003299131,0.473881483813379,2.2252168384084,-0.115175847277133,0.0940994453138427,-1.68094671912661
-1.43652076767961,0.747250754292595,2.04806208187165,-2.499328823132,1.04275488658662,3.91896894536273,2.96920605612707,-1.65941804534979,-0.32443678283522
-2.49433831542875,-1.22763417890919,3.8455398451231,-0.656139209199067,4.23991763650196,-1.42552730570844,5.30859115909352,-1.17403221990341,3.7022721272912
-3.9125637062223,1.0168547368402,3.58602299554257,0.272338684761,0.014275161918875,-1.1878790414521,1.5053117808637,4.26931574648516,1.65094480242694
-3.86366877381686,2.51023815812021,-0.0539535287954293,-0.799015693846326,1.35901967146327,-1.91110294569338,3.15750685403445,-0.742973036870148,-0.0168417894993746
-3.0588367576767,1.37097510607922,3.3637553303783,-0.621015138505765,1.21982566383952,-0.0957318596745551,1.94083838938807,5.51510062439877,-1.68802803454993
-2.58047664563525,1.5533029884521,2.03510261650852,-3.17543478789404,-2.55253031552843,-4.15785868608837,4.29028939501751,-0.636409285355811,0.713365102783697
-1.61271050453384,2.96337095764374,1.74694332503429,-1.52453063078681,-4.18935174659261,-3.38877262843786,1.82474510345901,-1.80448680773171,0.0874462395020552
-2.91926185986863,1.17375292886847,-0.858717748601241,2.06861259566351,1.64128529487918,1.04516406899959,-0.548065117901464,-1.37601368710814,0.273766206551789
2.22512686471145,4.48036639369037,-4.57483423940169,-1.08299184479633,0.19076902256798,2.6991756593169,-0.0184415249601162,-4.47186922652891,1.92842148272809
2.49669662845993,3.84290474096206,-2.20966096628723,-2.4504742168745,-2.01800056796209,-1.84456283044372,-1.81660357323609,-2.72738795255263,0.765304224624965
-3.88023893686984,2.24360985350578,-0.856071645708843,1.28790422093962,1.83719677080623,3.06955756630962,2.15441014629866,0.431577927259813,-2.77440649690422
-1.26635503265035,-0.914014458772905,-0.349048969452359,-3.70414534507256,0.789531101355298,2.24841496660053,1.08419346104821,-0.936798810671899,-0.717564050075493
-1.07920352444885,-3.84018475997891,-1.72160047541621,-3.34222514480824,-0.653704065152075,5.73316716640956,1.96651986750328,-0.452814135379148,2.41817843870835
-1.13865997387451,-0.382194068468221,-3.32118643843335,-1.37679913426385,0.0667998663140161,-2.40262999237379,0.962187628563436,-2.71295673842146,0.663524740807554
1.7834435271198,-2.11007615533125,0.25449115487817,-2.68749008024752,2.66946341981638,3.06951136775676,-4.20898653252346,0.11565251286168,0.365872892897891
-1.7141450378395,2.52697489349669,-1.88433090551422,2.38369780092209,0.241887229433906,-1.0631830501095,-0.956234554544189,-0.238442198620174,-1.43091443553417
-1.89656204084677,-2.07902711311133,-0.247612337568194,1.85495760187526,-0.315796734832726,-2.32591827842336,-1.02760708457698,-2.6974827695329,-1.69934750026476
-3.79187227003222,0.876500481429353,-1.12379696260398,0.553389731316962,2.13545301334354,-0.338845951996028,1.45846692374292,0.946873530590857,-0.648518587577579
-0.251493587704064,1.11029960730125,-2.15865064021937,3.02791944951764,1.24661796309,1.271626322347,0.812055419606556,-1.51457638853807,-3.28706841014617
-0.549364401469255,-2.25053832746555,-0.222930164954204,-1.97970335189211,-0.313349087779787,3.64607342167323,0.739897256388442,1.09455069243615,-1.09525768575201
-3.06411196121666,1.0356547204852,-2.82604854156404,3.53276599675566,2.303136319623,4.04773260561801,-0.468165342875627,2.65892916668049,-1.40844471969365
0.362982316926189,0.515635255616885,-1.34640572872515,-0.870225099771504,2.92474275331367,1.05482172403465,-3.67691550763946,0.257951364018866,0.862892796060563
0.312443126112684,-0.222420463636653,0.900917627881314,0.14206902685843,-0.463434545484212,5.43696254069809,0.969666055744954,0.874106370674886,2.41675875078388
-1.42772651833308,-0.768682481102422,-1.89901294856173,-1.43601263176613,-0.849714022100845,4.30729291364141,-1.34307707042692,0.731302321438808,-0.158572130226938
-4.5803914052533,2.54331983737747,-0.138745930305783,2.09236633746927,1.34514306007202,-0.817412042132268,-0.63942368721463,3.97642562541289,-1.11530268413265
-4.98711031471541,5.65453605074116,1.6333995201795,4.37636416133517,-2.57474775681873,-0.359256935173926,-0.287792245663729,2.04568221130331,-1.26814324193897
12.5379623901254,4.68786175614741,2.21282495765766,2.03213662514278,1.92694453729739,0.619773528531079,1.16517558163141,1.71266259344446,-0.121707371958548
0.81295987737837,5.29427869979716,-1.7881183026632,-1.25358187397175,-0.691551472371727,2.66871164980166,-0.35753186516373,-1.70073751612481,2.12376877108288
-2.30524138514385,0.0189712700284092,-0.213427141014118,1.46493642253373,1.50587763229656,1.63092464210089,-1.20316273724998,0.617672291081008,0.298123132327094
0.756625305195447,5.58674153841036,-2.47815619662219,-4.07915437240875,2.95292606460711,-2.70137935545203,-4.33070238574913,0.53915868387498,0.287251424272174
-5.24945910539566,4.37808682588287,1.30451098534886,3.1527195764922,-2.51602705315885,0.044526530868921,-0.392414468924557,2.65398797602878,0.195955115842056
-3.75270077282015,1.14870460227378,0.681053292885477,1.52014431693457,-2.2384459819858,-1.25635640260858,-0.520639317586181,0.80483168965622,1.52278640268095
3.03277446916157,5.94884094555494,-0.726626471977009,-2.43881306540816,-0.844938191546585,-0.708944212810833,-7.42223266877443,-0.297121520741795,-0.472462133861805
0.799717278980524,-2.90067167955221,0.0701757294782791,-2.55856121932525,-1.8993700638526,-0.539812411098748,-6.14465311605988,-0.758208689547289,2.37577373325428
3.3333805016026,-3.65161414102192,-0.865275007628212,-1.41099454090833,0.918321139347686,-1.34866607111531,-7.23752155300289,-0.526719405042013,-0.025588150292221
3.80708217551276,-3.09925124291462,-0.446553119197766,0.370743851210905,2.62030128078971,-0.547401492372598,-6.29908996435088,-2.78373108385452,-0.478651165769112
-2.62521411785153,1.71813645690335,-0.26858113849482,0.770232270546362,-2.31370731935694,1.36851078688985,-1.5819778435956,-1.91829209775318,1.39193226134747
-1.62802769012777,0.356572364540829,-1.89798276647514,1.43453661309028,1.24997221584869,1.60122672978214,0.872175393714847,0.346127647090224,-1.28502377288583
-0.279788480767915,-2.62714596056746,-0.826827612809177,1.30725713682983,-2.1272288504452,4.67653894882237,-2.4273013661675,1.92351039886316,-0.379266057269239
0.497374883883227,-0.823965650351225,-4.40923230617539,0.665513609455945,-0.82690804619441,-3.35004760973357,1.79781201469233,-3.46814392189224,0.783520605610005
-1.81431824894869,1.76571109181756,-2.52829459389455,1.17403488118179,0.532997137342972,3.16530252388953,0.50949190349942,-1.67667598893998,1.87775328215618
-2.30619510730702,1.7036347520537,-1.64924465000058,1.04645867187957,2.26605150260896,2.42864390827196,-0.466724631413793,0.695974342575716,-2.69665354022997
-0.796390517151241,-0.36856591264554,-1.32702224507959,-3.1199351976124,0.498062079091986,2.30399941256099,-0.161332685864263,1.62233236245682,-4.48223559167957
3.04704483167625,-1.79016126673131,0.601893094280222,-3.32220370813161,2.31018319223151,-0.20900772861363,-3.11963052784443,-3.32243428903122,-0.21698363563566
-4.01090151405659,1.40341096326369,0.410980493167203,0.223895173889013,-0.305630225456301,2.71264584889175,-1.68165864909316,0.47085232252085,1.15199379795468
-1.00767169379421,-0.543359649122176,2.43428457317072,6.49300562477974,1.80111453218041,-1.59869802379265,3.00157528537849,-0.136782183111255,-1.2232867440275
1.02088813082051,-3.10621099380522,0.458943635190611,-2.10947010892052,3.00930781134542,3.05419841177131,-4.82351407246241,0.969700063943116,-0.706476666667269
3.56473146065612,-4.20628249819752,5.68199655735215,2.64679618468212,4.12950686813283,2.59265047600354,-0.56866952605172,-1.25787929061954,-1.43213361344021
-5.38217104638283,-0.573518291362567,2.72892856794757,-3.05358069754698,4.86944104557246,0.397527462664776,0.179425647039021,0.849172406940839,4.32636308161186
0.0565116273175352,-1.01603812773178,1.25176649551487,-0.978103640478212,-2.80687748742551,0.340175928350115,-2.28184670263956,0.0347891058132607,-0.190713644793313
0.102877494018801,-3.85507862832055,3.60957379692615,0.99209733133825,-1.47186871006634,1.06815053011154,-1.39346982345142,-1.94907659216297,-1.02778495306839
-2.10356064962077,-1.18655824629799,-2.37662756561633,-2.11236851676486,0.928638929778423,-1.74609142992893,-1.99585726138806,-2.298859277501,1.86405880455369
1.78543380188027,-2.47302465517164,-0.320772075080151,-1.67162686931216,0.815501329102003,-0.869999177578787,-0.767677502894507,-0.315564195427694,-0.286289149145468
-0.285753039497319,-3.40856452686504,-0.273110865819822,1.90156819672464,-1.99240830162365,-2.03204200191961,-3.22008153726801,2.09061001539147,1.71715320423299
-2.60074628282782,-1.12085050919116,-1.02744527602756,-0.631316336564326,3.66001368524217,-0.445312725448087,1.63932623800469,-2.07098760737161,5.17414172815034
0.476151651249055,0.0361075098407311,-2.02533632630628,2.25809362594866,-1.96887792590091,4.57735436453431,-0.864146238760319,-0.738626804895526,-0.359916071790378
-0.21880152396983,-2.04845132872485,-2.87417209201322,-0.510534861856583,-0.302349115808223,1.45173939907249,1.39540754814668,-1.94869044777882,-1.26973406517979
-5.11140527377587,0.893620572552428,0.146771281354896,-0.0744198297345398,3.00964918729782,-2.99350649052985,0.882220225185236,1.00094445963095,3.18357641080599
7.70487119480122,3.37117849861244,-0.54848085251849,1.66680866674104,-3.52872400504704,-0.998031347117845,-3.98003086825088,-4.39903436702005,0.696645379099896
-2.35726852025423,-0.92866857964324,-3.90062798582509,-1.96168840086476,3.77359529316431,-0.641143484741184,-3.64049616158207,0.0950571187266369,0.442783320916951
-0.232550709283838,-0.495727452501234,0.124771368862959,-1.26294245464256,-3.96160532872909,2.95682856852181,-0.0234304768445367,-0.32322177098554,3.06814066473049
-0.636762756199948,-0.714104746808234,-2.82906635888521,-2.66521347280548,2.78129659677108,0.324741272685309,1.09116074583643,-0.0395797512185202,-0.44455975121522
1.68017025952611,-6.95584941403549,1.11473553037172,-0.695827538358504,-0.852820609211196,2.20479312753082,0.267502332742122,-0.297806560993561,-0.301920699159395
-3.45807485962945,1.05871734870782,0.716609138483733,2.06981569483872,-0.65477030749258,2.23534004081955,0.0912562763438506,-1.54638375725404,1.33460298237907
-1.83291524803379,-4.27287378940151,1.15699248094752,2.31597843018414,0.85812151899324,0.352478650088782,0.0114711869743796,-0.847080311379797,-1.61008548455951
-2.22157395913469,3.06391038087369,-1.08350971214441,3.96070021382664,-1.16414517026347,1.60737389587035,-2.76591839780322,1.39928764923859,-3.35698137979308
2.635456470094,-2.65219901503542,3.83706372678131,-2.39849452757096,-0.574663072849008,-1.62862296580867,-4.85382293657124,-2.39866605291435,1.08766915178639
-3.51924028386348,0.816649539411876,2.83556065542136,-2.42964216482115,0.383418964899093,2.81979774460518,0.0976642473432037,0.229185837085223,0.541912548901815
-2.89051887297795,-0.197557967466772,2.04540017064828,-4.63242847959771,-0.987329555434702,3.60064679722692,1.19189826152822,1.45662261008728,-0.947781376960219
-3.00817990956136,1.27835066341406,2.61676303402192,-2.3665731727542,-2.36756131796586,-0.742319119094144,1.41094356114489,-3.20214553167054,2.51759477806607
6.33808218806881,0.705331746736724,7.34208117646967,2.19120002798368,3.13618145592516,-0.303552808121535,-0.629983713057372,-0.440862133559261,3.35209384948101
-0.297520693238902,-1.00962808698595,-1.25508458525688,-3.92264804454043,0.427158147435754,-1.97707069507067,-0.192706409302675,1.87020501643713,-0.804566464421009
0.938581642815783,-0.931498210040633,1.87205971879635,0.867553544721672,0.0901291652619598,-1.93117559570567,-1.08031893544263,2.03579781503047,-1.72984824070713
-3.07518379977439,3.41749277637472,4.36633968915091,0.431557474131274,1.27011988886488,-0.866369519541705,-2.68566315146037,-1.43851919717649,-0.34025123087657
-4.46706484245738,2.35198926140327,3.26538806572423,-0.59096496267859,2.09262514064906,0.874915555358407,1.97350618382514,1.39697502485099,-2.95217280677376
-4.65279538165966,3.8312131699399,2.90030064944121,-2.00018765694305,-0.792374890678037,-0.112810999160505,0.425441686670064,-0.72557402655199,0.409711252927896
0.677773279747342,-1.33303237816994,1.8749644092148,-3.75123635198381,-0.183454048067315,1.16018546381177,2.76729188680425,-3.3138952415456,-0.195833616663732
-0.277416149427283,1.37824049912966,3.03212631659252,-2.41396319342697,-2.77866046752681,0.841704935328841,3.26512306947836,-1.81580439090912,1.83439836990543
-3.92020987754446,2.44569976053425,5.2765797093431,-5.30872897526711,0.713141554562203,0.624056909147533,1.72444420736762,1.73299476315148,0.48988884848136
-4.36250387784668,2.64883256294392,4.3757562510582,-0.350929195519138,-1.6474005176761,-0.559169493707977,-0.335450683785056,-2.09389940297689,0.509690275306446
-4.24306075314826,3.85588651592963,6.65753364127397,-3.25057998839561,2.6937746580408,1.47403595930027,2.95411463304447,-0.264330972294491,-1.72457456164653
-1.71966907067735,3.10846970998295,0.888537191899836,-0.265107433668496,-2.05668317735759,-0.00631411988127666,0.818957614283269,-3.65078385996387,-0.40390552674948
1.35133175392095,-2.40064243826559,1.83063624233953,-4.08679539676121,-1.85112143276444,-2.67217466351541,-4.55736744964891,3.37422098408817,0.95789138826768
12.4835803633327,5.96546138998935,4.08681430054984,0.953972873589413,1.37145881091947,0.0195462434605178,1.8748738154459,0.731299575954424,-0.532875221839741
3.45011122885213,4.61581870694483,-0.364694341886863,-1.49957859497044,2.15206674589749,3.0445409753357,-0.122901979021786,-1.8658890370342,-1.24970158383953
-3.03478916880057,1.91680009446868,0.865487254728572,-0.010507212230771,-0.149956140171871,-2.357320458339,-0.419548180854757,1.48752175285634,-0.624142999373719
-0.462910416817039,-1.45156090313545,6.7386395195707,0.263900260345116,4.05872194497876,-1.22535090683673,0.944556967904585,0.21576125165076,-0.238877345197847
-4.32248420599433,0.708811586656843,6.65140447116697,-1.55879722903867,-0.825735812269225,0.130499608621677,0.136056182054737,-0.202931231501543,-0.488139940630487
-4.85312027393361,1.31512000781365,4.88729462462289,-1.35512132335263,-2.72507721411,1.91703872362823,-0.781100448098738,1.76892712542644,3.33784693734843
-3.12575600262609,0.373843332242544,2.00793137326922,-3.20190312500635,-2.63355187324014,0.181800371500098,0.164387946851551,-0.117506375472333,2.68724361602787
-1.03292392576404,-0.129124499680908,0.731607352654802,-5.49746633687806,0.782557850104659,-1.57919353144298,-0.466357329426194,-0.704622931653056,-0.0712460507915882
-2.59451675874089,2.29502200518979,1.08292869319174,-1.50477408630827,-0.408014924769252,1.1999868509705,0.852844692694418,0.745118878966421,-2.45216637197789
-0.793570719200135,3.07776755243361,3.82838843904633,-4.75254146175798,2.71809125855635,1.44740548619579,3.50227322721374,-2.01770927441295,-1.97937211854801
-0.263165953734623,-3.14657176713841,1.78592655615804,-5.08745157929987,2.78054886605219,0.23883289058096,3.43266788923985,-2.95134225532012,2.3549442239025
-2.83441132981305,0.22768637986343,3.4475697870811,0.151904761898446,-1.14460544336268,-0.244653615508086,-4.75715170385713,2.17993603555288,3.36921332185009
-2.1456940632438,0.74883316866283,1.93363627395629,-3.48990920914925,1.46709478740326,-0.490836096248172,4.02921971888594,-1.20344861791147,-2.59148346186207
-3.06651767413012,5.10990917604377,2.72355136155493,-1.83675523922463,-0.455670685789674,-1.05068107865408,1.76623532107936,-2.6274003970032,-5.48321553359821
-3.05983834489791,2.00419468617901,-0.997699658009675,-2.79336373677208,1.94337650092352,-0.726243999637493,1.91382982290567,-3.05068265432914,-1.81684761168075
-4.26654661807348,3.9041051549581,5.39276387598921,-2.15171466481743,-2.03587282623259,0.048097521593487,-1.74886142282211,-0.470709196119532,-1.98111466467221
-2.41996577484979,2.13124139138683,1.16011818859027,-2.77108414581352,3.78477709315084,-1.25391723329368,-0.135983179472433,-0.581783330816968,-2.57951437022255
2.49519300366605,7.37640801062153,3.07186905880645,0.911994021438576,-1.12391782786819,2.40157875094527,2.80102754553722,0.183736776579269,0.156512977638492
-4.8855644450297,3.85890628924943,3.98517412015973,-2.02346716680579,2.7891357666271,-0.619739900024259,2.10007809056854,-1.51054865504726,-2.8012834105913
-1.25219967315517,-0.230097795839948,5.10180473613931,-2.83426688380243,0.866079014943731,1.83171359140193,1.82009508373736,0.103989894572701,0.952688806355792
-1.79179327842763,0.255798834755533,4.13707914843909,-3.82937753279862,0.540681513277406,0.40928319921237,1.65424360302568,-0.41645406327113,-1.81475913325322
-3.53928518425106,2.4313074823384,0.326150604770228,-1.53039007978451,0.448195108837472,-0.109059494213669,-0.0668311209855677,-1.78357767811916,1.72537485282468
-3.12089303411283,1.8900626439898,4.76333900905476,-4.2230272162672,-0.011471193901078,2.58459417757279,4.33631912282304,-0.826179583527209,0.839673245519547
2.63197579978405,-3.26265411855465,2.75872213268418,-6.33653440358797,4.71107805881664,2.45819565780091,-1.59317331584709,2.84697048974757,0.085868131088647
-3.8100275731992,2.05365174860694,5.87271158283813,-0.348036899231666,-0.140559909099826,1.60627923898526,0.0160517526850749,0.5676489220379,2.46258049015846
3.09367033537347,-1.0686860247302,4.18268971643798,5.17799253352895,-2.57523879922885,4.5819489655703,-0.816167521457389,-0.0179392531009536,0.109985965684179
15.5686665409478,3.26252659380016,6.62592682731776,-0.128839118519149,7.91214900637438,-1.80769474524045,0.387206072505317,2.28331685496992,3.78228666365349
-0.0513475826519569,2.64154479801587,4.16588055583373,-0.399285752161495,-0.779405946833172,-4.21580131926671,-0.26798178927451,-1.26934320868659,-1.03111800535287
1.93158718867208,4.58973803501212,5.30883913945652,-5.89207761031496,-3.2491521108892,-1.52165598727819,0.264362482375125,-4.86371839926943,-1.57079131470505
-0.956591303293773,0.819329534157041,2.84415984807712,-0.170776943594659,-1.14223157000314,0.0388579567786495,-1.08035918929558,-2.09313069070654,0.701985591025467
2.78028607217389,-4.52303773289399,2.01127001757629,0.240765061823614,-3.34507147852977,-0.703171919642606,0.836087603404855,-0.70029945418964,-3.91170787198555
-0.569621271233455,-1.30843268454268,-1.10963270529159,-3.8016833981036,-0.496335826595007,2.36388492360614,1.98687140457106,-2.8969884692777,2.87634787002979
6.18874919358924,-3.84473036359632,3.69637264191658,3.33630870322035,-4.43606215024757,-2.17405820146014,-3.43250532286421,-1.27193282114711,-1.334365297257
-0.637542040815887,-0.355410852721087,3.03643653906717,-3.3663205369109,-1.67067751235507,1.83011955069226,0.215512511677885,-0.750162707247705,-1.9096323414705
-1.34611075778653,0.23316840227108,2.78869773605741,-2.93771709957464,0.930577075134404,-0.369965328823666,0.557964304938279,-1.5184495666408,0.143812235352945
-4.08830910996036,1.238453013294,6.04088495352005,-1.32692042244697,-0.685498201751714,0.832198220739717,-0.073084217185923,-0.626745710360028,-1.45314813706457
-3.08322206906801,3.45510825972439,5.27311107989495,-3.49546108485138,-0.973703650430056,1.44854371258511,1.93519144842201,-2.81423936685093,-2.61974620419616
-3.62370848219328,2.07585624790438,1.89504804005115,-0.0349519174096919,3.31690148506634,3.77864381769809,1.63187838559239,-1.29187810707961,0.00196100344849033
1.05809421889953,-0.759176476590792,-0.442414732817772,0.43640127894735,1.80037565491617,0.0129711610268371,-1.90879302380364,-0.0709481993138899,2.20484145132344
-2.0689988683102,4.36830430375976,1.95096607395912,-3.51074393223987,-1.0750347206777,1.10293476044925,1.69426928948098,-4.25985212422258,-3.66354745527817
-2.68988662501384,-1.27150629127874,1.33865456272114,-3.8150908814625,2.14470236078591,1.73201003333535,0.636551643038482,-3.24258009707131,4.17915465626653
-2.76342307747137,1.11582291625719,2.7880196585003,-3.70293980120756,2.48820064144093,-0.0920916678110443,4.65687732553426,-1.70275643238495,-3.22860686878599
-1.95707541026892,0.470784926165512,3.03116811949229,-1.66710482492661,-1.76278379709987,2.20138928107336,2.31713708519494,-3.12327228505166,-0.236025033046994
-1.14079169222798,-1.44647894062562,3.34887346829597,-4.13020030998924,-0.0408001630315713,0.145160598306637,1.51706418986936,-1.99581263895665,1.27616453782951
0.713772267989788,4.83296881632072,4.97562752660212,-2.79681096186459,-6.18365971778548,-0.498017508378469,0.341639434092827,-4.70862470643533,1.01429828063183
-4.17231117980447,1.51741570592961,3.49455193663244,-1.93324185467246,-0.575809169935511,1.36767598945929,-1.708719315755,2.89070909230914,-2.48639508126957
-3.19357112315444,0.603006801755155,1.4522899097165,-1.243982868904,-1.12016142521424,0.323647476895426,0.462285576356646,0.204164460341634,0.65596710240932
-2.67476827459637,0.994072779145835,3.35789575926343,-1.81680109603945,1.45165305069748,0.686302615331136,1.76986645199647,-5.19111677656727,1.43236900201641
0.432603742951816,-5.16927457814263,6.89058320202262,5.14538975728351,-3.48320503331723,-0.747727824618372,1.62467392748466,-2.88128049541593,-0.222124347167549
2.54699157125306,-1.26676161014523,4.179269627158,-2.69709326544349,0.724799156684503,1.46170657692395,-6.02291583631765,-1.88698841227026,0.865183362442875
5.50865272884794,-2.37942073096388,4.66914051645303,1.52805809043398,-2.95937193656516,1.96109985324266,0.200524107167907,-0.570803780157838,-5.28359083870359
3.55671374403197,-3.66165076089531,4.00404789998825,-3.41876880962688,2.79747683101985,-1.71825563535582,-6.61237944748132,-1.5717550516234,-1.03503680604102
-2.8229995216405,3.98506274945788,4.34373671747857,0.444520120568046,-0.365886183802021,2.74886733595478,-0.680902730329661,1.2300886886051,-0.457600025933083
1.14662600484973,5.28304933463241,-1.42949900267785,-3.02068832356931,0.920737657310348,-1.16841631797965,-1.65386599431208,1.21996183197577,-2.72535869151676
-2.30924222939288,1.60572740349625,4.38921882239172,-0.415710777460676,-0.242378732125393,-3.57071669939864,1.5102030713621,-1.63765222243672,-2.57092951590145
-1.33194637058726,0.604251565544892,6.75021618039261,-6.6538257537298,0.322883932298273,-1.46441034943136,1.54347875634437,1.52325330177467,-0.829909109015579
-3.18227457349069,2.60785293120202,8.06290716419638,-4.68874483988394,-2.94675628031454,-4.68721074508492,1.41552062445134,-1.14186648030938,1.04201755085349
-0.0140630164056469,-5.99634253931621,5.65098353292606,-2.23879880606248,-2.78901384207135,-3.9487107910529,1.95041141857025,4.23045181894983,-2.50236260214883
-1.65347043271399,1.36084127931415,0.774831442659862,-3.72758896044455,-0.574616873247881,-1.74126471985873,1.93794793881629,0.762592281011372,-2.08201392719235
0.0229836964582768,0.838559459122174,2.67251507119451,-2.21473441443594,-1.06356094340706,1.4341042832925,-0.456759358215704,0.591893915826774,0.126580412310232
-4.12710560954362,1.00330362292304,2.28748613636571,-1.76876240349198,1.16245125462785,-1.84357494488117,1.47781596743261,0.0393956774418171,0.690269377238026
-3.69424444255104,2.22886363228729,2.74990808847416,-0.74104679973368,1.85751312392684,-0.696816352346127,-1.30032781029471,3.79290116264648,-1.55542000683
0.520485048335981,-5.51815945901806,4.0607630295923,2.15892060261837,-1.16535920686859,-1.29179753523135,-1.07102257698793,-0.342339149879806,-3.35586187582143
4.33803808419791,-6.60424891080924,4.60671673290143,4.28418415391864,1.21462099634103,-1.69653040496801,1.03206410247022,1.63373159886337,-2.97760056979144
4.38677819998246,-1.20636373238023,2.48719170943813,1.7904774318576,-2.35093476211993,-3.71963478378882,-0.962268899573177,-0.899497609690135,-1.60267209732021
-1.41106630133209,2.10149826660478,2.71755675646556,-3.79564866056491,2.1071674586573,-1.61366096939173,1.50708700251502,0.344596253270599,-0.341780135385623
-0.0998521609146781,1.49468451402175,2.45374528862905,-3.48148744806233,0.828480192630428,0.675429248521604,2.34401620654412,4.0192757549535,-1.85124422952403
9.70210294486966,4.73680794679601,3.0001023395539,1.14876812138477,0.533350702986833,0.805929935494741,2.08545445197415,1.11810981797978,-1.56984310663331
-3.98308450455627,3.26849786303444,6.48041845742859,1.42376051169387,-3.84423886724072,-5.27134892739396,0.771530952465755,-1.25238335259751,2.38996087015901
-3.20659449820548,2.11517264357337,2.46980661614089,-0.205018758654426,-1.60499460749081,-0.139028319184592,0.840622073692641,2.45363131255785,-0.492384265134009
-0.535842757861354,-0.37660266885969,7.02080978039257,-5.03960278173543,-0.734404120274609,-7.34488555109039,-0.679325795525765,-0.0945173770970413,2.20014651243978
-5.09868121018143,4.17893173553414,7.79826985372893,-4.23596362150378,-2.79499735769153,0.263988036352801,2.18146961615008,0.62757193730411,3.30395775399198
-1.153836192308,-2.55639791385841,-3.76775437993193,-1.26822306957123,-2.14602631560665,-4.96952143877714,0.682805587026053,2.57284616778996,1.17221218951181
-1.34618311398232,1.87212153636845,-0.250836117538631,-1.203579255805,2.09128682126594,-2.33768154025854,-0.324889952219928,1.01289992794004,-2.90997212882492
-1.2472830894378,-0.799722187326491,5.02835147166838,-2.10264534345958,-1.26639457494108,-1.93432400681139,3.36018528075048,1.98480777438545,0.869553621004577
-0.473934956077161,1.87873699237653,4.98964035747333,-2.50858824011538,0.209170409089559,-0.850770361097432,0.601106683237477,5.83327884905601,-2.67622323286367
0.441227204937773,0.0998752439796629,4.62864931372753,1.71820191373926,2.42606512125991,1.91618190485718,0.610845236646412,1.30959997252479,-1.98715256493979
-1.91059583658661,2.57109990364118,3.65963203494345,-1.25261467656037,-0.695039910938515,0.280138756419356,0.519947617091117,2.91363309626493,-3.05785409759997
-1.1081844736819,1.10140998062112,-1.75568927793146,-0.777398488908124,0.997755329124043,2.58413357789138,0.293717841668241,0.838942672931662,-1.61536388106796
-4.51857915975501,1.47316913947522,-1.220257661764,3.00293087660415,0.430712496526132,1.62481146290992,-1.39689468652512,1.75455102468526,2.46513803200674
-4.09338728823495,2.40174892274395,1.50536546386208,-1.49134339586318,1.60464905550682,1.07520761861098,-0.102518490695179,0.500049648876597,0.748783441733159
-3.63886709762519,0.3422716756286,1.12935658167741,1.8047778837162,-1.97821887051719,0.206904240890262,0.80244294167677,1.69128010716806,4.70602239878227
-2.38007002261929,0.938118569420626,-1.06926616316581,1.700822342788,2.54225596825728,-1.0938221820005,-0.210574617892467,2.69147760769635,-0.434623076944359
-2.97949208763694,-4.07886246140088,3.88058084808525,2.70757684471714,0.622332517719094,0.498819377497163,-1.29848868835542,1.71317047743547,-2.20583244634431
-4.47845629265884,1.75995082430734,-2.15535821916703,1.77062735659725,0.385028249497386,-3.20797446276139,0.914230442164851,-1.70648571140291,3.11475622595903
-0.764622894632128,2.05274667803038,-1.09354483182377,1.35570019659056,2.39447409191333,-0.584428802057392,3.14542899404086,3.97498894617816,0.364311006818723
-2.31077950729551,2.02662274147954,-0.963781264229531,1.62253485605984,-1.37160554562372,0.113247913122214,-1.63080097284947,0.855268155724792,-1.71106844851836
-2.66185053887413,0.248334506139297,-2.85552106689887,0.633949291013699,1.5712529465974,1.03095538707105,0.346259899473833,1.18262075807383,0.133243041802999
-4.81270129595205,0.575297352126092,-0.345083493276051,1.29746309626208,1.07695541368078,-1.38165082609552,1.48913115677138,-2.44621643047818,3.28148189804494
-3.71301130741135,0.948124914982212,0.774243113331612,2.28096461379914,0.144093808556105,0.961582992207807,-1.47266243348909,2.81716120113715,-0.562858713817162
-2.1765061020662,2.81301415619167,-1.16700789310131,2.9675891947987,0.566682937882206,-1.03045727438855,-1.30633502351889,-1.74655940375442,-0.941296678179482
-2.87312601686359,0.468068747911902,-3.23890206199526,2.1290933119908,1.47794017876309,-1.3834644793846,1.22335771023477,-2.75592044305538,1.15523373966988
-0.541823637192548,-1.48599358012248,2.03593764355232,-0.800643306619092,0.173886746855351,-1.48812101782196,0.119818305565422,3.09106197320035,0.832545226694049
0.18279505155891,2.51491723305571,-1.31224642418011,2.94946175616366,1.63058328632281,0.99427392641767,0.858208508387532,-0.51432707972405,0.00891391691069452
0.652073509915055,-3.76016731879823,0.136707097638937,-3.92388460254424,-0.214500516434976,4.08086176395501,-0.539038044974141,1.52929295110153,-2.05212423097528
-0.74450360248801,-3.37973765276867,5.16739915028929,0.395036290816521,-0.00645803725200062,3.30837283626134,1.46261650704459,-0.640134702091516,-3.10466244094005
-0.021834310884318,-3.12693227525265,0.835044389195414,3.36231163825431,1.1806487212222,-1.96393829877804,-0.196782991026657,-0.347552093100746,-2.68291484479543
3.5486938476768,-0.879492003247857,3.38373163694326,3.12581082568826,6.13814902915032,3.0476887050627,1.49717766881039,0.227868028291842,1.07179723681167
-1.94745838153294,-1.90748511724933,-1.94252711969142,-0.0907955726936537,4.78920426770834,-2.97014884481375,1.18166309976655,-4.42826054314093,1.95400846743747
-2.05989383645107,0.289775820008858,-1.58886315772512,3.70107762115526,-3.22385640515498,-1.79136652816463,-0.786706388209238,0.869145311740658,0.932877242745472
0.443716161940292,0.403697910180187,1.47780614199408,-0.178969217113457,2.2162151979004,-3.29285517840265,-0.0761960901394792,-4.31168326535266,-2.40334708067216
-3.11185318195532,0.0179612243447522,-1.22869194498434,2.58653445543866,-2.6628597362723,1.93520540635307,-0.116105944417386,1.19082264277877,3.47465532437455
-3.15383480002985,0.039790167501507,-3.43399202689113,1.48236058463508,2.12558093544705,-0.407533858605246,-1.05620745716922,-0.218046717147872,1.70393993470327
-1.18333752376113,-3.25501989921249,-1.46160316012434,-1.93067254193008,1.65487141538747,0.883269181986803,-0.641928916307683,0.782199866916528,0.861408472158342
-3.23084034217182,3.13393042421636,-0.646416982784054,5.05013737184581,0.566461356727167,-0.848144295944905,-0.524845868411442,1.53769701788426,-0.218692968511234
-2.2261015902108,0.534268102032251,-2.39691782995914,1.29396651427299,0.358702095022898,0.664359012835452,0.382911990936662,0.767883687496916,-0.381934174938167
2.08341080849103,-3.30861194078453,-1.95196879200779,1.79976296307765,-1.40309897695866,2.39701597950115,3.5682971778257,-0.62217946796358,3.06306745453834
-4.86182585907761,1.68777984356575,-0.963146771384896,2.54586174324337,2.52269218461833,1.02031518794756,0.569715207707685,0.354955568879518,0.726250512446005
-3.72253287735083,1.48445536413142,-0.949915883500672,2.24414005113263,3.5965851652537,-3.61932990341262,0.648343896095368,-1.66160503827213,3.06816270357095
-1.52317395707225,0.302444802296029,-1.9816359961743,0.756281499814704,0.595721574239824,0.459611173845824,1.14643546633953,0.0835551084736467,-0.266660430709144
-3.767744544471,1.35323633687781,-1.75592697834359,1.86909941267183,-0.0870641648052497,0.395410018502051,-1.03517520333245,2.87894853301805,1.46712388226102
-3.96408539808745,0.891359898577354,-2.63324043779582,2.54815769820605,1.03989203125984,-1.23302725886305,2.1525555399904,0.224168944525495,3.05977224265978
-3.27686999964412,-1.17184802228969,0.737803126052952,-0.0525471440043784,0.743436738884734,-0.35982418778644,0.431136748483731,1.86568690401788,0.528307259648855
-1.51339359605032,-5.06306423457493,0.272878662703054,3.72236157857411,-2.20000540850341,-0.808791038477294,1.31992567319958,-1.55840344507688,-1.04293768346262
-3.64194992717759,1.86805818467907,-3.3759084365033,0.298877827118819,1.10774000207103,-0.96612498494354,-2.0839216865623,-0.633642445656277,-1.68751848703993
-3.17612013609857,0.533407969865682,-2.29238035165293,0.376553129286976,-0.283492487736939,1.47727626114831,-2.17191311217297,-0.689770843175882,0.417177301941319
-3.83589449958823,0.275008553754722,-2.13252735327645,2.78397553100831,2.2023196165844,-1.28407177451033,0.608192955009971,-0.476585708170324,3.23610537774731
-5.38619793969955,2.65503080464807,0.948534150374765,3.41540645617633,0.500145157421116,-0.932416317029094,-0.704368609574132,0.200044957020265,1.3865537967504
0.622860312876573,-2.347297864106,-2.49803628853973,-0.81654813958791,4.15427240299844,1.53738960756852,1.38803124621133,-2.81112541366185,-0.408243265466014
0.457216926996612,0.382149820332671,-2.48789633174654,0.841074100053809,1.89791984793168,0.399048100096736,1.93676070821038,-0.155115029655031,0.644503916344438
3.82776763640988,4.2648642846861,-1.52480750649981,-1.25891359683926,0.947151191537345,2.20718451848084,1.68446423085309,-4.07707556675208,1.46207106293843
6.53056777245872,4.50883845624773,-2.60340261721697,0.859994848829072,1.6807113923252,-1.42506241876298,-0.853716130872152,-1.93080515715964,-0.107446923635556
-2.12796996215747,-0.492628927086071,-3.02575157153043,0.701175942104042,1.21820683566693,-1.84453034438125,-1.24060978225511,0.916386428371541,1.90420482347188
-2.00505977270466,-5.57874394945461,3.42461617098323,5.67187145136328,1.74343069409584,0.848483214718055,2.86388306618812,0.442672708350674,-0.33616339717116
1.87965617195708,6.40939262104078,0.41617063043774,-1.04316788794624,-0.765026974692686,3.90886501355119,-0.363198693019345,2.71926531796124,0.108597049782479
-1.33348665208728,-1.10956703575255,-2.23825519375948,1.99672234559963,0.442299627919144,0.960114121784082,-0.478873485295824,0.892456280375353,1.26530473194185
-1.42335044060319,-0.62408399469285,-0.843956549711429,2.06410687874045,0.859301377151586,1.41019795084388,0.28608056351177,-1.13964712595558,0.157688745262159
0.994893196972591,-2.4614860869778,-0.945661620626842,2.26159621750493,-1.38309884964527,0.161109405576,0.611933389660017,-0.339991907538332,1.79447634862577
0.315888011172667,-1.25174552488338,-2.02422024812505,1.05942469157337,-2.5526069214378,1.17094338381852,-1.68938754467606,0.00567215540482569,-0.829917887806724
-4.12716233722006,0.0633220801474256,-2.59555750685927,1.93132545026655,1.109827210147,-1.20735165954346,1.00494719312503,0.351397554250815,2.82645030506627
-3.18307703864957,3.65391112985448,0.515539174487585,-0.531779004538608,-3.8250061246557,0.817838031702031,-1.68631366929913,-1.29106552029605,1.6806978943801
-2.61263209951769,1.31528934743749,-1.77815299205359,0.81226949416524,2.41998035284741,-2.95972365622902,0.830013030424347,-3.09880639167281,1.62752213310275
0.49889854593338,5.81044181635955,-1.03007932623917,-3.27438463491084,-1.92105176727267,-3.50769153531851,-4.58112244683659,-2.9204572384041,0.221758930690715
-4.6220760190522,-2.74559671903533,0.448548123418468,8.67558033066742,-1.92989774473257,-3.99050375860727,2.53960870236863,0.700126102704575,-0.234051080102727
-2.00590440605196,-1.73695624579741,-1.50608144282153,2.40896887262156,-1.05842586964495,1.94337994360778,-0.215360229546607,4.70662217566599,1.25183459842141
1.15930419627013,-6.74133747553152,5.33361790599018,4.52103166291311,1.9073094895899,-2.00435195409814,-1.63542860935511,-1.12688042722624,-2.60272132671399
-0.425020256426669,-5.76926050064883,1.6086297463298,3.1178613606965,-0.495877537253157,1.68845232365058,0.208618306280211,1.23777981224087,-0.0422328977085375
-2.01855863871888,-3.78809622146798,0.990284979070663,-0.546074636682727,5.56774913143576,-0.551110557376902,0.679329719753428,1.28025045999139,1.30187452272877
-0.0399929446642883,2.02312025552824,-2.07585498838096,2.64270762006321,-0.903183822976671,0.103614397737817,-0.515024801580468,-1.13696573073612,0.54686795240707
-0.436131476748706,0.0857189251254399,-2.30659948589497,-2.83760921368294,3.07091594929367,-0.214229563646411,0.627927966491932,1.06255592301544,-0.152173540075233
1.86333532935733,-6.47071921230237,1.03618115558372,3.17372787452447,0.652023168115374,-2.04074051344973,3.29328946307959,0.933838798566291,-3.15959056378976
-0.430320916724305,1.18861709889723,-3.16606868875658,-1.95515162278043,2.1196643120447,-1.31612228174682,1.38615310760095,-2.12351297418509,-0.521516472554893
1.98554072007718,-6.4739249626367,1.64985717966335,0.301823433314387,0.84763709113038,-0.647690473844761,-1.51087087101788,-0.0654472995288898,1.03576023169026
9.72248056655455,4.856562190241,2.63876549604621,3.08763727161468,-3.01080968965686,1.40079333878239,-2.59763916239043,-0.209776512842051,-2.57873078838371
-1.55954476459466,1.06821135023002,-2.64629534448332,1.8836973964344,0.368556195751524,0.0320997031456145,-0.325513974088207,3.33675110459691,-2.09276247526973
-1.93656032493986,-4.72226255892615,0.680029435949617,5.50933171543403,0.219906782090511,-1.85883576746392,0.764080325766678,-1.00264415672377,-0.556354620151185
-4.6467541007461,0.119522450508865,-0.00778370662273025,1.42896061784503,4.34479913064309,-5.61897627999045,3.62604070335011,-0.593000553618591,1.85993626766389
-2.04285816495461,-1.00606029858449,-2.06847425594869,2.88002724108086,4.12406741772419,-0.572501391501827,0.813789930251237,-1.9005916138136,3.7209067895585
-1.13153662191756,2.40665062455754,0.571118667075251,4.96085340144639,0.425027562645612,0.247344317615065,2.08317912318162,-0.767055911851844,0.751404885987068
-4.03145471909097,2.22970134790281,2.86923876048393,3.61830863212352,2.46592872476017,-2.71664832612162,0.560442983023064,4.15948013360446,1.90492093757853
-3.06150513719719,-0.364242050028828,2.16600892260337,5.71635229180958,5.20922889595622,-6.01220118697925,-0.689329687648704,-0.0449700000860096,-0.668826186018836
-0.785952078247498,-3.27376334816592,0.719675866762124,-3.51549050715362,5.82577125568312,-3.80661866969968,0.0731938302513353,1.27584690847104,3.01010841806688
0.404452078604304,1.30961542686136,-1.87039156561656,-1.4799188278526,2.93530018804402,-0.407786851455525,2.17456176199352,-3.9072528340558,1.53345044366107
-0.252902747682498,-2.0037826498631,4.3295823878184,2.40855387296039,-1.1817493593151,-1.00864342655388,-2.48246419281398,1.95199161992363,4.20649886898478
2.88137421336265,-3.73509796703328,-1.30805393555537,-1.32994625878204,2.06165496897223,-0.983112734457213,-3.88888119532475,0.08113961807685,2.02336593101797
-0.40732294902477,-1.72639026187172,3.4881462120564,5.08414872500383,2.35675693805155,-4.87830694253759,-3.18710668655589,-2.21815599777102,-0.371444951359858
-3.41970332304541,1.52517243581245,-0.470473131206953,-0.974957789476995,0.297906119563226,-1.62544350453411,1.941124281579,-1.64233567865139,-1.73442343385505
2.58076518924426,-2.02786265560656,-3.47474874120895,-0.795082040897904,2.30379127885678,-2.57211782483011,-2.43884596321074,-2.49695668022922,-0.142616777988068
0.307755566346186,0.320042464266353,1.54498282025287,-1.66766638278735,1.8740479716174,0.170485548007536,-0.745490234551266,-1.77856677444948,-2.07648309127257
1.14329223581912,-0.185127351524423,-0.401885030176689,2.10209359733594,-0.113530473731755,-3.21513823319255,-1.31225173254632,-1.8808515604123,-1.14523129011973
-3.17996289220507,2.57933992848458,-3.30978464047491,-0.0818938440164054,-0.324564511766065,-1.97146608433362,-0.110307514223977,1.55628083305212,-2.2949214290242
0.446827337892234,3.55102864197788,-2.99976099097039,-1.68851894280817,-0.742230794270082,1.8718769046654,-2.02697780477498,4.32899816349848,-0.0222875444005336
-2.49504972159526,-0.0886185347560542,-3.0459861944663,3.18324722056462,1.79317904318059,-2.52553776484191,-0.415118339824283,-2.74816682188321,0.0119333388684195
-1.82553658744748,-1.43517381365069,0.429482077730843,-2.12027502937276,5.14528041193293,-1.830935935475,0.552593020149774,-2.11284730929972,0.751627191444416
-1.9234611013734,-0.511670133537146,-0.751835972720094,2.18315791114554,0.302611126130661,-0.429487620366791,0.644822687829718,1.55858130521703,2.07697582187911
-3.84254666126365,-2.58015533145874,2.00780393151309,4.5115306215696,-2.38168640496927,-2.56211257184497,0.489339620039726,-1.53437981432671,0.88510099808349
4.48944998950556,-2.46723470625652,6.63454434720649,5.72751026715372,2.46072324594542,-1.52274982041859,0.559341868660293,-3.24575122442823,1.70556741652306
-0.0896320930511701,-2.54646399911566,-0.18674442391381,-1.30739720050468,3.42991384886468,0.725785929020676,-0.670548990161052,0.564721541309314,2.73154482230524
-4.49803251979919,2.55824601735588,5.75966108666597,-2.23397268549012,5.84062347647051,-1.51342474772983,1.87715021242184,-2.00240785674217,-0.618974450136161
-2.49203820302324,3.12052821658057,3.50133173017102,-1.91617678642079,-0.838631021113322,-2.78255769251151,0.048326731666909,0.296899652746585,-1.56821564788992
-4.23349099009548,3.58414016766351,6.51415360991671,-1.25820544842421,-0.770627922627966,-1.43054756245153,2.25557538838689,-3.70121411790855,0.450229755879212
-6.05846844585106,3.33664727837527,5.38154953550319,-4.85045026882664,4.46644783167345,-2.97460967702714,1.40813589763451,0.321103370192188,0.257582555261459
-3.8842240901756,2.26295946644316,5.84822219234834,0.657209708953606,-1.56576744832639,0.0592932546152319,1.67187189075737,0.287811999567726,0.419077259859486
0.680225253417996,3.31354524104853,5.58201677550839,2.67972364628991,1.72024993168003,-6.0167066834104,-5.09645761396501,-3.3792279129144,1.71250061095087
-3.3883520610004,2.91383644484364,5.31571669222331,-1.53866847602649,-2.2783061493867,-1.02563695578116,-0.201099427057539,-2.30530292411044,-0.0237078022861213
-4.38716808885954,4.81834881426269,4.86955775485368,-1.48662950543226,-1.80856743217492,0.573946162731755,0.42102578592806,-2.47866679181433,-1.27574131031165
-2.57012220059156,2.3859319379421,2.15320715088451,-1.24379746140885,-0.974998549394965,1.06071033956362,1.98797827126875,-0.979515813659915,-0.751546265809158
-5.51154746969318,5.84463481408336,5.27470350374015,-2.37462199810204,-0.892032830717744,-0.177773445218062,2.63526500556062,0.307908391356729,-0.430166978789085
-3.22978496478811,2.00349065173519,6.65122037022318,-3.67256696443182,0.672963325561092,2.29550768321654,2.51478238768382,-1.97440677837482,-0.789994056202802
-1.44421853665323,2.023093703865,7.94889797384065,-2.27491489896981,-3.11713718145371,-0.293892533036283,-5.90022186922685,-1.18789573386337,4.51845608607422
12.9770671560977,4.77570109296051,2.87057313910456,1.63330536599162,0.627952604988071,0.313770768344615,-0.460107309219195,1.96271319045263,0.672906920151085
-3.76806243771752,5.58107102346221,4.95737983423726,-0.758285647592965,-3.40702568710073,-0.792760292969583,0.875269929012867,-0.97706946276259,1.42621960683659
-1.26517302138775,0.631501927646702,-1.35790629015849,-2.63697335529287,1.63720685333104,-2.15879920215502,1.9329269470956,-0.121165667707091,0.817220437884096
-2.6149615865339,-7.60303360030595,7.35585673581495,2.48361463978167,-0.509698866670704,-0.492595719431191,0.84528979283693,-1.27144674775816,-3.39041289850952
-2.26154264085852,1.15393293877096,4.76386694829959,-4.40353512159689,-0.0609884652060446,-0.789344294026586,0.484234689266223,0.590384299421238,-0.838001978136105
-3.51468936798005,3.51879943575556,3.8333237056755,-1.54815330515455,0.219149344053636,-1.05318133984672,0.678274371555339,-1.52374778708361,-2.7754547140105
-2.67858578684561,1.64998684851035,4.99860776514675,-3.23344493437516,-0.535983089075328,1.15903222802213,2.1166598546289,0.444284590248533,-2.16697637229603
-0.990223482113292,3.34105118865851,3.45323539934379,-5.06569812480197,-2.09251571735273,-2.7895999084773,-4.50786048464081,0.0729128342323608,0.650984506928077
0.577242783188857,-0.174225074449212,5.38758900812507,0.137566292584737,1.50133578071817,3.89341925618368,-1.43147398861543,3.6707393285906,1.94551081444618
-3.53537471544431,1.72759550022019,2.87551054653921,-1.93415048335331,-0.261739036444191,6.40678564231143,-0.921119955669822,2.69708200121264,-1.82292125929802
-3.6590157665214,5.22356520193683,5.09282683119875,0.482099344137128,-2.71556883768695,-0.727585071970307,1.34472317746895,-2.68503954057303,-1.23543273283141
0.758949463625233,7.26876107697125,-0.287438411706971,-1.35894196287213,0.929994275880862,0.941801990433518,0.514453095116778,-1.47174664627104,-2.29680378149519
-4.66972173498068,5.6895895748106,5.86207136843754,-3.17640543681157,1.30073674584545,-0.738365111662482,4.39764593260988,-3.22014043447381,-1.65700645857134
-2.2473325271915,1.27618127120072,6.21353525196484,-2.13266426917193,-3.80191173852457,5.90809522644717,0.00153682788795163,-1.7153756549647,-0.364054521757842
-4.86371001296597,3.09938515314187,5.27918411099962,-1.72885555602236,-0.409844868100337,-0.215936755772831,-0.199557824489249,-2.24009866405919,0.453996607638102
-3.22159837403082,0.865119594241106,5.95841626662712,-4.0816363095607,-0.747104760306924,3.32476495906992,1.54471212518233,1.12497123755785,1.546956280647
-2.92371139968113,-0.807364979191695,-2.35446945780175,-1.11390868270139,0.838400198940768,-0.130691940440285,-0.0901378094556114,3.56682118264259,-1.11150069392199
-4.81815781894858,1.50953512941507,-1.37894946319034,1.09739297305968,2.95645300329121,-1.11485888135191,1.44732235381259,3.44720196154776,-0.473693859375312
3.53164908949812,-7.16776456846635,-1.02423649747534,-0.106820374415517,-1.11906178132124,1.86784165944712,1.78970854377488,0.725237510629456,-1.98168212607803
-1.60642974093637,0.126501452481929,-2.15783686961976,-0.572115670419697,-2.08009885020875,-1.21998475735535,0.419082458603519,1.16556771574436,1.44586556771748
-6.25697706387914,1.95497123020804,1.5564945498605,-1.33268384476722,-0.567452172221712,-1.22421593887687,-0.654023678014974,5.01523005546549,0.591203281028373
0.226360857159254,-2.45163243015926,2.95871402441729,4.92540269342023,1.05092394934183,-2.84084294717173,1.3393050413492,-0.946519884943463,0.818452653000353
4.06868191507572,1.57831942196881,-2.43406414054165,-0.150914027501082,-2.9077029668986,0.0963834210051374,0.631242820325989,-1.02724027833436,0.319382336199304
0.0943484533281857,-6.42997637427504,0.270349347328693,3.32843305773098,0.993600334362928,0.419020402332625,2.02100086191682,0.671008605239113,-0.302495297368739
-0.483191422082068,-1.48513655911748,-1.84824362128609,-0.5189329955736,1.87456732042322,1.58925986257628,2.22873023678623,4.08053597120871,2.18892587301058
0.279703387437642,4.70392152097733,-3.18240520827399,-4.6337846403755,-3.47890168080547,-3.90278155485088,0.137356050055616,0.147123079448143,-2.16344627032588
-3.04446540164286,-3.02698877845532,0.996297111125784,1.62195547680716,-0.0368223799106339,-2.55805346453747,0.0649938279793098,-1.81374299578243,-0.582803539064275
-0.972890492651637,-3.59815060069951,-1.13143160706209,0.301194989619092,0.830576048168696,-0.130871999604958,-1.06247171678074,-0.18417481985451,-0.855878672171711
-1.73109417768316,-1.28109213543944,-1.42971792642365,-1.43129850950227,4.36850515918497,0.560334819896,2.60589100288903,-2.15377420288142,1.1183440366169
-3.12715905983536,-0.691823705545656,-2.54137063316963,-0.882054151561089,2.55081634685886,4.03239295746708,-0.221211766894145,2.15264905650823,0.528051098711054
5.80362976167381,0.624732985048232,-0.694675178479416,-3.04377640468728,-2.70335217356368,-3.90216944510079,-1.36316043225992,-0.370364399571863,0.105915447474821
-3.28908347976317,-0.740977927883748,0.665973279638302,-0.646225520897133,-1.53763529823669,-2.84216110426233,-1.31996772495233,-1.14350236987971,2.6032908930919
-2.69569573137328,0.288599318825258,-4.59541024318465,-1.827240127227,2.44861770751153,-1.68551947743303,0.322589054944509,-2.27899624660746,-0.819640759418275
-1.45345415093211,1.96747435800142,0.361479246650553,-1.05608978763701,1.65767115275468,-2.47779807680047,0.727283280584855,-0.0808570919191382,-0.553582263108268
2.3069698298502,-3.54883773356239,1.80298041373872,-1.57842449796464,2.48018935524703,1.91756692309866,2.56554715244022,1.38477921254996,-1.94335772458037
2.44616581838845,4.03519555860984,-5.85009654954817,-1.78489358191782,-2.08826496480711,-1.93664427192142,-0.484684161104975,2.19220002299163,-0.397101100908183
-0.456699091054119,-1.32858065821158,-5.83953255434165,-2.03966941014881,1.19638126804111,-2.18368343964091,2.82781270815994,0.539457485929986,1.16929107946506
-2.75879593868861,-1.46157193517284,-2.63333125012339,-0.77285965059781,2.605530226811,4.14036357752689,-0.167274481902792,2.65428470740246,0.754758268620284
-1.2368591646481,-2.16157221500203,-1.76756496041939,-1.27897042715361,4.486824755984,0.68094770044647,2.61374752197307,-2.05637560173394,1.16408412800134
5.5605476086088,1.83959915163636,-2.00630829131637,-1.51991674077586,-0.819426973705253,-3.75861519614849,-1.90009385231486,0.749120021850014,-3.03435798395288
-0.980283660486538,-0.979129880460422,-3.35015654097237,-1.54897211229711,1.09786307804885,-0.95365132505887,-0.0133104718997033,-2.05146232058408,-1.26386697671758
-3.03087490599699,1.21589107948336,-2.72786753371739,-0.123359635738358,1.72787896052868,-1.66298861604099,1.11353793008302,-1.32292417080506,-0.714603112553683
0.0651157779487728,-6.7606736651648,0.230604929554626,-1.39656197966197,-1.45019840545784,-2.84302580322833,2.25063191437697,-0.353631503285115,-1.85446381625661
-3.75236713302666,0.967006357424723,-0.602073694535094,0.722366235413795,0.521247849537835,-2.38287344047472,-1.7750755939924,3.2486166810522,0.357764972175134
-1.82080260741253,0.326581772058652,-3.92623227524676,-0.561763830877671,1.34427689935029,-2.66376152714185,1.8332822702523,-0.901990283532061,2.25317751945128
1.00499633143825,6.36972139895096,-4.08126994890694,-4.97267020991384,0.827938603012353,-2.66112678836462,-3.58521965310651,1.53705241526126,-1.38913636480831
2.3243438043611,1.27274794236769,-4.28503538623673,-5.21031466637953,-0.844273127230877,1.69406799382587,1.07289386583382,-1.8784832890829,-1.24488955267358
-0.818345516883255,1.26829316601017,-2.90418908601004,-1.70989081937912,2.26471198853935,-2.18314921779722,1.58436299824573,-1.14300989564145,-0.0021581775762696
2.67247897775776,4.71624978546288,-5.11271540929827,-3.57323993866178,-3.2285528753194,-2.39562104314684,0.460052777662967,-0.23425839889492,-1.35702679574983
-0.392926564644544,-4.62253269138194,0.171597802228687,-2.04690497526611,-1.64011656394143,-2.50640600652868,1.38731973458946,0.553124315508202,-3.35659558365559
-1.70283407944511,0.139783867310127,0.945635357121104,1.80849497314238,0.222744177178545,-1.48172071485675,-0.0717157102119639,-2.68071462518286,0.987063668781061
-5.56745050206623,3.4454533872854,2.6637913595972,0.408721602048788,-1.84422092839538,0.788446896566613,-0.520661570498801,2.70290484478148,1.7823015842762
0.192285829563316,5.90328803725611,-1.48735832607081,-2.2786355916983,0.867311058141996,-1.85514512875038,-1.31702727214736,2.12220264465256,-0.596683885218917
1.62476458823751,1.45205705733256,-5.06862648084429,-5.25566509363896,-0.718078963862772,0.683634360386416,-0.943165507148968,2.06243885189851,0.243397462910537
2.45413465847479,-5.50826680415059,-3.47760123793092,-3.19019208139426,-1.77638878045806,-0.117306501354148,1.35078187957509,1.641091417261,1.85027986908281
3.72523199230833,4.79770422854406,-3.48917048649484,-0.389871771315882,0.423229213321541,-0.756892845543318,0.532697734885041,-1.49559791648162,-1.18523746176028
15.2970935362171,4.75268682470699,2.43469588654992,0.967619329033269,3.53423166967458,-0.946938835968356,4.29684009570831,3.71546724295059,0.818504045465976
-2.88529702945493,-0.692739656032,-2.6711690327576,-0.864625755531712,0.724389486646399,-0.252819391751932,-0.614208835846464,-2.55394255488807,2.06140162012986
12.0393996882113,4.19200283534775,0.0740235829515844,2.1928726761167,0.756110271742216,0.255765939185944,3.61162735628772,3.43196734324771,0.512424393828261
2.79234359648067,2.27126535463838,0.709215921320622,-3.32386926603218,-3.36028970460811,1.14713632830769,-0.132290445390231,1.12678216754565,-0.610898955961976
0.997186179829256,5.5500897986364,-1.05091051289214,-2.98990574696233,0.196275021565589,-2.30468059797532,-0.131181207956258,3.2264599582,-4.98578884931029
4.78495558307633,0.211641023317749,-2.71210803441771,-2.10593633691852,-1.91827057394745,-2.59335708683992,0.878961666682315,-0.00142899210628682,-0.233209769442941
5.29127457656896,-5.83415035604026,0.325271183404215,-3.03171491641413,0.22132854091496,1.76898434920432,-4.9844852431107,-0.325832302269045,1.01757545524684
14.7139104870082,4.09479324243617,2.0259621838348,1.39870766775371,2.2786545886973,-1.10663153667966,0.849902122122406,2.85386360682376,1.49393299752593
12.0170047524022,4.95336961628466,2.78193885349844,1.31541249409503,0.853401147097839,-0.137980518772051,0.993592239925035,0.409046619594969,-2.64973387366318
11.2969262547169,4.19889591593858,1.50229162601901,1.11809880686057,1.02672000446404,-0.221703076990942,3.57173567178437,3.36311056527985,1.44991669986575
-1.19498074289666,-0.540202497749831,-1.36696333834768,-0.740670724757425,-0.175448904943584,0.816096754041065,0.386559862673091,-2.79462726089267,-0.0432071840244611
-0.746530195971205,-0.249289817926582,-1.90905440751133,0.386439798992052,1.48558977723147,0.0635499280518458,1.23083986436544,-2.3063886283312,0.53703986279339
3.63794775575308,-5.71577952614,0.719945755567877,2.35876562367495,-2.56203180493367,0.150143704002134,0.444110901541601,-2.60424734300586,-1.03760697005143
5.29550193401782,1.97586780923412,-1.00686837461587,1.27217749236504,-4.16948295972134,-1.82067135815844,2.52665325844244,-3.05790751737763,0.0886989276026814
9.25841920324035,-5.36563138282881,-1.58900227316016,-2.92145838792149,0.118099315562804,3.42720468122162,1.17266560675629,-0.490534846050101,0.219163920199082
11.3036404997538,4.20066552519845,0.378096442803157,1.72411556426029,0.886094244825843,0.140020194944796,3.747873621797,3.57818734406859,1.17017772540527
-0.0208596667800012,-2.8958541213736,-1.27599829442939,-2.65066704816442,-3.41276979185316,1.83291423100284,-1.35633339190601,1.33962947144694,-1.18093968691236
1.45763598890386,-7.32974569695215,-0.610660201138618,-1.17912762296473,-1.64829052719825,-2.99417377520267,0.594063104716146,0.83517764144331,-1.43562990362225
4.01061249558742,-6.95061090754456,-1.78227116947336,-1.46669507912128,-3.09228158579958,-1.48063250216696,2.61713501123754,-0.6757564082645,-4.09039973336135
-0.395873199552554,-1.31696284008196,-1.8393474637015,-2.23147001904025,-0.563025627780875,0.818626588258633,2.54588941328023,0.626062065366273,-0.401318042302917
0.616319972379689,-5.83111737903372,-0.317232550949596,-0.29220091285939,0.229198738316082,-0.800981609562447,0.0898979967858735,-0.558056905691942,-2.04134830145519
-0.532440931444429,-0.222580182972159,-1.55651942993699,0.898548769002511,-1.28690127314186,-0.638900239804765,-0.374639917627947,-3.64126223583255,1.87119852679353
0.904926574627486,-4.84697307264316,-0.0823388276396974,0.524361710816277,-4.13172475116768,-7.14460028038861,4.44165679814427,0.2618618891415,0.0966767048277241
15.0403851918666,-1.77038170842579,-0.192898711884309,2.96770259313711,1.29988500747282,-0.446240150838724,0.270080745454446,-4.2675836793285,6.35330533803405
5.16094894322728,3.79364024039115,-3.80827570519306,-3.35965015320269,-2.11415188532249,-6.73310909367017,1.46531018903827,3.37305283774991,0.279686841617549
2.97711619932539,1.74060049936394,-2.59386388664277,-1.47586812575966,-0.273807390364789,2.23737975579577,-0.975556117421894,1.53790100953958,-1.0039275132176
3.24634604568513,-0.00219044592183674,-3.31548840856884,-6.01496050494187,-5.93620763771581,-5.69170119608324,3.00842607729365,1.07536462370552,0.803118608385573
0.14561546823755,-4.92284544158491,-0.0367744668722032,2.5390058643065,-0.188806456723282,-3.23172747533371,3.19147191958306,1.51176731892772,-0.237225393610819
9.4892609185598,4.65977823924981,1.07895652167522,3.13716264941101,-0.589939064274888,1.41890120843147,2.33313027664844,2.07133910601,1.09232753520602
-2.88670713546899,2.10300538615671,-2.677866653825,3.54073616338606,1.13325595670516,-0.739644970841712,0.426927093177235,3.02451002949879,-1.51649175913728
1.92500668383771,-3.3704488353244,-1.27716615907606,1.65941711133036,2.34063234408022,-1.05232530938707,0.560400496470249,1.84041389085105,-0.688329380612269
7.68944796171273,0.805653470849996,0.184892743066954,-2.22743692758404,-0.845490257980056,-1.06770985965836,-6.29029204898946,1.45079085309103,-1.83979301459343
0.998355547751249,-1.96261297251177,-1.55353205699225,-1.23255413125065,2.14173474451363,0.355884896058147,0.246469220581771,-4.52904470801164,-0.588429048696532
-1.62757605348466,0.202784258515423,-2.51888750999996,-1.84625587706567,0.0922286270024696,-3.37651464267421,0.0222277395307523,2.78139144862271,-1.30507335515659
1.61608530563932,-6.68924743631882,1.50181695487626,-0.448520907116295,-3.65250098251086,-2.44654620219965,3.65442713269197,2.45243434796765,1.70425099319977
3.49426421306711,2.41753554793149,-4.80941085548744,-3.55870424514695,-0.657804746056066,-1.71760141318234,-1.28550162487929,-1.74436352684515,1.1201806251571
-2.54284865031399,0.0554660838852017,-3.1378577370442,-0.764410595855176,-1.20493877323675,-2.97833456039104,-1.01520853173695,3.99623533746437,1.14683203876637
0.0290421591288386,-6.95801719806911,-0.182021312453556,3.21991196554191,1.21664627682002,-1.67482417769262,2.00541669428209,-0.599477431763803,1.36886314650625
11.4904650426899,4.00593243693886,-0.569321288631371,1.70511965109403,1.08257302194149,0.0735283749072887,3.81801294847333,3.8318782891982,0.440180069218692
17.0107784668462,3.24218828067423,4.81337312767087,0.354562024237479,7.02340660247503,-2.30647194538996,1.87775125928424,3.23208588161143,3.65268395788082
-0.163517436122848,-1.56683316630739,-3.4537725640375,-2.72025073888863,-1.07507042964973,-0.470257439620298,2.47746245894447,2.41568485109096,2.73359198930407
4.37118897689724,-10.2329991274814,-1.1366464409441,-6.13469278014186,-4.95811919145788,-2.94088396378475,2.10814972259089,3.23493252522335,-2.12538286667178
1.2665426917898,-5.5166520319941,-2.56528071144811,-2.34302545570189,-2.18086393213498,2.8131072307465,-0.786582802098067,0.0189738906481878,0.388162135616324
11.1448369082472,3.86739462901875,0.579042308612438,1.42089505354549,1.62017801474997,0.224118361413957,2.25343428488097,2.62810768334553,-0.271219471854473
1.55207895228346,-4.28807856462497,2.78443069936219,3.17894373840947,1.86265667848143,-0.379770925265042,3.39581180753922,0.495081958204126,3.03943535484272
4.56294290294307,-6.96848839026351,1.53612025005799,-7.70004289975939,4.74312202331963,0.0674439669865257,1.63585343277798,-0.112926405724486,0.433413516103018
-0.552820329231458,-3.38719075073997,0.282912536379816,-1.62444031218704,1.7838213490927,1.32922480200809,1.63379542806402,-0.319672260883777,0.304610695954975
3.8631003049267,-5.27904493529445,-2.10876942962884,-1.11426880050701,-4.26385609077449,-0.376738883078528,1.42783474746849,-0.566032365949314,-3.23990918071785
-1.21286637737388,2.26841190054147,0.587005521889466,0.580922409258371,5.2703430484645,1.15018540929105,3.08158167818611,2.96080524754458,-0.0301612486990396
-4.16699695531751,-3.67841472928486,6.07047397197881,5.74654252971377,-0.563221167314104,-2.45197587139025,3.33310987870404,-3.36574748510111,-3.45013247094732
0.0789792850778964,-0.536790017105403,-3.086077287473,0.414486591904745,-0.601662427625493,0.750546274141813,-0.935477781803453,-4.35722553132148,-0.672282963891541
-3.75801087127714,1.57978754419421,2.9202444469245,-1.94739853118811,-0.0154564189136716,-1.16423621420669,-0.625221841140023,3.82272494315335,2.31950190594489
-0.494036846053305,0.382901098964196,0.805985401092584,-4.79171211508863,-0.377080808274345,2.00014887177698,1.90082295128264,-2.30785316000295,0.155811022024265
-0.711706152827899,-1.49374487502347,0.658407390949734,-1.21826862646872,0.68788229592238,2.18657059981783,0.709340190164421,1.13862274148497,0.962030206688501
-4.87221291614689,3.69847781164114,2.75351407156478,-1.55025746045643,3.08289794674758,-0.894007572367021,2.43290957234061,-1.52446511156904,1.91980492181931
-0.0941840233730265,-3.58893077760104,-0.469383790279148,-3.78388565411632,0.119483585955857,1.6695196306273,0.476383313576135,1.64274680055138,-1.72981050639423
-2.64148334725948,-2.24484992103033,-0.163241853416076,-1.18063483800418,0.263945332588058,1.50072691118394,1.25243294850183,-1.66111671305895,2.45371084941931
3.22960857568729,4.84997094791687,0.672625182717262,0.84657373766544,-3.58831859305513,0.487696455798722,-0.94452801437677,-2.46117940161129,-2.9000810961338
1.73184115779212,-2.18519444928285,1.12440420996316,-2.7533978191832,-0.325330283638099,4.6038002663306,-0.636801130870934,1.37999095101145,-1.29809427362663
-2.06660198415575,0.32061018458775,1.90595481148843,-2.89715576062402,2.74704048494953,-0.793393181646919,2.40192663003773,1.52144430763368,-2.63702622350605
5.80240002946776,2.99735334492454,-2.91859894979107,0.562610924139412,0.14986478354027,0.771272602457326,1.45272427201745,-3.07548149268659,-1.34529822551
-0.958024744060355,-0.0838247322208461,1.41239142327766,-2.46844271436927,-3.03286809509956,1.05661678729334,1.18273779170519,-0.295799406841469,0.117667754557557
-5.88234964299007,3.34848468800072,0.605931925860949,1.0988646130826,1.38043042653406,1.02352861823282,-2.1670761381118,1.23097915051591,1.31350515982223
0.122961516423717,-1.9899190128004,-0.0218318596331982,-5.85939187099132,0.031985422838969,3.33919666229403,3.16723331400877,-2.17049919125114,-0.666086974326959
-5.94569618674717,1.4632518582194,-1.97111291799149,0.679134378610704,2.64023324279272,3.31714552479982,-0.307771841255618,3.03314072686359,-0.498810268262766
-3.8531210434425,1.93993629849833,1.04693589187831,-0.146636902347217,-0.165996883268564,2.59971289601628,1.3482755871467,0.102760987001568,2.289634331889
-4.71893725887755,2.49691303477156,3.61746768618723,0.866145067089318,-0.690800153006977,-0.0261028540573405,0.795659315147991,-0.983569057399988,1.19804757799185
-4.15573817707313,0.499337462901513,1.30912252577887,-0.551977591080259,0.510278540730372,3.56096982816115,0.593445601529511,3.54571273031561,2.27710233494497
-4.30627968095113,2.1698088907918,4.71381852068062,0.692833668431736,-3.36333136835654,1.49077426612789,-0.430394056915865,2.60437912869331,0.0976540918845745
-1.55510560111114,1.21689669884892,-2.6833992235814,1.12804899118742,1.70380718226864,-0.0947213318389912,0.730626492977418,-0.365262159540195,-0.949711972305033
0.0260826949603809,-0.122227744733077,3.59986612133061,-2.97307969302015,-0.835922146187809,-0.85300238504787,-2.7901486744633,-0.433571096817257,0.100040809731701
-0.365629180671144,0.750403608292395,-0.600312629026068,0.960782521686206,0.739131415882197,0.778479613204976,-0.350369119945698,-1.10027123231175,-1.46962227677507
-1.85536192794332,2.86020228478348,5.50461392910435,-3.02136352607574,0.863988088424054,-0.40989728442837,-3.37803687265701,-2.34386815994088,-1.75996103467417
-6.26173203920317,3.34297562960094,0.615950073913848,0.304931893576222,1.50835603798045,0.69262140838732,-1.33513332880883,4.06905376504936,0.40816088629848
-3.02861988032155,4.15231879744495,3.76471878671928,0.0303198894907677,-4.56299893133661,-0.389276839685389,0.191413861593937,0.138647880686299,1.95104905832873
-2.94675867622562,0.855015201481544,-1.86224706235278,-1.24428860307572,0.509128707032365,-1.69887826712702,-0.135629061259902,0.969101958560016,-1.03792416521193
-3.16299872199543,0.378103976012155,2.98432532554821,-1.3423623676005,1.42271880131874,-1.77437973874631,-1.53846894264726,5.08033612474254,-2.10498103845339
-3.71250255591903,1.8710574842451,2.75656066544251,-1.60544683944056,-2.18095535147684,0.202086207280453,0.0335077728084467,2.37753623399574,-0.552030758514987
-5.05785879194577,3.10025039025671,5.99848032720084,-1.73964019155319,4.26330552018726,-1.57873198529275,6.51666390351388,-3.8544042706365,1.93190328103869
-2.30241316789321,-1.01676025216113,2.13518822112923,-3.75266635852257,-0.314698575885826,-0.618963595372516,0.710438092402956,1.005311768571,2.26745369600424
-1.64884881931201,4.37682889403105,2.58441375503547,5.93513197211638,0.628773001078835,-1.38033337872749,2.54176909120717,2.47956859366959,0.244438199027143
-3.26589859306649,2.32820795083045,3.86216754901587,-2.11299442310695,-2.47594998623138,-0.509405464188764,-0.991000019724088,1.44419354910805,0.866159511537289
-0.565295252079422,1.77979647228856,-2.34149580124788,-3.02425616705564,0.439086103358228,1.25222430393064,-3.06734698848268,-0.888317353758742,-3.18749882985177
-3.02087252142825,0.938999047858266,3.10332669293696,-2.27937133414064,-1.54564400109,-0.107530069367464,1.80919205802452,-0.865204874467091,4.41993908758503
-3.93136331676284,4.11434457765564,-1.49808556217862,1.70335850212839,1.47495056496299,-0.871012827855982,-0.213037498603544,-0.335630507480616,-1.47638075357861
-1.92694710846445,1.20700503158863,4.83029356626766,-2.16733851013595,-8.15237943018608,-9.35006017533223,5.15325928276123,3.32234437177837,1.09096013092794
-4.20446501058679,1.48614691916647,6.52965697492263,-3.27886291148358,-0.102316495823469,1.49662790341395,0.671963151833529,-0.00625203679757467,1.10089025277178
-3.45689491326974,1.07226249013604,3.29333822192788,-1.91721864095755,0.452534809103664,1.1849395600735,1.48655470289978,-0.299623646758774,1.55609936022531
2.99987933476645,3.68075900298845,-1.98892773841763,-2.30908766809719,-2.43122229572246,-3.18936020584236,2.18728706019508,-3.11226281520275,-1.57972271595187
-2.18522135028359,-2.08487368353309,2.02743618696604,-3.2731531163919,-0.344843646950672,0.544379439957997,-1.00183604372264,0.706166133409109,2.63728659376482
-2.45699584090609,-0.782725243943666,2.75365578222332,-1.07819791283004,-0.778556060592744,1.22316199011388,1.11718775621359,1.67872883021514,0.503546651056393
-5.28417847843682,2.69011369637095,2.16941439865484,0.508231251101014,-0.7987981057504,-0.420749096304082,0.0423909663064652,-3.35709792176479,2.91358562490741
-3.24557496125641,3.70388160333464,1.2478344347844,0.203370942702841,1.36575333053498,-0.420972614513354,0.516469510216257,1.19271796568795,-0.156362230363159
-0.919745545144081,3.2699478017851,-0.714273059801549,-0.44527404059411,0.0693206527487245,0.846249928360321,0.99231831228942,-2.73180052718575,-1.82892156387658
-3.43724289484242,1.60876135074149,1.52258028259965,-5.14045279543102,-0.716379090382587,0.387431070156757,0.304404903226242,-2.53564204514291,1.10441474432559
-4.12886459188213,-0.698184857895529,1.9155317413761,-1.241101421062,-0.28297050062389,3.93515058782128,0.769519916899428,-1.79327436606766,4.74768213112719
-0.195598100400625,-0.505315132943861,-1.97385478736344,-2.69007250603139,0.694108488324103,-2.94637134867926,0.126435622783558,2.71853146281928,-1.06232876476785
-3.73332126962827,3.76242864866935,0.911452817281766,-0.0784690757343152,1.19027205385633,-2.71654591449292,-0.106197906796751,-0.835801796445675,-0.987739469877323
-2.8551659504432,2.56714670455592,3.64797089949446,-3.82437919789367,-0.0929969895649083,3.07831618786487,3.86920160333088,-4.63643113495504,-2.99444379164447
-5.19952700952579,0.945889377080667,2.07324766712818,1.06411446522664,-0.666934141981393,6.27330705063229,-1.25184903810279,1.28125837803516,1.7681748285623
-4.68077526378661,4.43294106967449,4.28770183185271,-0.402594133246605,3.4456158763769,-2.39089417986954,1.11671159031393,1.03737054827993,-0.841484538424097
3.0490465622658,3.95908359730455,1.43926528067398,-4.89285585759601,-1.16607042893901,1.27093236255089,1.90409237468637,0.130008341564499,-0.732110549019976
-5.52664232551218,2.99946239947888,3.676725538338,-2.30338854284441,-0.984574786054987,-1.27797203473362,1.80951780853919,-2.59848235950605,4.08431395357338
4.69571762650687,5.22864203049525,-0.168698867824456,-1.70903920212068,-2.12197818890809,0.864117822099333,-3.02597841909666,-4.04063007933969,0.0308611237276941
-1.74067431379364,-0.396734228406938,-0.0777052623629371,-0.325534840044185,-1.32804179697633,3.56613719904518,-0.348543540446392,-0.187655326251772,2.50978404583229
-4.71722915037787,4.08116696580472,1.67872034383906,1.62209823347901,-1.97191432035113,0.154237990857941,1.38700926205453,0.981705713076221,2.83149868826532
0.827616919520984,-0.909623310968006,1.69433719153063,-2.01176340035758,-3.27730800496483,-2.88589916701195,1.12411030964099,-1.69813077292304,-0.82578285824676
0.875725262851474,-3.88081374188942,-2.37713475553522,-2.60140765919695,-4.09984178975936,-2.10255421999546,1.50704523928142,1.03421894851711,4.7910841089867
-3.34190790559577,1.22787240549743,0.233992198734254,-0.886421236080108,-2.56284880853956,-2.45887101491799,0.261807598275244,3.06359670458907,1.92292223713918
-1.45959394129874,-1.51793067553635,-0.47458721613233,0.948353588804209,2.62255863331796,1.13689375041918,0.129447064053768,0.650285324042143,-1.42245376526526
-2.56036805488674,-0.48115374522194,3.37039537818954,-0.81067605518471,-0.815381582124058,2.74800629354405,-0.70667382833094,1.12303706759074,3.16519763182771
-2.9038016324678,0.0214632377850434,-1.6242607870798,-4.12455408563068,0.00944343431471816,0.680106642302794,-0.65483913474891,-0.222237135033302,-1.21184919290481
-1.5198677172932,-0.0309938369418029,-0.723414384727705,-0.760921873988672,-1.30736842477444,-1.20861137014387,-2.09235957932487,-1.49941497882741,-1.39310992749064
-3.12366581673513,0.809141575290484,-1.773507681726,-1.06664508385044,-0.391068230771875,0.702938180865786,-2.3904662403665,0.0571273394143239,-1.42218000891773
-2.13178416466432,-0.857729079917758,-0.0325820531803556,4.34753131809037,4.12008491976609,0.416420981420425,2.01556811359864,-0.212763967150643,1.54669507878599
-1.81017459955239,-0.387435343265362,-2.13477559605977,0.709772504719007,0.191834996064175,0.322115968609447,2.55920139066586,-1.77588456938084,-0.703279709479405
-1.89388165498894,-2.57048868139491,-1.37334617939754,-3.31307777196283,3.46275971831282,1.7989223633083,0.362417391555757,-1.41611619616838,-1.93434619744656
-5.48191498926016,2.42028194301069,3.33517438984189,1.40063395168425,-2.18351120807537,-3.35087212733093,-0.0809996262271962,0.45478403398814,4.81906252352845
-1.12575483442621,-1.22760447411941,-1.16169828806961,0.649463550404551,2.76748580043543,-1.1052157811708,1.82549809701338,0.905683750143025,1.95881390325103
1.31916673127636,-3.08340375400459,-1.75259808596095,-2.79258358089536,-0.259466216716077,1.91080465280385,1.04065920854913,0.0946079426631313,1.91484975676318
-4.15401197098003,0.619797989662985,-2.20275669591988,2.3827307984996,-0.311747543265472,1.82579891788739,0.247583315880257,-0.874802895564119,1.12134031222275
-1.91017576582202,-0.374371205282675,-0.12513184589402,0.260746382921617,-1.52338169285472,2.51985308512288,0.694285420325233,0.468188626273229,0.954691130362633
-1.70468908606629,-0.0837082029732499,-0.444086079089632,-0.629398436491035,-1.55587630630407,-2.50967642050079,-0.464165305712081,1.62895499420454,-0.269285155545589
-2.02794314999656,1.7609930719703,-2.40659725619804,0.982902748362723,0.80001859548269,-0.593499176707486,0.208287166119069,0.378248835334894,0.00580555534247157
-2.70128852775263,1.14438866004236,-2.26382234578013,-2.27853493448533,1.9932801432083,0.109443938685534,-0.141647104057569,1.67550265603039,-0.267258529655287
-2.45797615715042,-1.05675902716565,-2.16282062496256,1.27576800171537,1.37765447431094,-0.660742812727555,-2.0097109932518,3.4144925041095,-0.211299723915317
-3.00894216413962,1.74825445649588,-3.72495456444957,0.674547693634444,0.488866061821341,-1.93671113842233,-1.46975456792839,-0.672392555671029,2.34515741801359
-3.80895982594472,1.70487699871392,-2.65377206693394,2.09897325782027,1.15601783525276,-0.971593419198132,-2.25890387548883,-0.113311740143648,-0.105460726449124
-5.58698908708546,1.79668319684983,2.47909005814008,-0.0711823627880994,0.471085370393514,-1.4354084503463,-1.70393535770079,3.76694329147046,1.50595025140133
-4.08827351150852,1.64436733125043,-0.439481843980889,0.122831269843053,1.79759039774067,-1.47196657379732,-0.184498695645968,0.815636653923635,0.247085206334246
-3.88843275382974,2.8412099597523,0.164712212714284,1.89134507504266,-0.303943699111511,0.290251655762511,-0.190068376016018,-4.14931700771225,0.999726545862969
1.48136874238587,-6.4541658096757,1.30298764548573,4.96985742377923,0.337063630473764,3.45252695188637,3.19064605671975,-1.15647624117229,-2.26848915099186
6.24900301011375,-0.239567369585192,-2.12922118844073,-0.229799702024055,-0.510800310459712,2.62462819859019,2.00733955132565,2.24508792773877,-0.915031259084041
-2.13640924160766,-1.10236134761847,-0.56576907568632,-2.21571764023632,-0.0283598186472079,2.5184178179963,-1.56756010574917,3.33800456893383,-0.282569709665364
-2.5452806027341,1.31480128723135,1.16610191749676,-0.460593499962142,0.690435474713211,2.28490551045147,0.708176415626834,-0.0129352111869326,-1.24485406160033
-2.75055838731502,0.704393240475876,-1.44634401640548,1.39182044406824,0.750146026086863,2.68158261036018,1.27722447225681,0.886882338704881,2.24330236821759
-3.81503252734867,1.6246815513781,0.101295723355958,2.21301675718575,0.951179448251265,3.58231146592428,0.204532814936846,2.13968786270927,2.33857187906753
-3.03116238025901,-0.444860972624084,3.27492047095726,0.28225279159848,-0.18601069813118,-0.655911030316937,-0.830142726472541,1.28065657920947,3.39483558996603
-3.62928808839131,-1.38696453607753,-0.918148060867796,-1.16402540254046,1.50715847461904,4.27810084735467,-0.0979549792073721,4.08230388188053,0.0838173308645718
-2.22649610873602,-2.11303619243583,1.9308634896587,-0.914232727110808,-0.972417205412468,-1.3200707183672,-1.02420075281225,0.518859341591605,3.87563396111301
-5.11234644522449,4.51337105633002,1.61268739760269,1.44674575782719,0.782483038539724,0.824703947258437,0.345413446416118,0.00396727802144892,-1.40269974128301
0.840778379486738,-2.69937405920233,-3.23061123252577,-1.03102234931102,0.824341499479474,1.21943754186961,0.369593404555613,2.10127693453614,0.825145792784695
-2.32756673019027,0.35482761867722,0.67259998816287,-0.75557641119547,-0.554425018276843,0.97420189029217,-1.00623759942822,1.07387482428657,0.395403686705873
-3.00324148305728,0.694880222210825,1.10053133261377,-2.60595269576472,-4.64753320679153,4.3660122592091,0.73138626729337,-0.837451400164761,0.0174758765229754
0.938595837545122,-2.45585615248184,-2.27162797319697,-2.15384877015195,-0.141966597309241,0.386560851174533,1.18717453981806,0.671321645109646,2.21204221691226
-5.66828582895606,3.63570303780716,2.47201220081468,-0.0231325769062711,-1.09549618914622,-0.363498894328864,-1.29368733492181,-0.680932476011895,1.01856056364196
-2.88345638007501,1.03313082091791,1.49639524325429,1.89772264747478,2.87963197992095,3.58543219990485,1.40522168593869,1.93031217707385,0.865876133145904
-6.67323163661969,2.6739268254955,3.00739808460798,0.0593477475903262,-1.79452325268413,-0.755923427483894,0.103967971872405,3.86687107862156,5.96312996894373
2.25895734794988,-3.3793856084627,1.6607078451061,5.06876579238767,2.96721999730244,2.51668113296871,2.79646651508992,0.251526764238359,2.86529468712244
-0.831154991346048,-3.20994377346825,-2.27456651418369,-3.63098039488264,1.32451711776087,1.09098539445351,1.83896992567178,-2.27610416226302,2.00789647888237
-2.56865376167892,-0.824233416986016,3.83926894265837,-0.18780102661991,-0.966617859425431,3.00722887838556,-1.56019050086498,2.78582968255297,2.48463388395504
-2.77821812681414,-0.614623685636275,1.26874257671013,1.17138994624567,1.44273989207522,3.95536343433342,0.661917244602008,1.2265853882461,4.20590640790881
-2.79181754109512,0.847992208131479,1.80315259645034,1.08356492068126,-3.00180134600506,2.05691726784297,-1.03721348930574,0.226891231795618,1.62170612485633
-5.48582467011245,2.20827301042321,1.27466480419856,1.39505504534719,1.89860414092559,1.59832178313287,-0.3963293177185,5.24583997919754,1.47857018144229
-3.82040323671199,1.54795202941569,0.512122745181441,2.69611696537614,2.4177880980728,2.15787379179741,-0.460153258440529,0.894079532092608,1.09126735115502
0.143194213392257,0.191653579813306,-2.7458643241636,0.88010521746464,0.962443568722494,0.769808879692176,-0.44606893603038,-0.212135051743499,0.319710696364951
-4.0982299809558,1.41571259192689,-1.40803789554758,0.404422730559175,1.74639160118142,-1.37682904456026,-1.48246902893027,-0.96355603604545,-1.35290702838916
-3.96955011015264,2.51925180700483,-1.62196135928394,1.9130705094058,3.43213836302594,-0.277581820270225,1.4670195698021,-2.91588364297019,-0.428092228690664
-2.40237024051782,-0.411179946060054,-3.36729053012606,1.81678363658247,0.494302319311586,-0.547076082212254,-0.868974160848209,2.07349666321682,-1.18439889562956
-0.0230505463396291,-2.70018234952999,-1.49644280616159,-0.468933243442099,0.854599759035084,0.463326673061654,-0.256524554352821,0.486221683325314,0.491944538185908
0.274635866088898,3.38010198944411,-4.51368675602772,-3.79800042065635,1.18242602141863,-0.850087124618329,-2.35225273507789,-0.116158018243194,-0.611573560936603
0.69013085786462,0.915446805375518,-1.03729341821174,-3.12259868197253,3.69283249013239,3.12020414385901,0.121699015129953,0.244816369078782,-5.27961078219815
-2.49217255539307,-0.120939488169538,-3.03618993137482,2.77680223425987,2.26737671597936,0.648448982415789,-0.847510167855721,-1.95078382890237,2.24388976602591
-1.92003298130062,-1.93204005657873,-2.24842466972822,0.98792876623751,2.53418076470389,0.78747923267066,-0.661327055773148,-1.02314004904987,2.55849540739608
-4.26483135236691,1.87412060654618,-0.202520314905137,0.151521976482019,1.61594411401814,1.40910803734445,-0.539835631852238,1.06283269010813,0.78275541116219
-1.86154578963303,-0.0919793589680471,-3.09589154490623,-0.600423402446648,2.4978615251952,-0.28692953189385,-1.84692778857377,0.723717989017954,-0.109418883151381
-2.81875053179004,-0.358090855899495,-1.68282267359527,0.531612809015074,2.57391540407723,-1.84368075008621,-1.01771654705534,3.51306294832392,0.389705447919747
-1.81869586394912,0.962414716485063,-2.86711030371522,2.71471765543286,3.04432450962303,0.0591601550702243,-1.07757203893505,-0.863320097610859,0.384807773099523
-3.12336569044309,1.66643967841732,1.28775037114269,1.69774202074345,-0.412946736869747,-0.49691182115709,-1.10908841418624,-0.421791092042903,1.47170695960999
-3.4351768758369,3.10989626457566,-1.24768954264642,1.05878368578361,2.16159932985181,-1.40564893697472,0.103239560811901,0.391221376396455,-3.20184209997098
-1.37050087281862,0.0369098303695353,0.304015440493979,2.15685280889275,0.339062436519062,-2.33789906305022,-0.192788806041757,0.965461893139464,-0.40685028564833
-1.06091847083153,-0.59405473462189,-2.84800601714452,1.15314469918436,1.71175927143846,0.293644084637453,0.438153343456481,-2.32311295836823,2.15845232078811
-3.78042235095218,1.06469513548762,-1.91328720368573,0.940491426698693,1.39635528564247,-1.9567496720128,-1.98887747807385,0.73560817577742,-0.787670242303883
-3.23002804970606,0.672757474377991,-2.80788605206808,1.2685486415793,2.24390796636405,-1.74364206125885,0.37803061876725,2.41057512337543,0.508791266389567
-1.13018655367431,-3.28277443116598,-0.506902622554329,0.156137219401872,-0.0856035477425768,0.141063544215989,-1.19577380673826,2.03297422267126,2.71595800794409
3.21139531515143,-2.32932708329605,0.788424324977,-2.40846579526999,0.821120066605322,3.37003409104181,-0.57898016748362,0.372592836055603,-0.176741941907423
-2.25666720465513,-0.847994469247667,-1.2626857093523,-0.772271592602012,-2.0549511467679,-0.717042551489915,0.637482892893471,0.576919038761678,2.68327412456282
0.0825431647618961,-0.732875192196442,0.0653068971633564,0.292883404323793,0.693205106967127,2.87802820397858,0.379348410779666,0.585058926903975,-1.58289910328497
1.46579257631867,-3.36003680807711,-2.75734898648266,-2.99694128771194,0.689233520584599,-0.97052545456177,2.61603064416598,-1.202893041756,-0.588254415690747
-4.07367052010062,-0.114971457670654,0.0532446354327553,-0.186602839314233,2.27873162124167,2.33307425744802,-1.49311140588006,2.2793465574896,0.878265887114473
-2.70820547306641,-2.28215565993202,1.94332183354144,4.32302894944625,2.18091515999131,0.193545502717203,1.17376051949569,-2.13293953294161,-2.16874289748838
0.364891158295174,-3.94864161096091,-1.82651782502098,-3.28953487073506,-0.624423089570436,1.38894963506358,2.00979988874559,-1.26455018411232,0.42453796582773
-3.5911791198968,-0.0101365650482613,-1.17155897186204,-1.33479021085388,1.44867301262819,0.0509510258821104,-1.04497988983514,-0.00561071893128094,1.19066983471366
-4.01483399296634,-0.221815883388161,-0.522113773554455,-0.917857620690687,2.37301518434302,2.76468203909352,-0.337447273790745,4.83855927459261,3.23435095427279
-3.30007844544459,0.00765271484337129,-1.64160264252264,1.29065996846761,0.0644804638890266,-0.63751747307461,-0.811387023506925,2.41507607788504,-0.0659720244386339
-3.73881151108153,1.07233457669714,-2.53197879390606,-0.0115167818423266,0.452487212379005,-1.06496607923957,0.42546758841836,0.264587620371695,-0.182673210094383
-2.16909477578677,-0.489642446620908,-0.459810041878549,-3.05997958952295,0.809973590655231,4.0017077245822,-0.059340182657972,1.55925218858199,-0.0335686096657893
-1.35698824424707,-0.309328856940123,-3.64942184946993,-1.74962907192853,2.52003011516225,2.63309642187741,-1.69836117270101,0.335906935748974,-1.27383152110339
-1.55648386663465,0.840725142474554,-2.61535583860224,2.93678866805421,1.74169967541538,-1.77934301457895,-1.98433816481071,-0.383248588051456,0.914810785297521
-3.31731691828656,-1.56535556699994,0.796891220523998,-2.27521378250279,-0.821460163714869,1.74406436165559,1.67881229816854,0.876524951818978,2.96260697802273
1.09452272260182,-2.11481783494109,-5.02379833960045,-1.80411456265205,-1.10133923986066,-2.03486996289519,1.12794376120456,-3.21315927780152,3.11384748040868
-3.77993949709229,0.223584851303052,-0.178256449707664,0.169083207687144,1.94197660107695,-0.601501984514994,-1.0380322619464,1.19649344299668,2.58586847540524
-2.93359314887752,-0.930558321878041,-2.71791784022903,-0.0829025029922688,1.68693036609634,-0.370568611423799,0.78601858004527,1.08087740383747,0.173054774115058
-3.10088240250154,1.36125361655873,-4.57568671917607,1.38211746051168,1.27032604682667,-0.777324574968692,-0.592957463765127,0.0899921788690422,0.263506003043815
1.59558723795957,-6.66761355434393,1.93326791497353,-0.795494380456329,-1.0919288545079,-0.684563250929133,2.40323823479561,0.188612068646717,-0.82751029324556
-1.90920374191348,1.04979796677258,-1.33341658280726,-1.31815533229197,3.02236840088655,2.14293208153664,1.89823093584553,0.366340831912713,-3.63709758900764
-2.54585582944402,0.634527670893723,-2.8370066170109,0.713250884830258,2.29576874689482,-0.262640086760458,-3.01614790485708,2.40733347601537,-1.11324887228431
-1.33292487992546,1.69816142997051,-2.61355261784468,0.977384114223661,0.707992516855706,0.849939273325468,-0.290386975422183,-1.183564422017,0.604166533843787
2.08812934678353,-0.976361532760021,1.23878886457546,-0.629798892181389,-0.351585008359002,-0.766553761695429,-1.49956008717332,0.356231322324801,-0.776866160515357
0.000876857958530357,-2.9765070513998,-0.492470342392043,-1.48747844211385,-0.640109936693162,2.98149607463515,0.745007955531577,0.370480332733748,-0.447862044361466
1.59383483630035,-2.03594248149765,1.08860149269851,2.81888204949745,-1.6515083316553,1.23739992032069,-0.584397263350225,-1.67537692345087,-1.46568034906642
-1.07630436112168,-0.29173271194742,-1.96934285581381,3.11204821489684,1.1788239648532,-1.91288417821555,-0.30924788719671,-2.71807117400608,0.844412687629751
0.532119512869599,-2.03043517956184,-2.89431828928055,0.08187963586043,-0.732508637025666,2.17214868823152,0.331563049255097,-1.14512329858332,-1.80419407823733
-2.09584900877109,-0.100636429827723,-2.14541599345292,1.47454807239243,0.409537491644088,2.08681142387546,-0.781603427408057,1.15670395041358,1.55147629328656
0.195076934108023,-1.63015553766522,-0.446915979524716,-4.12359465393493,0.465845758948,3.03159874229237,0.418144544140893,1.29124175909584,0.345206442161714
-2.8443050812708,-0.63674987940713,-1.52537860979302,0.478577000692742,0.0903565182488131,2.70535082490235,-0.977037963807386,3.02008770435875,-0.370004334681838
-2.20088815602426,-1.68139334475535,-0.89816367015213,-1.19664133585631,0.294951815416369,0.4943285263928,-0.601650341359743,1.78686975671142,-0.35381387111843
-3.28500328490779,2.0849777824911,-2.73217696848091,-0.354281069920823,0.032896013703466,1.23115301296129,-3.27709014692545,-0.750005550766285,-2.54237810607823
1.37648899198658,-2.67637193006119,-1.75802557361285,-0.498520997099562,2.30537135821186,0.091591878412055,0.656798865025556,-2.55874810419685,-1.32922075766136
9.33643059994111,3.93501411151956,0.536760542675514,2.51697877041225,1.23130749214187,1.51773571778473,1.40770968986598,2.00574127506352,-0.286370343441197
-0.972680619293145,-1.86361456176692,-2.27532561587507,-4.70646765218966,0.102236994716985,1.70133960615978,0.831547436406112,3.13304182443995,-2.62074269242984
-1.31169250672729,-2.03719611816994,-0.80970701269979,-1.2972315209201,-2.26069278992168,1.98097415361438,1.14739075107933,1.29062652760568,1.96279577300514
-3.0162146941978,1.81868250457137,-1.73111788616252,1.49823473068329,0.164885250033929,-0.973459861434542,-0.937950742928823,4.61354063955805,-1.73836737207986
-0.891316435540662,0.35480777575999,-2.44853434136069,1.95683671781481,0.779658320834875,1.02469966706643,-0.0725416219589928,-0.66100002499472,-2.40342966452108
-0.0419346306976586,-3.58626935500929,-1.76611579047357,-5.05800169450147,-0.213628468488841,0.637168956732135,1.04528746089126,4.04099583727468,0.50571625150986
11.0724377636443,1.8582905425877,-0.642066856629355,3.45267775212855,1.53957493768939,0.773402957050991,2.20476069772801,0.821700627958952,-0.895181264854856
-3.25848659634533,-0.00169793647082257,-1.83966697973145,0.369474810580826,1.72862691691792,-0.0863476448653993,0.371892802648044,2.13127135428083,-1.3316401936717
-1.1510837761373,0.861559102143797,-2.66328750613512,2.30834918748212,-1.92774731451754,1.09347455281157,2.31525432339035,-0.71686781585762,-0.932362836524709
-0.472562792566955,-1.45608940763873,2.79346067868671,0.937147582540489,-1.3237586734058,-2.18764513602291,-4.59654664320142,-0.794775140675334,3.92511026087623
2.8175658133442,4.53663238193336,-2.15677325733022,0.33689533005808,-0.691322379121325,1.92103203997257,1.85601061897547,-0.13802879313755,-0.137999560862565
-1.64928571087378,-2.72784634668254,1.89713792634743,-3.49919983781985,1.49504461303439,-1.08506487133502,0.868382788720646,0.612159510616642,1.81285398920866
1.42105062581838,-3.28150686271647,-2.036741251703,-0.960258811106421,-1.37389719515087,1.95005816158761,0.124944519721986,3.1399932322793,-0.360399720879363
-0.79520197045678,-0.828126815428738,-3.74185195218719,1.07929323731709,1.80622422407458,0.654499117888032,1.15850341555825,0.99227159360336,0.965754797713796
-2.82137286031549,-2.77207365083054,0.189576354061221,-5.31743654119568,1.61215858470478,-1.10246667311479,2.1993861770832,-4.90095785321172,2.61254291400426
-2.22741145013373,0.461627512172952,-3.11827109650447,1.7809595470541,0.418726508213667,-1.46438279258504,0.188524662378692,1.01504622288523,-0.908116886551687
-1.34574807342058,-0.557273473192491,-3.39360808809214,1.69792506733139,1.06496978313489,-0.745943619703347,0.852825299031782,-2.63712205626462,-1.33613533367128
-1.82287196742896,2.10569402885755,-1.28685873131462,3.36003392567971,-0.487707598662498,-3.57390836866224,2.15325935284757,-0.731718263401351,2.03932385363517
-2.43354184965626,0.716565943054736,-1.62482982528104,-2.10511595220897,-1.99225065014989,1.92590621039952,-0.425810605188727,4.07901848697012,-1.47820436986627
-0.573205297753145,-2.29494459653537,0.587431596351279,-1.74495595732458,1.38496587214531,3.15548756635966,4.47795055886944,-2.28890166250621,-2.33798849245856
0.573365693237609,0.357149201676313,-1.90843420535444,3.160646739867,3.44557753163425,3.82904763996244,1.8332933629224,0.612013312689904,2.13151206695912
2.8268812068576,-5.37997725874375,-2.89129285661753,6.3115215995147,-2.20003225543887,-2.05304531432199,3.82229267214416,0.266855238384858,1.38372455593195
-2.90519163820799,-1.31598168618861,-0.473988811482406,-0.786145526209723,-0.0515224666078803,-1.02589828261293,1.60010519257321,-1.13720129257862,0.785594849407753
1.71462897675586,-2.31516531588961,-1.24865160138795,0.385744043315871,0.800777867723376,-0.621399461836826,3.1889614004854,-1.90517876794877,-0.71608827031777
-2.70212672401483,-0.507839897119019,-4.86223070280108,0.501401827426064,0.580238314192367,-0.319324385456417,0.553406532649224,0.6405570774014,0.214437376583095
4.08907941424467,4.97908284325112,-3.64401068362669,0.736187021492368,2.35456905991502,1.84691881582444,2.69080807152501,-2.65285911738052,-1.47793529086022
-1.33138130839789,0.274091783332259,-2.39470466830427,-0.259499060983006,-0.330421115337195,1.62162241920552,0.474116797451065,0.807925623551329,-1.35446237787177
-1.55542789056096,-3.06721513204865,-1.89872162138852,-0.71677079566611,0.562395490139756,-0.0364067823445544,-1.16435440149548,2.41142229041542,-3.41380737944962
10.9286567739841,-0.198086333853506,0.688965001696216,-1.87025540070023,1.32681954573686,1.37765859415732,3.02819520380505,-2.91094905236318,1.06011738038547
0.268291889387722,-5.2796163367279,-1.95382062117183,1.77823965914356,-0.26483350954318,-0.374325085641167,1.15225937316768,-2.16969620701884,-3.66865006881417
4.86053089128929,1.68426750126234,-4.34580852566695,-2.09675330747257,-2.15877901599683,-1.6185736900086,2.64481723530457,-1.49852062385119,-0.358395924215052
4.63061441430885,1.30139718389415,-5.35479482387522,-3.59104769150583,-2.98786686559665,-0.282021044548845,3.69176232204841,-2.97449970745464,0.765627625541475
2.87217535767245,-6.91407904634421,1.9326853307268,7.13715809210786,-1.24998421028721,-1.84156281691017,3.48153581770478,0.942105925084204,1.32938651703888
-1.91318327628005,-0.943590170062549,-3.83901318987241,-2.06069490678447,-3.40565467137433,1.17469965540371,1.82449994837447,1.08803671152701,-0.716901557967268
-2.85197029510824,1.12971411061699,-5.4055778216883,0.347614933214496,-1.19838047681779,-1.34832780346915,1.02408271384479,0.106257610897869,-1.11753529979439
2.38202106867826,-1.45853782968938,-3.1080962787704,-0.465483413454811,2.14486382033125,0.484919077929169,2.24654928106177,2.06569772703811,1.80903159900695
5.24507688915266,2.75057633670439,-2.71685037878771,-0.662755839184686,-1.62370868340966,-0.997835266444059,0.268443550291958,3.53375707188274,0.12190514911382
0.53768581539031,0.594450355600299,-4.73633075267468,0.32256914092166,-0.470880599483294,-2.14064694698656,0.219071427929384,-1.00323903854657,-0.752838606727003
3.99485771951627,3.77253152513785,-3.84722555899036,0.281935275456614,-1.33388378668285,-2.78232828940084,-0.512204316901978,0.436463464449907,-0.51955069924173
-3.04950789403535,-2.54799119390953,-0.409373545536409,0.739441932494495,-2.46717767274386,-2.01831264815675,0.791386385694638,0.264376671891753,-1.6250944152233
0.0399042720174291,-1.10213664927913,-2.68168232772901,-1.39891517758582,-1.06688340410331,-5.06315489769919,1.34269075294391,-0.115325623013678,-0.191877842781886
-1.34706323004028,0.140812007231565,-4.80118702241975,0.0913300602424972,-0.277639772137149,-3.67189229046387,-0.677154208359761,-0.78627178598143,-0.053078831520245
2.59926155976987,2.17071149971072,-5.90703334677783,-3.1826528369674,-2.69565947483192,-5.05300357834227,-0.807739058564928,2.28401565524671,-0.163999859640451
1.66410488695766,-1.5605189022248,2.52864586644717,0.113606086693405,-0.663965807982435,-6.74766026678537,-4.22179552329628,1.36149069489473,1.76401975867331
2.02789854322143,3.11980331339625,-6.44512857496768,-4.20221487354852,-3.64229479858214,-3.07517351516834,4.23988689954924,3.81332733903534,0.384794082904658
-1.59509676490175,-3.86877902233133,0.173945007713432,-3.11804055568258,0.549094865475637,-2.48088283430293,-0.00445384247362787,3.9072945296425,-0.928643684497669
2.27036357557514,-6.87700793463701,-0.467933325946727,-2.22382136779555,-2.63797474463855,-2.07162834110408,0.195702930511871,1.33999817828264,-2.77508865389835
-3.14314521111641,2.72465636374061,-1.35671758624152,-1.65266853799297,-2.36591473100391,-4.15159001240307,2.2202484314007,1.54853333548253,1.19876397954989
-3.40990676639497,-0.358373931932666,-0.158617933937339,-0.762808122188964,0.410313028863666,0.254806927166063,0.411557291677667,1.54268801912808,-0.0069625978615433
-3.10944622273988,-0.150265962039728,0.305515386292271,-0.492699460404206,-3.60100297799122,1.6540589429757,1.18294870326877,0.233106181082355,2.71122799707014
-4.0451872080224,0.00516197001371283,0.183611611107512,-0.551426811943571,0.76100632733206,1.94790777517653,0.028055709724892,1.570033898546,-0.775229188476076
-1.99402601300649,-1.46249785062794,-2.70467686826031,-1.38665005225017,0.0673915619129912,1.53140434986737,0.814666533364819,1.46737787153872,1.32399175874726
4.29639727612831,2.55357683629285,-0.98551334937135,0.41898996216573,-3.30819097220475,-3.4500177785702,0.97911689931821,2.54197444118446,2.45834660311618
1.94788887301073,-3.0897947931866,-1.6101478488731,-2.63912343815982,-2.12900461240483,-1.37989696471333,2.17363191835851,4.04606610148658,3.02906666054811
11.4699906774293,3.86816502994072,0.442945452304901,1.72226319571489,-1.57446590073967,-0.759306444991153,3.47520104447578,4.52554564762274,2.770687396209
-1.31115343981807,-2.03506856214556,-1.96363130794827,-5.92665544310226,3.39667962991428,-5.02565226790512,-0.470075679011651,2.64959500486726,3.28284676395729
4.29160262392458,1.86740891251202,-3.85377239373246,-3.4550448561898,-1.13410360154243,-4.6523659164634,0.602040769161824,-1.86368878213474,1.74740354776421
11.9334087168709,4.16187665447929,0.194056017042422,1.84065708558531,-0.0313261362603001,-0.41007094144352,3.7775475938727,3.55909316548602,0.761267808860802
1.72997024399469,-8.67680152730753,2.89987402902693,0.33566358978759,-2.50329117507393,-4.27137690957251,-0.710326123505235,0.273722852608235,1.65968947269318
-0.467653324261054,0.839794082065789,-5.3410245782604,-1.37517480510403,-0.233170576915128,-2.45878318678224,0.229397521296621,-0.615774085035548,1.30371500181472
-1.30569322082839,1.54008935856905,-4.20898602937851,-0.247245278458501,1.51703027899432,-3.10489886105817,-0.406052876267285,2.05849135269791,0.397795627070866
-1.4118524442152,-7.50610066959397,3.49011166465342,0.887112183056742,-2.99150177021175,-0.0746025962107192,-3.78526443364255,1.47644292661604,-3.30675978125572
-1.55279550860213,0.915055720257324,-4.64641327633631,0.447739928671022,-0.949416461015946,-2.1606973018007,2.45009959221591,1.22730608831158,0.280382922595411
-2.75110431113523,0.557998086735277,-4.40100482353644,-0.579612284757003,0.742276719942554,-4.16004289578686,1.02346140041029,3.37943278490423,-0.929690623603517
-2.88569229444011,-0.19093321862551,-1.03349075620058,-0.0242964201952949,1.49132187452192,2.0031710483498,4.03629131292605,0.668364593720278,-1.69032563533323
-4.87105674601863,1.58754895602186,-1.17556095610579,0.958879190820296,3.03647112141376,-3.03197160426811,1.71437020863336,-1.73493483741227,0.499674776650023
10.2187724451262,4.18103322285531,5.42928886539353,2.92179437024552,-2.19447396260859,1.21020034205287,-4.46911483826907,-1.04134783678788,-1.43100889728734
1.49903685683119,5.66062022436085,-4.81836971733437,-1.53595424070725,-2.58930151413801,0.170934752621043,1.5397238501871,-2.92636594607002,1.24245645951134
-1.18352930306161,-1.10212990897105,-4.29146089547751,-1.91362117141705,-2.97721968940054,-3.02491967183539,1.30545517605556,0.278267149293426,2.70426959694963
-2.77295261987244,0.288388893503531,0.676451057283487,1.61325189064361,-0.387057772059598,-4.27891752110409,0.114116916280025,4.45650528131939,0.27780969373121
-2.2299903859283,-4.00033020110138,2.19092691214359,3.13772929754096,-3.03510072358185,-4.7064729206754,-1.89690138242504,1.7954652093411,1.8227926290676
-1.40573970952685,-0.51280989855622,-4.09896913158066,-0.37322675156639,-0.351053693991385,-0.466539862964127,0.277415872838921,1.05208822763416,0.681968863540598
